,Player,Role,Price,Team,Year,Origin,Retained
0,Ravindra Jadeja,All-Rounder,16.0,CSK,2022,Indian,Yes
1,Deepak Chahar,Bowler,14.0,CSK,2022,Indian,No
2,MS Dhoni,Wicket-Keeper,12.0,CSK,2022,Indian,Yes
3,Moeen Ali,All-Rounder,8.0,CSK,2022,Overseas,Yes
4,Ambati Rayudu,Wicket-Keeper,6.75,CSK,2022,Indian,No
5,Ruturaj Gaikwad,Batsman,6.0,CSK,2022,Indian,Yes
6,Dwayne Bravo,All-Rounder,4.4,CSK,2022,Overseas,No
7,Shivam Dube,All-Rounder,4.0,CSK,2022,Indian,No
8,Chris Jordan,All-Rounder,3.6,CSK,2022,Overseas,No
9,Robin Uthappa,Batsman,2.0,CSK,2022,Indian,No
10,Mitchell Santner,All-Rounder,1.9,CSK,2022,Overseas,No
11,Adam Milne,Bowler,1.9,CSK,2022,Overseas,No
12,Rajvardhan Hangargekar,All-Rounder,1.5,CSK,2022,Indian,No
13,Prashant Solanki,Bowler,1.2,CSK,2022,Indian,No
14,Devon Conway,Batsman,1.0,CSK,2022,Overseas,No
15,Maheesh Theekshana,Bowler,0.7,CSK,2022,Overseas,No
16,Dwaine Pretorius,All-Rounder,0.5,CSK,2022,Overseas,No
17,Narayan Jagadeesan,Wicket-Keeper,0.2,CSK,2022,Indian,No
18,KM Asif,Bowler,0.2,CSK,2022,Indian,No
19,Tushar Deshpande,Bowler,0.2,CSK,2022,Indian,No
20,Subhranshu Senapati,Batsman,0.2,CSK,2022,Indian,No
21,Bhagath Varma,All-Rounder,0.2,CSK,2022,Indian,No
22,Simarjeet Singh,Bowler,0.2,CSK,2022,Indian,No
23,Hari Nishaanth,Batsman,0.2,CSK,2022,Indian,No
24,Mukesh Choudhary,Bowler,0.2,CSK,2022,Indian,No
25,Rishabh Pant,Wicket-Keeper,16.0,DC,2022,Indian,Yes
26,Shardul Thakur,Bowler,10.75,DC,2022,Indian,No
27,Axar Patel,All-Rounder,9.0,DC,2022,Indian,Yes
28,Prithvi Shaw,Batsman,7.5,DC,2022,Indian,Yes
29,Mitchell Marsh,All-Rounder,6.5,DC,2022,Overseas,No
30,Anrich Nortje,Bowler,6.5,DC,2022,Overseas,Yes
31,David Warner,Batsman,6.25,DC,2022,Overseas,No
32,Khaleel Ahmed,Bowler,5.25,DC,2022,Indian,No
33,Chetan Sakariya,Bowler,4.2,DC,2022,Indian,No
34,Rovman Powell,Batsman,2.8,DC,2022,Overseas,No
35,Kuldeep Yadav,Bowler,2.0,DC,2022,Indian,No
36,Srikar Bharat,Wicket-Keeper,2.0,DC,2022,Indian,No
37,Mustafizur Rahman,Bowler,2.0,DC,2022,Overseas,No
38,Kamlesh Nagarkoti,All-Rounder,1.1,DC,2022,Indian,No
39,Mandeep Singh,Batsman,1.1,DC,2022,Indian,No
40,Lalit Yadav,All-Rounder,0.65,DC,2022,Indian,No
41,Yash Dhull,All-Rounder,0.5,DC,2022,Indian,No
42,Lungi Ngidi,Bowler,0.5,DC,2022,Overseas,No
43,Tim Seifert,Wicket-Keeper,0.5,DC,2022,Overseas,No
44,Pravin Dubey,All-Rounder,0.5,DC,2022,Indian,No
45,Ashwin Hebbar,Batsman,0.2,DC,2022,Indian,No
46,Ripal Patel,All-Rounder,0.2,DC,2022,Indian,No
47,Vicky Ostwal,All-Rounder,0.2,DC,2022,Indian,No
48,Sarfaraz Khan,All-Rounder,0.2,DC,2022,Indian,No
49,Rohit Sharma,Batsman,16.0,MI,2022,Indian,Yes
50,Ishan Kishan,Wicket-Keeper,15.25,MI,2022,Indian,No
51,Jasprit Bumrah,Bowler,12.0,MI,2022,Indian,Yes
52,Tim David,All-Rounder,8.25,MI,2022,Overseas,No
53,Jofra Archer,All-Rounder,8.0,MI,2022,Overseas,No
54,Suryakumar Yadav,Batsman,8.0,MI,2022,Indian,Yes
55,Kieron Pollard,All-Rounder,6.0,MI,2022,Overseas,Yes
56,Dewald Brevis,Batsman,3.0,MI,2022,Overseas,No
57,Daniel Sams,All-Rounder,2.6,MI,2022,Overseas,No
58,Tilak Varma,All-Rounder,1.7,MI,2022,Indian,No
59,Murugan Ashwin,Bowler,1.6,MI,2022,Indian,No
60,Tymal Mills,Bowler,1.5,MI,2022,Overseas,No
61,Jaydev Unadkat,Bowler,1.3,MI,2022,Indian,No
62,Riley Meredith,Bowler,1.0,MI,2022,Overseas,No
63,Fabian Allen,All-Rounder,0.75,MI,2022,Overseas,No
64,Mayank Markande,Bowler,0.65,MI,2022,Indian,No
65,Sanjay Yadav,All-Rounder,0.5,MI,2022,Indian,No
66,Basil Thampi,Bowler,0.3,MI,2022,Indian,No
67,Arjun Tendulkar,All-Rounder,0.3,MI,2022,Indian,No
68,Ramandeep Singh,All-Rounder,0.2,MI,2022,Indian,No
69,Anmolpreet Singh,Batsman,0.2,MI,2022,Indian,No
70,Aryan Juyal,Wicket-Keeper,0.2,MI,2022,Indian,No
71,Arshad Khan,All-Rounder,0.2,MI,2022,Indian,No
72,Rahul Buddhi,Batsman,0.2,MI,2022,Indian,No
73,Hrithik Shokeen,All-Rounder,0.2,MI,2022,Indian,No
74,KL Rahul,Wicket-keeper,17.0,LSG,2022,Indian,Yes
75,Avesh Khan,Bowler,10.0,LSG,2022,Indian,No
76,Marcus Stoinis,All-Rounder,9.2,LSG,2022,Overseas,Yes
77,Jason Holder,All-Rounder,8.75,LSG,2022,Overseas,No
78,Krunal Pandya,All-Rounder,8.25,LSG,2022,Indian,No
79,Mark Wood,Bowler,7.5,LSG,2022,Overseas,No
80,Quinton de Kock,Wicket-Keeper,6.75,LSG,2022,Overseas,No
81,Deepak Hooda,All-Rounder,5.75,LSG,2022,Indian,No
82,Manish Pandey,Batsman,4.6,LSG,2022,Indian,No
83,Ravi Bishnoi,Bowler,4.0,LSG,2022,Indian,Yes
84,Evin Lewis,Batsman,2.0,LSG,2022,Overseas,No
85,Dushmantha Chameera,Bowler,2.0,LSG,2022,Overseas,No
86,Krishnappa Gowtham,All-Rounder,0.9,LSG,2022,Indian,No
87,Kyle Mayers,All-Rounder,0.5,LSG,2022,Overseas,No
88,Shahbaz Nadeem,Bowler,0.5,LSG,2022,Indian,No
89,Ankit Rajpoot,Bowler,0.5,LSG,2022,Indian,No
90,Mohsin Khan,Bowler,0.2,LSG,2022,Indian,No
91,Ayush Badoni,All-Rounder,0.2,LSG,2022,Indian,No
92,Karan Sharma,All-Rounder,0.2,LSG,2022,Indian,No
93,Mayank Yadav,Bowler,0.2,LSG,2022,Indian,No
94,Manan Vohra,Batsman,0.2,LSG,2022,Indian,No
95,Rashid Khan,Bowler,15.0,GT,2022,Overseas,Yes
96,Hardik Pandya,All-Rounder,15.0,GT,2022,Indian,Yes
97,Lockie Ferguson,Bowler,10.0,GT,2022,Overseas,No
98,Rahul Tewatia,All-Rounder,9.0,GT,2022,Indian,No
99,Shubman Gill,Batsman,8.0,GT,2022,Indian,Yes
100,Mohammed Shami,Bowler,6.25,GT,2022,Indian,No
101,Yash Dayal,Bowler,3.2,GT,2022,Indian,No
102,Ravisrinivasan Sai Kishore,Bowler,3.0,GT,2022,Indian,No
103,David Miller,Batsman,3.0,GT,2022,Overseas,No
104,Abhinav Manohar,Batsman,2.6,GT,2022,Indian,No
105,Alzarri Joseph,Bowler,2.4,GT,2022,Overseas,No
106,Matthew Wade,Wicket-Keeper,2.4,GT,2022,Overseas,No
107,Jason Roy,Batsman,2.0,GT,2022,Overseas,No
108,Wriddhiman Saha,Wicket-Keeper,1.9,GT,2022,Indian,No
109,Jayant Yadav,All-Rounder,1.7,GT,2022,Indian,No
110,Vijay Shankar,All-Rounder,1.4,GT,2022,Indian,No
111,Dominic Drakes,All-Rounder,1.1,GT,2022,Overseas,No
112,Varun Aaron,Bowler,0.5,GT,2022,Indian,No
113,Gurkeerat Singh Mann,All-Rounder,0.5,GT,2022,Indian,No
114,Noor Ahmad,Bowler,0.3,GT,2022,Overseas,No
115,Darshan Nalkande,All-Rounder,0.2,GT,2022,Indian,No
116,Sai Sudharsan,All-Rounder,0.2,GT,2022,Indian,No
117,Pradeep Sangwan,All-Rounder,0.2,GT,2022,Indian,No
118,Shreyas Iyer,Batsman,12.25,KKR,2022,Indian,No
119,Andre Russell,All-Rounder,12.0,KKR,2022,Overseas,Yes
120,Nitish Rana,All-Rounder,8.0,KKR,2022,Indian,No
121,Varun Chakravarthy,Bowler,8.0,KKR,2022,Indian,Yes
122,Venkatesh Iyer,All-Rounder,8.0,KKR,2022,Indian,Yes
123,Shivam Mavi,All-Rounder,7.25,KKR,2022,Indian,No
124,Pat Cummins,All-Rounder,7.25,KKR,2022,Overseas,No
125,Sunil Narine,All-Rounder,6.0,KKR,2022,Overseas,Yes
126,Umesh Yadav,Bowler,2.0,KKR,2022,Indian,No
127,Sam Billings,Wicket-Keeper,2.0,KKR,2022,Overseas,No
128,Tim Southee,Bowler,1.5,KKR,2022,Overseas,No
129,Alex Hales,Batsman,1.5,KKR,2022,Overseas,No
130,Mohammad Nabi,All-Rounder,1.0,KKR,2022,Overseas,No
131,Ajinkya Rahane,Batsman,1.0,KKR,2022,Indian,No
132,Sheldon Jackson,Wicket-Keeper,0.6,KKR,2022,Indian,No
133,Rinku Singh,Batsman,0.55,KKR,2022,Indian,No
134,Ashok Sharma,Bowler,0.55,KKR,2022,Indian,No
135,Chamika Karunaratne,All-Rounder,0.5,KKR,2022,Overseas,No
136,Abhijeet Tomar,Batsman,0.4,KKR,2022,Indian,No
137,Anukul Roy,All-Rounder,0.2,KKR,2022,Indian,No
138,Pratham Singh,Batsman,0.2,KKR,2022,Indian,No
139,Rasikh Dar,Bowler,0.2,KKR,2022,Indian,No
140,Ramesh Kumar,Batsman,0.2,KKR,2022,Indian,No
141,Aman Khan,All-Rounder,0.2,KKR,2022,Indian,No
142,Baba Indrajith,Wicket-Keeper,0.2,KKR,2022,Indian,No
143,Mayank Agarwal,Batsman,12.0,PBKS,2022,Indian,Yes
144,Liam Livingstone,All-Rounder,11.5,PBKS,2022,Overseas,No
145,Kagiso Rabada,Bowler,9.25,PBKS,2022,Overseas,No
146,Shahrukh Khan,All-Rounder,9.0,PBKS,2022,Indian,No
147,Shikhar Dhawan,Batsman,8.25,PBKS,2022,Indian,No
148,Jonny Bairstow,Wicket-Keeper,6.75,PBKS,2022,Overseas,No
149,Odean Smith,All-Rounder,6.0,PBKS,2022,Overseas,No
150,Rahul Chahar,Bowler,5.25,PBKS,2022,Indian,No
151,Arshdeep Singh,Bowler,4.0,PBKS,2022,Indian,Yes
152,Harpreet Brar,All-Rounder,3.8,PBKS,2022,Indian,No
153,Vaibhav Arora,Bowler,2.0,PBKS,2022,Indian,No
154,Raj Bawa,All-Rounder,2.0,PBKS,2022,Indian,No
155,Nathan Ellis,Bowler,0.75,PBKS,2022,Overseas,No
156,Prabhsimran Singh,Wicket-Keeper,0.6,PBKS,2022,Indian,No
157,Rishi Dhawan,All-Rounder,0.55,PBKS,2022,Indian,No
158,Bhanuka Rajapaksa,Batsman,0.5,PBKS,2022,Overseas,No
159,Sandeep Sharma,Bowler,0.5,PBKS,2022,Indian,No
160,Benny Howell,All-Rounder,0.4,PBKS,2022,Overseas,No
161,Ishan Porel,Bowler,0.25,PBKS,2022,Indian,No
162,Prerak Mankad,All-Rounder,0.2,PBKS,2022,Indian,No
163,Atharva Taide,All-Rounder,0.2,PBKS,2022,Indian,No
164,Ansh Patel,All-Rounder,0.2,PBKS,2022,Indian,No
165,Jitesh Sharma,Wicket-Keeper,0.2,PBKS,2022,Indian,No
166,Writtick Chatterjee,All-Rounder,0.2,PBKS,2022,Indian,No
167,Baltej Singh,Bowler,0.2,PBKS,2022,Indian,No
168,Sanju Samson,Wicket-Keeper,14.0,RR,2022,Indian,Yes
169,Prasidh Krishna,Bowler,10.0,RR,2022,Indian,No
170,Jos Buttler,Wicket-Keeper,10.0,RR,2022,Overseas,Yes
171,Shimron Hetmyer,Batsman,8.5,RR,2022,Overseas,No
172,Trent Boult,Bowler,8.0,RR,2022,Overseas,No
173,Devdutt Padikkal,Batsman,7.75,RR,2022,Indian,No
174,Yuzvendra Chahal,Bowler,6.5,RR,2022,Indian,No
175,Ravichandran Ashwin,All-Rounder,5.0,RR,2022,Indian,No
176,Yashasvi Jaiswal,Batsman,4.0,RR,2022,Indian,Yes
177,Riyan Parag,All-Rounder,3.8,RR,2022,Indian,No
178,Navdeep Saini,Bowler,2.6,RR,2022,Indian,No
179,Nathan Coulter-Nile,Bowler,2.0,RR,2022,Overseas,No
180,James Neesham,All-Rounder,1.5,RR,2022,Overseas,No
181,Karun Nair,Batsman,1.4,RR,2022,Indian,No
182,Rassie van der Dussen,Batsman,1.0,RR,2022,Overseas,No
183,Obed McCoy,Bowler,0.75,RR,2022,Overseas,No
184,Daryl Mitchell,All-Rounder,0.75,RR,2022,Overseas,No
185,KC Cariappa,Bowler,0.3,RR,2022,Indian,No
186,Tejas Baroka,Bowler,0.2,RR,2022,Indian,No
187,Kuldip Yadav,Bowler,0.2,RR,2022,Indian,No
188,Dhruv Jurel,Wicket-Keeper,0.2,RR,2022,Indian,No
189,Kuldeep Sen,Bowler,0.2,RR,2022,Indian,No
190,Shubham Garhwal,All-Rounder,0.2,RR,2022,Indian,No
191,Anunay Singh,All-Rounder,0.2,RR,2022,Indian,No
192,Virat Kohli,Batsman,15.0,RCB,2022,Indian,Yes
193,Glenn Maxwell,All-Rounder,11.0,RCB,2022,Overseas,Yes
194,Harshal Patel,All-Rounder,10.75,RCB,2022,Indian,No
195,Wanindu Hasaranga,All-Rounder,10.75,RCB,2022,Overseas,No
196,Josh Hazlewood,Bowler,7.75,RCB,2022,Overseas,No
197,Faf du Plessis,Batsman,7.0,RCB,2022,Overseas,No
198,Mohammed Siraj,Bowler,7.0,RCB,2022,Indian,Yes
199,Dinesh Karthik,Wicket-Keeper,5.5,RCB,2022,Indian,No
200,Anuj Rawat,Wicket-Keeper,3.4,RCB,2022,Indian,No
201,Shahbaz Ahmed,All-Rounder,2.4,RCB,2022,Indian,No
202,David Willey,All-Rounder,2.0,RCB,2022,Overseas,No
203,Sherfane Rutherford,All-Rounder,1.0,RCB,2022,Overseas,No
204,Mahipal Lomror,All-Rounder,0.95,RCB,2022,Indian,No
205,Finn Allen,Batsman,0.8,RCB,2022,Overseas,No
206,Jason Behrendorff,Bowler,0.75,RCB,2022,Overseas,No
207,Siddarth Kaul,Bowler,0.75,RCB,2022,Indian,No
208,Karn Sharma,Bowler,0.5,RCB,2022,Indian,No
209,Suyash Prabhudessai,All-Rounder,0.3,RCB,2022,Indian,No
210,Chama Milind,Bowler,0.25,RCB,2022,Indian,No
211,Aneeshwar Gautam,All-Rounder,0.2,RCB,2022,Indian,No
212,Akash Deep,Bowler,0.2,RCB,2022,Indian,No
213,Luvnith Sisodia,Wicket-Keeper,0.2,RCB,2022,Indian,No
214,Kane Williamson,Batsman,14.0,SRH,2022,Overseas,Yes
215,Nicholas Pooran,Wicket-Keeper,10.75,SRH,2022,Overseas,No
216,Washington Sundar,All-Rounder,8.75,SRH,2022,Indian,No
217,Rahul Tripathi,Batsman,8.5,SRH,2022,Indian,No
218,Romario Shepherd,All-Rounder,7.75,SRH,2022,Overseas,No
219,Abhishek Sharma,All-Rounder,6.5,SRH,2022,Indian,No
220,Bhuvneshwar Kumar,Bowler,4.2,SRH,2022,Indian,No
221,Marco Jansen,All-Rounder,4.2,SRH,2022,Overseas,No
222,Umran Malik,Bowler,4.0,SRH,2022,Indian,Yes
223,Abdul Samad,Batsman,4.0,SRH,2022,Indian,Yes
224,T Natarajan,Bowler,4.0,SRH,2022,Indian,No
225,Kartik Tyagi,Bowler,4.0,SRH,2022,Indian,No
226,Aiden Markram,Batsman,2.6,SRH,2022,Overseas,No
227,Sean Abbott,Bowler,2.4,SRH,2022,Overseas,No
228,Glenn Phillips,Wicket-Keeper,1.5,SRH,2022,Overseas,No
229,Shreyas Gopal,Bowler,0.75,SRH,2022,Indian,No
230,Fazalhaq Farooqi,Bowler,0.5,SRH,2022,Overseas,No
231,Vishnu Vinod,Wicket-Keeper,0.5,SRH,2022,Indian,No
232,Priyam Garg,Batsman,0.2,SRH,2022,Indian,No
233,Saurabh Dubey,Bowler,0.2,SRH,2022,Indian,No
234,Jagadeesha Suchith,Bowler,0.2,SRH,2022,Indian,No
235,Shashank Singh,All-Rounder,0.2,SRH,2022,Indian,No
236,Ravikumar Samarth,Batsman,0.2,SRH,2022,Indian,No
237,Ben Stokes,All-Rounder,16.25,CSK,2023,Overseas,No
238,Ravindra Jadeja,All-Rounder,16.0,CSK,2023,Indian,Yes
239,Deepak Chahar,Bowler,14.0,CSK,2023,Indian,Yes
240,MS Dhoni,Wicket-Keeper,12.0,CSK,2023,Indian,Yes
241,Moeen Ali,All-Rounder,8.0,CSK,2023,Overseas,Yes
242,Ambati Rayudu,Batter,6.75,CSK,2023,Indian,Yes
243,Ruturaj Gaikwad,Batter,6.0,CSK,2023,Indian,Yes
244,Shivam Dube,All-Rounder,4.0,CSK,2023,Indian,Yes
245,Mitchell Santner,All-Rounder,1.9,CSK,2023,Overseas,Yes
246,Rajvardhan Hangargekar,Bowler,1.5,CSK,2023,Indian,Yes
247,Prashant Solanki,Bowler,1.2,CSK,2023,Indian,Yes
248,Kyle Jamieson,Bowler,1.0,CSK,2023,Overseas,No
249,Devon Conway,Batter,1.0,CSK,2023,Overseas,Yes
250,Maheesh Theekshana,Bowler,0.7,CSK,2023,Overseas,Yes
251,Nishant Sindhu,All-Rounder,0.6,CSK,2023,Indian,No
252,Ajinkya Rahane,Batter,0.5,CSK,2023,Indian,No
253,Dwaine Pretorius,All-Rounder,0.5,CSK,2023,Overseas,Yes
254,Matheesha Pathirana,Bowler,0.2,CSK,2023,Overseas,Yes
255,Mukesh Choudhary,Bowler,0.2,CSK,2023,Indian,Yes
256,Shaik Rasheed,Batter,0.2,CSK,2023,Indian,No
257,Simarjeet Singh,Bowler,0.2,CSK,2023,Indian,Yes
258,Subhranshu Senapati,Batter,0.2,CSK,2023,Indian,Yes
259,Bhagath Varma,All-Rounder,0.2,CSK,2023,Indian,No
260,Ajay Mandal,All-Rounder,0.2,CSK,2023,Indian,No
261,Tushar Deshpande,Bowler,0.2,CSK,2023,Indian,Yes
262,Rishabh Pant,Wicket-Keeper,16.0,DC,2023,Indian,Yes
263,Axar Patel,All-Rounder,12.0,DC,2023,Indian,Yes
264,Prithvi Shaw,Batter,8.0,DC,2023,Indian,Yes
265,Mitchell Marsh,All-Rounder,6.5,DC,2023,Overseas,Yes
266,Anrich Nortje,Bowler,6.5,DC,2023,Overseas,Yes
267,David Warner,Batter,6.25,DC,2023,Overseas,Yes
268,Mukesh Kumar,Bowler,5.5,DC,2023,Indian,No
269,Khaleel Ahmed,Bowler,5.25,DC,2023,Indian,Yes
270,Rilee Rossouw,Batter,4.6,DC,2023,Overseas,No
271,Chetan Sakariya,Bowler,4.2,DC,2023,Indian,Yes
272,Rovman Powell,Batter,2.8,DC,2023,Overseas,Yes
273,Manish Pandey,Batter,2.4,DC,2023,Indian,No
274,Mustafizur Rahman,Bowler,2.0,DC,2023,Overseas,Yes
275,Kuldeep Yadav,Bowler,2.0,DC,2023,Indian,Yes
276,Philip Salt,Wicket-Keeper,2.0,DC,2023,Overseas,No
277,Kamlesh Nagarkoti,Bowler,1.1,DC,2023,Indian,Yes
278,Lalit Yadav,All-Rounder,0.65,DC,2023,Indian,Yes
279,Ishant Sharma,Bowler,0.5,DC,2023,Indian,No
280,Lungi Ngidi,Bowler,0.5,DC,2023,Overseas,Yes
281,Pravin Dubey,Bowler,0.5,DC,2023,Indian,Yes
282,Yash Dhull,Batter,0.5,DC,2023,Indian,Yes
283,Ripal Patel,Batter,0.2,DC,2023,Indian,Yes
284,Aman Khan,All-Rounder,0.2,DC,2023,Indian,Yes
285,Vicky Ostwal,Bowler,0.2,DC,2023,Indian,Yes
286,Sarfaraz Khan,Batter,0.2,DC,2023,Indian,Yes
287,Cameron Green,All-Rounder,17.5,MI,2023,Overseas,No
288,Rohit Sharma,Batter,16.0,MI,2023,Indian,Yes
289,Ishan Kishan,Wicket-Keeper,15.25,MI,2023,Indian,Yes
290,Jasprit Bumrah,Bowler,12.0,MI,2023,Indian,Yes
291,Tim David,Batter,8.25,MI,2023,Overseas,Yes
292,Jofra Archer,Bowler,8.0,MI,2023,Overseas,Yes
293,Suryakumar Yadav,Batter,8.0,MI,2023,Indian,Yes
294,Dewald Brevis,All-Rounder,3.0,MI,2023,Overseas,Yes
295,Tilak Varma,Batter,1.7,MI,2023,Indian,Yes
296,Jhye Richardson,Bowler,1.5,MI,2023,Overseas,No
297,Jason Behrendorff,Bowler,0.75,MI,2023,Overseas,Yes
298,Piyush Chawla,Bowler,0.5,MI,2023,Indian,No
299,Arjun Tendulkar,Bowler,0.3,MI,2023,Indian,Yes
300,Kumar Kartikeya,Bowler,0.2,MI,2023,Indian,Yes
301,Duan Jansen,Bowler,0.2,MI,2023,Overseas,No
302,Arshad Khan,Bowler,0.2,MI,2023,Indian,Yes
303,Hrithik Shokeen,Bowler,0.2,MI,2023,Indian,Yes
304,Akash Madhwal,Bowler,0.2,MI,2023,Indian,Yes
305,Raghav Goyal,Bowler,0.2,MI,2023,Indian,No
306,Tristan Stubbs,Batter,0.2,MI,2023,Overseas,Yes
307,Nehal Wadhera,All-Rounder,0.2,MI,2023,Indian,No
308,Shams Mulani,All-Rounder,0.2,MI,2023,Indian,No
309,Ramandeep Singh,Batter,0.2,MI,2023,Indian,Yes
310,Vishnu Vinod,Wicket-Keeper,0.2,MI,2023,Indian,No
311,KL Rahul,Batter,17.0,LSG,2023,Indian,Yes
312,Nicholas Pooran,Wicket-Keeper,16.0,LSG,2023,Overseas,No
313,Avesh Khan,Bowler,10.0,LSG,2023,Indian,Yes
314,Marcus Stoinis,All-Rounder,10.0,LSG,2023,Overseas,Yes
315,Krunal Pandya,All-Rounder,8.25,LSG,2023,Indian,Yes
316,Mark Wood,Bowler,7.5,LSG,2023,Overseas,Yes
317,Quinton de Kock,Wicket-Keeper,6.75,LSG,2023,Overseas,Yes
318,Deepak Hooda,All-Rounder,5.75,LSG,2023,Indian,Yes
319,Ravi Bishnoi,Bowler,4.0,LSG,2023,Indian,Yes
320,Krishnappa Gowtham,All-Rounder,0.9,LSG,2023,Indian,Yes
321,Daniel Sams,All-Rounder,0.75,LSG,2023,Overseas,No
322,Amit Mishra,Bowler,0.5,LSG,2023,Indian,No
323,Jaydev Unadkat,Bowler,0.5,LSG,2023,Indian,No
324,Kyle Mayers,Batter,0.5,LSG,2023,Overseas,Yes
325,Naveen-ul-Haq,Bowler,0.5,LSG,2023,Overseas,No
326,Romario Shepherd,All-Rounder,0.5,LSG,2023,Overseas,No
327,Yash Thakur,Bowler,0.45,LSG,2023,Indian,No
328,Mohsin Khan,Bowler,0.2,LSG,2023,Indian,Yes
329,Ayush Badoni,Batter,0.2,LSG,2023,Indian,Yes
330,Karan Sharma,All-Rounder,0.2,LSG,2023,Indian,Yes
331,Yudhvir Singh,All-Rounder,0.2,LSG,2023,Indian,No
332,Mayank Yadav,Bowler,0.2,LSG,2023,Indian,Yes
333,Prerak Mankad,All-Rounder,0.2,LSG,2023,Indian,No
334,Swapnil Singh,All-Rounder,0.2,LSG,2023,Indian,No
335,Manan Vohra,Batter,0.2,LSG,2023,Indian,Yes
336,Hardik Pandya,All-Rounder,15.0,GT,2023,Indian,Yes
337,Rashid Khan,Bowler,15.0,GT,2023,Overseas,Yes
338,Rahul Tewatia,All-Rounder,9.0,GT,2023,Indian,Yes
339,Shubman Gill,Batter,8.0,GT,2023,Indian,Yes
340,Mohammad Shami,Bowler,6.25,GT,2023,Indian,Yes
341,Shivam Mavi,Bowler,6.0,GT,2023,Indian,No
342,Josh Little,Bowler,4.4,GT,2023,Overseas,No
343,Yash Dayal,Bowler,3.2,GT,2023,Indian,Yes
344,Sai Kishore,All-Rounder,3.0,GT,2023,Indian,Yes
345,David Miller,Batter,3.0,GT,2023,Overseas,Yes
346,Abhinav Manohar,Batter,2.6,GT,2023,Indian,Yes
347,Alzarri Joseph,Bowler,2.4,GT,2023,Overseas,Yes
348,Matthew Wade,Wicket-Keeper,2.4,GT,2023,Overseas,Yes
349,Kane Williamson,Batter,2.0,GT,2023,Overseas,No
350,Wriddhiman Saha,Wicket-Keeper,1.9,GT,2023,Indian,Yes
351,Jayant Yadav,Bowler,1.7,GT,2023,Indian,Yes
352,Vijay Shankar,All-Rounder,1.4,GT,2023,Indian,Yes
353,Srikar Bharat,Wicket-Keeper,1.2,GT,2023,Indian,No
354,Mohit Sharma,Bowler,0.5,GT,2023,Indian,No
355,Odean Smith,All-Rounder,0.5,GT,2023,Overseas,No
356,Noor Ahmad,Bowler,0.3,GT,2023,Overseas,Yes
357,Darshan Nalkande,Bowler,0.2,GT,2023,Indian,Yes
358,Urvil Patel,Wicket-Keeper,0.2,GT,2023,Indian,No
359,Sai Sudharsan,Batter,0.2,GT,2023,Indian,Yes
360,Pradeep Sangwan,Bowler,0.2,GT,2023,Indian,Yes
361,Andre Russell,All-Rounder,16.0,KKR,2023,Overseas,Yes
362,Shreyas Iyer,Batter,12.25,KKR,2023,Indian,Yes
363,Varun Chakaravarthy,Bowler,12.0,KKR,2023,Indian,Yes
364,Shardul Thakur,Bowler,10.75,KKR,2023,Indian,Yes
365,Lockie Ferguson,Bowler,10.0,KKR,2023,Overseas,Yes
366,Venkatesh Iyer,All-Rounder,8.0,KKR,2023,Indian,Yes
367,Nitish Rana,Batter,8.0,KKR,2023,Indian,Yes
368,Sunil Narine,All-Rounder,6.0,KKR,2023,Overseas,Yes
369,Umesh Yadav,Bowler,2.0,KKR,2023,Indian,Yes
370,Shakib Al Hasan,All-Rounder,1.5,KKR,2023,Overseas,No
371,Tim Southee,Bowler,1.5,KKR,2023,Overseas,Yes
372,David Wiese,All-Rounder,1.0,KKR,2023,Overseas,No
373,Narayan Jagadeesan,Wicket-Keeper,0.9,KKR,2023,Indian,No
374,Vaibhav Arora,Bowler,0.6,KKR,2023,Indian,No
375,Rinku Singh,Batter,0.55,KKR,2023,Indian,Yes
376,Mandeep Singh,Batter,0.5,KKR,2023,Indian,No
377,Litton Das,Wicket-Keeper,0.5,KKR,2023,Overseas,No
378,Rahmanullah Gurbaz,Wicket-Keeper,0.5,KKR,2023,Overseas,Yes
379,Suyash Sharma,Bowler,0.2,KKR,2023,Indian,No
380,Harshit Rana,Bowler,0.2,KKR,2023,Indian,Yes
381,Anukul Roy,All-Rounder,0.2,KKR,2023,Indian,Yes
382,Kulwant Khejroliya,Bowler,0.2,KKR,2023,Indian,No
383,Sam Curran,All-Rounder,18.5,PBKS,2023,Overseas,No
384,Liam Livingstone,All-Rounder,11.5,PBKS,2023,Overseas,Yes
385,Kagiso Rabada,Bowler,9.25,PBKS,2023,Overseas,Yes
386,Shahrukh Khan,Batter,9.0,PBKS,2023,Indian,Yes
387,Shikhar Dhawan,Batter,8.25,PBKS,2023,Indian,Yes
388,Jonny Bairstow,Wicket-Keeper,6.75,PBKS,2023,Overseas,Yes
389,Rahul Chahar,Bowler,5.25,PBKS,2023,Indian,Yes
390,Arshdeep Singh,Bowler,4.0,PBKS,2023,Indian,Yes
391,Harpreet Brar,Bowler,3.8,PBKS,2023,Indian,Yes
392,Raj Bawa,All-Rounder,2.0,PBKS,2023,Indian,Yes
393,Nathan Ellis,Bowler,0.75,PBKS,2023,Overseas,Yes
394,Prabhsimran Singh,Wicket-Keeper,0.6,PBKS,2023,Indian,Yes
395,Rishi Dhawan,All-Rounder,0.55,PBKS,2023,Indian,Yes
396,Sikandar Raza,All-Rounder,0.5,PBKS,2023,Overseas,No
397,Bhanuka Rajapaksa,Batter,0.5,PBKS,2023,Overseas,Yes
398,Harpreet Singh Bhatia,Batter,0.4,PBKS,2023,Indian,No
399,Atharva Taide,Batter,0.2,PBKS,2023,Indian,Yes
400,Mohit Rathee,All-Rounder,0.2,PBKS,2023,Indian,No
401,Shivam Singh,All-Rounder,0.2,PBKS,2023,Indian,No
402,Vidhwath Kaverappa,Bowler,0.2,PBKS,2023,Indian,No
403,Jitesh Sharma,Wicket-Keeper,0.2,PBKS,2023,Indian,Yes
404,Baltej Singh,Bowler,0.2,PBKS,2023,Indian,Yes
405,Sanju Samson,Wicket-Keeper,14.0,RR,2023,Indian,Yes
406,Prasidh Krishna,Bowler,10.0,RR,2023,Indian,Yes
407,Jos Buttler,Wicket-Keeper,10.0,RR,2023,Overseas,Yes
408,Shimron Hetmyer,Batter,8.5,RR,2023,Overseas,Yes
409,Trent Boult,Bowler,8.0,RR,2023,Overseas,Yes
410,Devdutt Padikkal,Batter,7.75,RR,2023,Indian,Yes
411,Yuzvendra Chahal,Bowler,6.5,RR,2023,Indian,Yes
412,Jason Holder,All-Rounder,5.75,RR,2023,Overseas,No
413,Ravichandran Ashwin,All-Rounder,5.0,RR,2023,Indian,Yes
414,Yashasvi Jaiswal,Batter,4.0,RR,2023,Indian,Yes
415,Riyan Parag,Batter,3.8,RR,2023,Indian,Yes
416,Navdeep Saini,Bowler,2.6,RR,2023,Indian,Yes
417,Adam Zampa,Bowler,1.5,RR,2023,Overseas,No
418,Joe Root,Batter,1.0,RR,2023,Overseas,No
419,Obed McCoy,Bowler,0.75,RR,2023,Overseas,Yes
420,D Ferreira,Wicket-Keeper,0.5,RR,2023,Overseas,No
421,KM Asif,Bowler,0.3,RR,2023,Indian,No
422,KC Cariappa,Bowler,0.3,RR,2023,Indian,Yes
423,Kuldeep Sen,Bowler,0.2,RR,2023,Indian,Yes
424,Dhruv Jurel,Wicket-Keeper,0.2,RR,2023,Indian,Yes
425,Kunal Singh Rathore,Wicket-Keeper,0.2,RR,2023,Indian,No
426,Abdul Basith,All-Rounder,0.2,RR,2023,Indian,No
427,Akash Vasisht,All-Rounder,0.2,RR,2023,Indian,No
428,Murugan Ashwin,Bowler,0.2,RR,2023,Indian,No
429,Kuldip Yadav,Bowler,0.2,RR,2023,Indian,Yes
430,Virat Kohli,Batter,15.0,RCB,2023,Indian,Yes
431,Glenn Maxwell,All-Rounder,11.0,RCB,2023,Overseas,Yes
432,Harshal Patel,Bowler,10.75,RCB,2023,Indian,Yes
433,Wanindu Hasaranga,All-Rounder,10.75,RCB,2023,Overseas,Yes
434,Josh Hazlewood,Bowler,7.75,RCB,2023,Overseas,Yes
435,Faf du Plessis,Batter,7.0,RCB,2023,Overseas,Yes
436,Mohammed Siraj,Bowler,7.0,RCB,2023,Indian,Yes
437,Dinesh Karthik,Wicket-Keeper,5.5,RCB,2023,Indian,Yes
438,Anuj Rawat,Wicket-Keeper,3.4,RCB,2023,Indian,Yes
439,Will Jacks,Batter,3.2,RCB,2023,Overseas,No
440,Shahbaz Ahmed,All-Rounder,2.4,RCB,2023,Indian,Yes
441,David Willey,Bowler,2.0,RCB,2023,Overseas,Yes
442,Reece Topley,Bowler,1.9,RCB,2023,Overseas,No
443,Mahipal Lomror,All-Rounder,0.95,RCB,2023,Indian,Yes
444,Finn Allen,Batter,0.8,RCB,2023,Overseas,Yes
445,Siddarth Kaul,Bowler,0.75,RCB,2023,Indian,Yes
446,Rajan Kumar,Bowler,0.7,RCB,2023,Indian,No
447,Avinash Singh,Bowler,0.6,RCB,2023,Indian,No
448,Karn Sharma,Bowler,0.5,RCB,2023,Indian,Yes
449,Suyash Prabhudessai,Batter,0.3,RCB,2023,Indian,Yes
450,Sonu Yadav,All-Rounder,0.2,RCB,2023,Indian,No
451,Manoj Bhandage,All-Rounder,0.2,RCB,2023,Indian,No
452,Akash Deep,Bowler,0.2,RCB,2023,Indian,Yes
453,Himanshu Sharma,Bowler,0.2,RCB,2023,Indian,No
454,Rajat Patidar,Batter,0.2,RCB,2023,Indian,Yes
455,Harry Brook,Batter,13.25,SRH,2023,Overseas,No
456,Washington Sundar,All-Rounder,8.75,SRH,2023,Indian,Yes
457,Rahul Tripathi,Batter,8.5,SRH,2023,Indian,Yes
458,Mayank Agarwal,Batter,8.25,SRH,2023,Indian,No
459,Abhishek Sharma,All-Rounder,6.5,SRH,2023,Indian,Yes
460,Heinrich Klaasen,Wicket-Keeper,5.25,SRH,2023,Overseas,No
461,Bhuvneshwar Kumar,Bowler,4.2,SRH,2023,Indian,Yes
462,Marco Jansen,Bowler,4.2,SRH,2023,Overseas,Yes
463,Abdul Samad,Batter,4.0,SRH,2023,Indian,Yes
464,Umran Malik,Bowler,4.0,SRH,2023,Indian,Yes
465,T Natarajan,Bowler,4.0,SRH,2023,Indian,Yes
466,Kartik Tyagi,Bowler,4.0,SRH,2023,Indian,Yes
467,Aiden Markram,Batter,2.6,SRH,2023,Overseas,Yes
468,Vivrant Sharma,All-Rounder,2.6,SRH,2023,Indian,No
469,Adil Rashid,Bowler,2.0,SRH,2023,Overseas,No
470,Mayank Dagar,All-Rounder,1.8,SRH,2023,Indian,No
471,Glenn Phillips,Wicket-Keeper,1.5,SRH,2023,Overseas,Yes
472,Akeal Hosein,Bowler,1.0,SRH,2023,Overseas,No
473,Mayank Markande,Bowler,0.5,SRH,2023,Indian,No
474,Fazalhaq Farooqi,Bowler,0.5,SRH,2023,Overseas,Yes
475,Upendra Yadav,Wicket-Keeper,0.25,SRH,2023,Indian,No
476,Sanvir Singh,All-Rounder,0.2,SRH,2023,Indian,No
477,Samarth Vyas,All-Rounder,0.2,SRH,2023,Indian,No
478,Nitish Kumar Reddy,Wicket-Keeper,0.2,SRH,2023,Indian,No
479,Anmolpreet Singh,Batter,0.2,SRH,2023,Indian,No
480,Ravindra Jadeja,All-Rounder,16.0,CSK,2024,Indian,Yes
481,Daryl Mitchell,All-Rounder,14.0,CSK,2024,Overseas,No
482,Deepak Chahar,Bowler,14.0,CSK,2024,Indian,Yes
483,MS Dhoni,Wicket-Keeper,12.0,CSK,2024,Indian,Yes
484,Sameer Rizvi,Batter,8.4,CSK,2024,Indian,No
485,Ruturaj Gaikwad,Batter,8.0,CSK,2024,Indian,Yes
486,Moeen Ali,All-Rounder,6.0,CSK,2024,Overseas,Yes
487,Shivam Dube,All-Rounder,4.0,CSK,2024,Indian,Yes
488,Shardul Thakur,All-Rounder,4.0,CSK,2024,Indian,No
489,Mustafizur Rahman,Bowler,2.0,CSK,2024,Overseas,No
490,Mitchell Santner,All-Rounder,1.9,CSK,2024,Overseas,Yes
491,Rachin Ravindra,All-Rounder,1.8,CSK,2024,Overseas,No
492,Rajvardhan Hangargekar,Bowler,1.5,CSK,2024,Indian,Yes
493,Prashant Solanki,Bowler,1.2,CSK,2024,Indian,Yes
494,Devon Conway,Wicket-Keeper,1.0,CSK,2024,Overseas,Yes
495,Maheesh Theekshana,Bowler,0.7,CSK,2024,Overseas,Yes
496,Nishant Sindhu,All-Rounder,0.6,CSK,2024,Indian,Yes
497,Ajinkya Rahane,Batter,0.5,CSK,2024,Indian,Yes
498,Matheesha Pathirana,Bowler,0.2,CSK,2024,Overseas,Yes
499,Shaik Rasheed,Batter,0.2,CSK,2024,Indian,Yes
500,Ajay Mandal,All-Rounder,0.2,CSK,2024,Indian,Yes
501,Simarjeet Singh,Bowler,0.2,CSK,2024,Indian,Yes
502,Mukesh Choudhary,Bowler,0.2,CSK,2024,Indian,Yes
503,Tushar Deshpande,Bowler,0.2,CSK,2024,Indian,Yes
504,Aravelly Rao,Wicket-Keeper,0.2,CSK,2024,Indian,No
505,Rishabh Pant,Wicket-Keeper,16.0,DC,2024,Indian,Yes
506,Axar Patel,All-Rounder,12.0,DC,2024,Indian,Yes
507,Prithvi Shaw,Batter,8.0,DC,2024,Indian,Yes
508,Kumar Kushagra,Wicket-Keeper,7.2,DC,2024,Indian,No
509,Mitchell Marsh,All-Rounder,6.5,DC,2024,Overseas,Yes
510,Anrich Nortje,Bowler,6.5,DC,2024,Overseas,Yes
511,David Warner,Batter,6.25,DC,2024,Overseas,Yes
512,Mukesh Kumar,Bowler,5.5,DC,2024,Indian,Yes
513,Khaleel Ahmed,Bowler,5.25,DC,2024,Indian,Yes
514,Jhye Richardson,Bowler,5.0,DC,2024,Overseas,No
515,Harry Brook,Batter,4.0,DC,2024,Overseas,No
516,Kuldeep Yadav,Bowler,2.0,DC,2024,Indian,Yes
517,Sumit Kumar,All-Rounder,1.0,DC,2024,Indian,No
518,Shai Hope,Wicket-Keeper,0.75,DC,2024,Overseas,No
519,Lalit Yadav,All-Rounder,0.65,DC,2024,Indian,Yes
520,Ishant Sharma,Bowler,0.5,DC,2024,Indian,Yes
521,Lungi Ngidi,Bowler,0.5,DC,2024,Overseas,Yes
522,Pravin Dubey,Bowler,0.5,DC,2024,Indian,Yes
523,Yash Dhull,Batter,0.5,DC,2024,Indian,Yes
524,Tristan Stubbs,Wicket-Keeper,0.5,DC,2024,Overseas,No
525,Rasikh Dar,Bowler,0.2,DC,2024,Indian,No
526,Abishek Porel,Wicket-Keeper,0.2,DC,2024,Indian,Yes
527,Vicky Ostwal,Bowler,0.2,DC,2024,Indian,Yes
528,Ricky Bhui,Wicket-Keeper,0.2,DC,2024,Indian,No
529,Swastik Chikara,Batter,0.2,DC,2024,Indian,No
530,Rohit Sharma,Batter,16.0,MI,2024,Indian,Yes
531,Ishan Kishan,Wicket-Keeper,15.25,MI,2024,Indian,Yes
532,Hardik Pandya,All-Rounder,15.0,MI,2024,Indian,No
533,Jasprit Bumrah,Bowler,12.0,MI,2024,Indian,Yes
534,Tim David,Batter,8.25,MI,2024,Overseas,Yes
535,Suryakumar Yadav,Batter,8.0,MI,2024,Indian,Yes
536,Gerald Coetzee,All-Rounder,5.0,MI,2024,Overseas,No
537,Nuwan Thushara,Bowler,4.8,MI,2024,Overseas,No
538,Dilshan Madushanka,Bowler,4.6,MI,2024,Overseas,No
539,Dewald Brevis,All-Rounder,3.0,MI,2024,Overseas,Yes
540,Tilak Varma,Batter,1.7,MI,2024,Indian,Yes
541,Mohammad Nabi,All-Rounder,1.5,MI,2024,Overseas,No
542,Jason Behrendorff,Bowler,0.75,MI,2024,Overseas,Yes
543,Piyush Chawla,Bowler,0.5,MI,2024,Indian,Yes
544,Romario Shepherd,All-Rounder,0.5,MI,2024,Overseas,No
545,Arjun Tendulkar,Bowler,0.3,MI,2024,Indian,Yes
546,Shams Mulani,All-Rounder,0.2,MI,2024,Indian,Yes
547,Akash Madhwal,Bowler,0.2,MI,2024,Indian,Yes
548,Kumar Kartikeya,Bowler,0.2,MI,2024,Indian,Yes
549,Vishnu Vinod,Wicket-Keeper,0.2,MI,2024,Indian,Yes
550,Shivalik Sharma,All-Rounder,0.2,MI,2024,Indian,No
551,Naman Dhir,All-Rounder,0.2,MI,2024,Indian,No
552,Nehal Wadhera,All-Rounder,0.2,MI,2024,Indian,Yes
553,Anshul Kamboj,All-Rounder,0.2,MI,2024,Indian,No
554,Shreyas Gopal,Bowler,0.2,MI,2024,Indian,No
555,KL Rahul,Batter,17.0,LSG,2024,Indian,Yes
556,Nicholas Pooran,Wicket-Keeper,16.0,LSG,2024,Overseas,Yes
557,Marcus Stoinis,All-Rounder,10.0,LSG,2024,Overseas,Yes
558,Krunal Pandya,All-Rounder,8.25,LSG,2024,Indian,Yes
559,Devdutt Padikkal,Batter,7.75,LSG,2024,Indian,No
560,Mark Wood,Bowler,7.5,LSG,2024,Overseas,Yes
561,Quinton de Kock,Wicket-Keeper,6.75,LSG,2024,Overseas,Yes
562,Shivam Mavi,Bowler,6.4,LSG,2024,Indian,No
563,Deepak Hooda,All-Rounder,5.75,LSG,2024,Indian,Yes
564,Ravi Bishnoi,Bowler,4.0,LSG,2024,Indian,Yes
565,Manimaran Siddharth,Bowler,2.4,LSG,2024,Indian,No
566,David Willey,All-Rounder,2.0,LSG,2024,Overseas,No
567,Ashton Turner,Batter,1.0,LSG,2024,Overseas,No
568,Krishnappa Gowtham,All-Rounder,0.9,LSG,2024,Indian,Yes
569,Amit Mishra,Bowler,0.5,LSG,2024,Indian,Yes
570,Kyle Mayers,All-Rounder,0.5,LSG,2024,Overseas,Yes
571,Naveen-ul-Haq,Bowler,0.5,LSG,2024,Overseas,Yes
572,Yash Thakur,Bowler,0.45,LSG,2024,Indian,Yes
573,Mohsin Khan,Bowler,0.2,LSG,2024,Indian,Yes
574,Yudhvir Singh,All-Rounder,0.2,LSG,2024,Indian,Yes
575,Ayush Badoni,Batter,0.2,LSG,2024,Indian,Yes
576,Mayank Yadav,Bowler,0.2,LSG,2024,Indian,Yes
577,Arshad Khan,All-Rounder,0.2,LSG,2024,Indian,No
578,Prerak Mankad,All-Rounder,0.2,LSG,2024,Indian,Yes
579,Arshin Kulkarni,All-Rounder,0.2,LSG,2024,Indian,No
580,Rashid Khan,Bowler,15.0,GT,2024,Overseas,Yes
581,Spencer Johnson,Bowler,10.0,GT,2024,Overseas,No
582,Rahul Tewatia,All-Rounder,9.0,GT,2024,Indian,Yes
583,Shubman Gill,Batter,8.0,GT,2024,Indian,Yes
584,Shahrukh Khan,All-Rounder,7.4,GT,2024,Indian,No
585,Mohammed Shami,Bowler,6.25,GT,2024,Indian,Yes
586,Umesh Yadav,Bowler,5.8,GT,2024,Indian,No
587,Joshua Little,Bowler,4.4,GT,2024,Overseas,Yes
588,Robin Minz,Wicket-Keeper,3.6,GT,2024,Indian,No
589,Sai Kishore,Bowler,3.0,GT,2024,Indian,Yes
590,David Miller,Batter,3.0,GT,2024,Overseas,Yes
591,Abhinav Manohar,Batter,2.6,GT,2024,Indian,Yes
592,Matthew Wade,Wicket-Keeper,2.4,GT,2024,Overseas,Yes
593,Sushant Mishra,Bowler,2.2,GT,2024,Indian,No
594,Kane Williamson,Batter,2.0,GT,2024,Overseas,Yes
595,Wriddhiman Saha,Wicket-Keeper,1.9,GT,2024,Indian,Yes
596,Jayant Yadav,Bowler,1.7,GT,2024,Indian,Yes
597,Vijay Shankar,All-Rounder,1.4,GT,2024,Indian,Yes
598,Kartik Tyagi,Bowler,0.6,GT,2024,Indian,No
599,Mohit Sharma,Bowler,0.5,GT,2024,Indian,Yes
600,Azmatullah Omarzai,All-Rounder,0.5,GT,2024,Overseas,No
601,Noor Ahmad,Bowler,0.3,GT,2024,Overseas,Yes
602,Darshan Nalkande,Bowler,0.2,GT,2024,Indian,Yes
603,Manav Suthar,Bowler,0.2,GT,2024,Indian,No
604,Sai Sudharsan,Batter,0.2,GT,2024,Indian,Yes
605,Mitchell Starc,Bowler,24.75,KKR,2024,Overseas,No
606,Andre Russell,All-Rounder,16.0,KKR,2024,Overseas,Yes
607,Shreyas Iyer,Batter,12.25,KKR,2024,Indian,Yes
608,Varun Chakaravarthy,Bowler,12.0,KKR,2024,Indian,Yes
609,Nitish Rana,Batter,8.0,KKR,2024,Indian,Yes
610,Venkatesh Iyer,All-Rounder,8.0,KKR,2024,Indian,Yes
611,Sunil Narine,All-Rounder,6.0,KKR,2024,Overseas,Yes
612,Jason Roy,Batter,2.8,KKR,2024,Overseas,Yes
613,Mujeeb Ur Rahman,Bowler,2.0,KKR,2024,Overseas,No
614,Sherfane Rutherford,Batter,1.5,KKR,2024,Overseas,No
615,Gus Atkinson,Bowler,1.0,KKR,2024,Overseas,No
616,Vaibhav Arora,Bowler,0.6,KKR,2024,Indian,Yes
617,Rinku Singh,Batter,0.55,KKR,2024,Indian,Yes
618,Manish Pandey,Batter,0.5,KKR,2024,Indian,No
619,KS Bharat,Wicket-Keeper,0.5,KKR,2024,Indian,No
620,Chetan Sakariya,Bowler,0.5,KKR,2024,Indian,No
621,Rahmanullah Gurbaz,Wicket-Keeper,0.5,KKR,2024,Overseas,Yes
622,Angkrish Raghuvanshi,Batter,0.2,KKR,2024,Indian,No
623,Harshit Rana,Bowler,0.2,KKR,2024,Indian,Yes
624,Ramandeep Singh,All-Rounder,0.2,KKR,2024,Indian,No
625,Anukul Roy,All-Rounder,0.2,KKR,2024,Indian,Yes
626,Sakib Hussain,Bowler,0.2,KKR,2024,Indian,No
627,Suyash Sharma,Bowler,0.2,KKR,2024,Indian,Yes
628,Sam Curran,All-Rounder,18.5,PBKS,2024,Overseas,Yes
629,Harshal Patel,All-Rounder,11.75,PBKS,2024,Indian,No
630,Liam Livingstone,All-Rounder,11.5,PBKS,2024,Overseas,Yes
631,Kagiso Rabada,Bowler,9.25,PBKS,2024,Overseas,Yes
632,Shikhar Dhawan,Batter,8.25,PBKS,2024,Indian,Yes
633,Rilee Rossouw,Batter,8.0,PBKS,2024,Overseas,No
634,Jonny Bairstow,Wicket-Keeper,6.75,PBKS,2024,Overseas,Yes
635,Rahul Chahar,Bowler,5.25,PBKS,2024,Indian,Yes
636,Chris Woakes,All-Rounder,4.2,PBKS,2024,Overseas,No
637,Arshdeep Singh,Bowler,4.0,PBKS,2024,Indian,Yes
638,Harpreet Brar,Bowler,3.8,PBKS,2024,Indian,Yes
639,Nathan Ellis,Bowler,0.75,PBKS,2024,Overseas,Yes
640,Prabhsimran Singh,Wicket-Keeper,0.6,PBKS,2024,Indian,Yes
641,Rishi Dhawan,All-Rounder,0.55,PBKS,2024,Indian,Yes
642,Sikandar Raza,All-Rounder,0.5,PBKS,2024,Overseas,Yes
643,Harpreet Singh,Batter,0.4,PBKS,2024,Indian,Yes
644,Atharva Taide,Batter,0.2,PBKS,2024,Indian,Yes
645,Ashutosh Sharma,All-Rounder,0.2,PBKS,2024,Indian,No
646,Jitesh Sharma,Wicket-Keeper,0.2,PBKS,2024,Indian,Yes
647,Shashank Singh,All-Rounder,0.2,PBKS,2024,Indian,No
648,Prince Choudhary,Bowler,0.2,PBKS,2024,Indian,No
649,Shivam Singh,Batter,0.2,PBKS,2024,Indian,Yes
650,Vidwath Kaverappa,Bowler,0.2,PBKS,2024,Indian,Yes
651,Vishwapratap Singh,All-Rounder,0.2,PBKS,2024,Indian,No
652,Tanay Thyagarajan,All-Rounder,0.2,PBKS,2024,Indian,No
653,Sanju Samson,Wicket-Keeper,14.0,RR,2024,Indian,Yes
654,Jos Buttler,Wicket-Keeper,10.0,RR,2024,Overseas,Yes
655,Prasidh Krishna,Bowler,10.0,RR,2024,Indian,Yes
656,Avesh Khan,Bowler,10.0,RR,2024,Indian,No
657,Shimron Hetmyer,Batter,8.5,RR,2024,Overseas,Yes
658,Trent Boult,Bowler,8.0,RR,2024,Overseas,Yes
659,Rovman Powell,Batter,7.4,RR,2024,Overseas,No
660,Yuzvendra Chahal,Bowler,6.5,RR,2024,Indian,Yes
661,Shubham Dubey,Batter,5.8,RR,2024,Indian,No
662,Ravichandran Ashwin,All-Rounder,5.0,RR,2024,Indian,Yes
663,Yashasvi Jaiswal,Batter,4.0,RR,2024,Indian,Yes
664,Riyan Parag,All-Rounder,3.8,RR,2024,Indian,Yes
665,Navdeep Saini,Bowler,2.6,RR,2024,Indian,Yes
666,Adam Zampa,Bowler,1.5,RR,2024,Overseas,Yes
667,Sandeep Sharma,Bowler,0.5,RR,2024,Indian,Yes
668,Donovan Ferreira,Wicket-Keeper,0.5,RR,2024,Overseas,Yes
669,Nandre Burger,Bowler,0.5,RR,2024,Overseas,No
670,Tom Kohler-Cadmore,Wicket-Keeper,0.4,RR,2024,Overseas,No
671,Kuldeep Sen,Bowler,0.2,RR,2024,Indian,Yes
672,Dhruv Jurel,Wicket-Keeper,0.2,RR,2024,Indian,Yes
673,Abid Mushtaq,All-Rounder,0.2,RR,2024,Indian,No
674,Kunal Singh Rathore,Wicket-Keeper,0.2,RR,2024,Indian,Yes
675,Cameron Green,All-Rounder,17.5,RCB,2024,Overseas,No
676,Virat Kohli,Batter,15.0,RCB,2024,Indian,Yes
677,Alzarri Joseph,Bowler,11.5,RCB,2024,Overseas,No
678,Glenn Maxwell,All-Rounder,11.0,RCB,2024,Overseas,Yes
679,Mohammed Siraj,Bowler,7.0,RCB,2024,Indian,Yes
680,Faf du Plessis,Batter,7.0,RCB,2024,Overseas,Yes
681,Dinesh Karthik,Wicket-Keeper,5.5,RCB,2024,Indian,Yes
682,Yash Dayal,Bowler,5.0,RCB,2024,Indian,No
683,Anuj Rawat,Wicket-Keeper,3.4,RCB,2024,Indian,Yes
684,Will Jacks,Batter,3.2,RCB,2024,Overseas,Yes
685,Lockie Ferguson,Bowler,2.0,RCB,2024,Overseas,No
686,Reece Topley,Bowler,1.9,RCB,2024,Overseas,Yes
687,Mayank Dagar,All-Rounder,1.8,RCB,2024,Indian,No
688,Tom Curran,All-Rounder,1.5,RCB,2024,Overseas,No
689,Mahipal Lomror,All-Rounder,0.95,RCB,2024,Indian,Yes
690,Rajan Kumar,Bowler,0.7,RCB,2024,Indian,Yes
691,Karn Sharma,Bowler,0.5,RCB,2024,Indian,Yes
692,Suyash Prabhudessai,Batter,0.3,RCB,2024,Indian,Yes
693,Vyshak Vijay Kumar,Bowler,0.2,RCB,2024,Indian,Yes
694,Akash Deep,Bowler,0.2,RCB,2024,Indian,Yes
695,Manoj Bhandage,All-Rounder,0.2,RCB,2024,Indian,Yes
696,Rajat Patidar,Batter,0.2,RCB,2024,Indian,Yes
697,Himanshu Sharma,Bowler,0.2,RCB,2024,Indian,Yes
698,Swapnil Singh,All-Rounder,0.2,RCB,2024,Indian,No
699,Pat Cummins,All-Rounder,20.5,SRH,2024,Overseas,No
700,Washington Sundar,All-Rounder,8.75,SRH,2024,Indian,Yes
701,Rahul Tripathi,Batter,8.5,SRH,2024,Indian,Yes
702,Mayank Agarwal,Batter,8.25,SRH,2024,Indian,Yes
703,Travis Head,Batter,6.8,SRH,2024,Overseas,No
704,Abhishek Sharma,All-Rounder,6.5,SRH,2024,Indian,Yes
705,Heinrich Klaasen,Wicket-Keeper,5.25,SRH,2024,Overseas,Yes
706,Marco Jansen,All-Rounder,4.2,SRH,2024,Overseas,Yes
707,Bhuvneshwar Kumar,Bowler,4.2,SRH,2024,Indian,Yes
708,Abdul Samad,Batter,4.0,SRH,2024,Indian,Yes
709,Umran Malik,Bowler,4.0,SRH,2024,Indian,Yes
710,T Natarajan,Bowler,4.0,SRH,2024,Indian,Yes
711,Aiden Markram,All-Rounder,2.6,SRH,2024,Overseas,Yes
712,Shahbaz Ahmed,All-Rounder,2.4,SRH,2024,Indian,No
713,Jaydev Unadkat,Bowler,1.6,SRH,2024,Indian,No
714,Wanindu Hasaranga,All-Rounder,1.5,SRH,2024,Overseas,No
715,Glenn Phillips,All-Rounder,1.5,SRH,2024,Overseas,Yes
716,Mayank Markande,Bowler,0.5,SRH,2024,Indian,Yes
717,Fazalhaq Farooqi,Bowler,0.5,SRH,2024,Overseas,Yes
718,Upendra Yadav,Wicket-Keeper,0.25,SRH,2024,Indian,Yes
719,Jhatavedh Subramanyan,Bowler,0.2,SRH,2024,Indian,No
720,Akash Singh,Bowler,0.2,SRH,2024,Indian,No
721,Nitish Kumar Reddy,Batter,0.2,SRH,2024,Indian,Yes
722,Sanvir Singh,All-Rounder,0.2,SRH,2024,Indian,Yes
723,Anmolpreet Singh,Batter,0.2,SRH,2024,Indian,Yes
724,Ravindra Jadeja,All-Rounder,18.0,CSK,2025,Indian,Yes
725,Ruturaj Gaikwad,Batter,18.0,CSK,2025,Indian,Yes
726,Matheesha Pathirana,Bowler,13.0,CSK,2025,Overseas,Yes
727,Shivam Dube,All-Rounder,12.0,CSK,2025,Indian,Yes
728,Noor Ahmad,Bowler,10.0,CSK,2025,Overseas,No
729,Ravichandran Ashwin,All-Rounder,9.75,CSK,2025,Indian,No
730,Devon Conway,Batter,6.25,CSK,2025,Overseas,No
731,Khaleel Ahmed,Bowler,4.8,CSK,2025,Indian,No
732,MS Dhoni,Wicket-Keeper,4.0,CSK,2025,Indian,Yes
733,Rachin Ravindra,All-Rounder,4.0,CSK,2025,Overseas,No
734,Rahul Tripathi,Batter,3.4,CSK,2025,Indian,No
735,Anshul Kamboj,All-Rounder,3.4,CSK,2025,Indian,No
736,Sam Curran,All-Rounder,2.4,CSK,2025,Overseas,No
737,Gurjapneet Singh,Bowler,2.2,CSK,2025,Indian,No
738,Nathan Ellis,Bowler,2.0,CSK,2025,Overseas,No
739,Deepak Hooda,All-Rounder,1.7,CSK,2025,Indian,No
740,Jamie Overton,All-Rounder,1.5,CSK,2025,Overseas,No
741,Vijay Shankar,All-Rounder,1.2,CSK,2025,Indian,No
742,Vansh Bedi,Wicket-Keeper,0.55,CSK,2025,Indian,No
743,Mukesh Choudhary,Bowler,0.3,CSK,2025,Indian,No
744,Shaik Rasheed,Batter,0.3,CSK,2025,Indian,No
745,Andre Siddharth,Batter,0.3,CSK,2025,Indian,No
746,Ramakrishna Ghosh,All-Rounder,0.3,CSK,2025,Indian,No
747,Kamlesh Nagarkoti,All-Rounder,0.3,CSK,2025,Indian,No
748,Shreyas Gopal,Bowler,0.3,CSK,2025,Indian,No
749,Axar Patel,All-Rounder,16.5,DC,2025,Indian,Yes
750,KL Rahul,Wicket-Keeper,14.0,DC,2025,Indian,No
751,Kuldeep Yadav,Bowler,13.25,DC,2025,Indian,Yes
752,Mitchell Starc,Bowler,11.75,DC,2025,Overseas,No
753,T Natarajan,Bowler,10.75,DC,2025,Indian,No
754,Tristan Stubbs,Wicket-Keeper,10.0,DC,2025,Overseas,Yes
755,Jake Fraser-McGurk,Batter,9.0,DC,2025,Overseas,No
756,Mukesh Kumar,Bowler,8.0,DC,2025,Indian,No
757,Harry Brook,Batter,6.25,DC,2025,Overseas,No
758,Abishek Porel,Wicket-Keeper,4.0,DC,2025,Indian,Yes
759,Ashutosh Sharma,All-Rounder,3.8,DC,2025,Indian,No
760,Mohit Sharma,Bowler,2.2,DC,2025,Indian,No
761,Faf du Plessis,Batter,2.0,DC,2025,Overseas,No
762,Sameer Rizvi,All-Rounder,0.95,DC,2025,Indian,No
763,Dushmantha Chameera,Bowler,0.75,DC,2025,Overseas,No
764,Donovan Ferreira,Wicket-Keeper,0.75,DC,2025,Overseas,No
765,Vipraj Nigam,All-Rounder,0.5,DC,2025,Indian,No
766,Karun Nair,Batter,0.5,DC,2025,Indian,No
767,Madhav Tiwari,All-Rounder,0.4,DC,2025,Indian,No
768,Ajay Mandal,All-Rounder,0.3,DC,2025,Indian,No
769,Tripurana Vijay,All-Rounder,0.3,DC,2025,Indian,No
770,Manvanth Kumar L,All-Rounder,0.3,DC,2025,Indian,No
771,Darshan Nalkande,All-Rounder,0.3,DC,2025,Indian,No
772,Jasprit Bumrah,Bowler,18.0,MI,2025,Indian,Yes
773,Hardik Pandya,All-Rounder,16.35,MI,2025,Indian,Yes
774,Suryakumar Yadav,Batter,16.35,MI,2025,Indian,Yes
775,Rohit Sharma,Batter,16.3,MI,2025,Indian,Yes
776,Trent Boult,Bowler,12.5,MI,2025,Overseas,No
777,Deepak Chahar,Bowler,9.25,MI,2025,Indian,No
778,Tilak Varma,Batter,8.0,MI,2025,Indian,Yes
779,Naman Dhir,All-Rounder,5.25,MI,2025,Indian,No
780,Will Jacks,All-Rounder,5.25,MI,2025,Overseas,No
781,AM Ghazanfar,Bowler,4.8,MI,2025,Overseas,No
782,Mitchell Santner,All-Rounder,2.0,MI,2025,Overseas,No
783,Ryan Rickelton,Wicket-Keeper,1.0,MI,2025,Overseas,No
784,Lizaad Williams,Bowler,0.75,MI,2025,Overseas,No
785,Reece Topley,Bowler,0.75,MI,2025,Overseas,No
786,Robin Minz,Wicket-Keeper,0.65,MI,2025,Indian,No
787,Karn Sharma,Bowler,0.5,MI,2025,Indian,No
788,Krishnan Shrijith,Wicket-Keeper,0.3,MI,2025,Indian,No
789,Raj Bawa,All-Rounder,0.3,MI,2025,Indian,No
790,Ashwani Kumar,Bowler,0.3,MI,2025,Indian,No
791,Vignesh Puthur,All-Rounder,0.3,MI,2025,Indian,No
792,Satyanarayana Raju,Bowler,0.3,MI,2025,Indian,No
793,Bevon Jacobs,Batter,0.3,MI,2025,Overseas,No
794,Arjun Tendulkar,Bowler,0.3,MI,2025,Indian,No
795,Rishabh Pant,Batter,27.0,LSG,2025,Indian,No
796,Nicholas Pooran,Wicket-Keeper,21.0,LSG,2025,Overseas,Yes
797,Ravi Bishnoi,Bowler,11.0,LSG,2025,Indian,Yes
798,Mayank Yadav,Bowler,11.0,LSG,2025,Indian,Yes
799,Avesh Khan,Bowler,9.75,LSG,2025,Indian,No
800,Akash Deep,Bowler,8.0,LSG,2025,Indian,No
801,David Miller,Batter,7.5,LSG,2025,Overseas,No
802,Abdul Samad,All-Rounder,4.2,LSG,2025,Indian,No
803,Mohsin Khan,Bowler,4.0,LSG,2025,Indian,Yes
804,Ayush Badoni,Batter,4.0,LSG,2025,Indian,Yes
805,Mitchell Marsh,All-Rounder,3.4,LSG,2025,Overseas,No
806,Shahbaz Ahmed,All-Rounder,2.4,LSG,2025,Indian,No
807,Aiden Markram,Batter,2.0,LSG,2025,Overseas,No
808,Shamar Joseph,Bowler,0.75,LSG,2025,Overseas,No
809,Matthew Breetzke,Batter,0.75,LSG,2025,Overseas,No
810,M. Siddharth,Bowler,0.75,LSG,2025,Indian,No
811,Rajvardhan Hangargekar,All-Rounder,0.3,LSG,2025,Indian,No
812,Akash Singh,Bowler,0.3,LSG,2025,Indian,No
813,Yuvraj Chaudhary,All-Rounder,0.3,LSG,2025,Indian,No
814,Prince Yadav,Bowler,0.3,LSG,2025,Indian,No
815,Arshin Kulkarni,All-Rounder,0.3,LSG,2025,Indian,No
816,Digvesh Singh,Bowler,0.3,LSG,2025,Indian,No
817,Aryan Juyal,Wicket-Keeper,0.3,LSG,2025,Indian,No
818,Himmat Singh,Batter,0.3,LSG,2025,Indian,No
819,Rashid Khan,Bowler,18.0,GT,2025,Overseas,Yes
820,Shubman Gill,Batter,16.5,GT,2025,Indian,Yes
821,Jos Buttler,Wicket-Keeper,15.75,GT,2025,Overseas,No
822,Mohammed Siraj,Bowler,12.25,GT,2025,Indian,No
823,Kagiso Rabada,Bowler,10.75,GT,2025,Overseas,No
824,Prasidh Krishna,Bowler,9.5,GT,2025,Indian,No
825,Sai Sudharsan,Batter,8.5,GT,2025,Indian,Yes
826,Rahul Tewatia,All-Rounder,4.0,GT,2025,Indian,Yes
827,Shahrukh Khan,All-Rounder,4.0,GT,2025,Indian,Yes
828,Washington Sundar,All-Rounder,3.2,GT,2025,Indian,No
829,Sherfane Rutherford,Batter,2.6,GT,2025,Overseas,No
830,Gerald Coetzee,Bowler,2.4,GT,2025,Overseas,No
831,Sai Kishore,All-Rounder,2.0,GT,2025,Indian,No
832,Glenn Phillips,Batter,2.0,GT,2025,Overseas,No
833,Mahipal Lomror,All-Rounder,1.7,GT,2025,Indian,No
834,Arshad Khan,All-Rounder,1.3,GT,2025,Indian,No
835,Gurnoor Brar,Bowler,1.3,GT,2025,Indian,No
836,Karim Janat,All-Rounder,0.75,GT,2025,Overseas,No
837,Ishant Sharma,Bowler,0.75,GT,2025,Indian,No
838,Jayant Yadav,All-Rounder,0.75,GT,2025,Indian,No
839,Kumar Kushagra,Wicket-Keeper,0.65,GT,2025,Indian,No
840,Nishant Sindhu,All-Rounder,0.3,GT,2025,Indian,No
841,Manav Suthar,Bowler,0.3,GT,2025,Indian,No
842,Anuj Rawat,Wicket-Keeper,0.3,GT,2025,Indian,No
843,Kulwant Khejroliya,Bowler,0.3,GT,2025,Indian,No
844,Venkatesh Iyer,All-Rounder,23.75,KKR,2025,Indian,No
845,Rinku Singh,Batter,13.0,KKR,2025,Indian,Yes
846,Varun Chakaravarthy,Bowler,12.0,KKR,2025,Indian,Yes
847,Sunil Narine,All-Rounder,12.0,KKR,2025,Overseas,Yes
848,Andre Russell,All-Rounder,12.0,KKR,2025,Overseas,Yes
849,Anrich Nortje,Bowler,6.5,KKR,2025,Overseas,No
850,Ramandeep Singh,All-Rounder,4.0,KKR,2025,Indian,Yes
851,Harshit Rana,Bowler,4.0,KKR,2025,Indian,Yes
852,Quinton de Kock,Wicket-Keeper,3.6,KKR,2025,Overseas,No
853,Angkrish Raghuvanshi,Batter,3.0,KKR,2025,Indian,No
854,Spencer Johnson,Bowler,2.8,KKR,2025,Overseas,No
855,Moeen Ali,All-Rounder,2.0,KKR,2025,Overseas,No
856,Rahmanullah Gurbaz,Wicket-Keeper,2.0,KKR,2025,Overseas,No
857,Vaibhav Arora,Bowler,1.8,KKR,2025,Indian,No
858,Rovman Powell,Batter,1.5,KKR,2025,Overseas,No
859,Ajinkya Rahane,Batter,1.5,KKR,2025,Indian,No
860,Manish Pandey,Batter,0.75,KKR,2025,Indian,No
861,Umran Malik,Bowler,0.75,KKR,2025,Indian,No
862,Anukul Roy,All-Rounder,0.4,KKR,2025,Indian,No
863,Luvnith Sisodia,Wicket-Keeper,0.3,KKR,2025,Indian,No
864,Mayank Markande,Bowler,0.3,KKR,2025,Indian,No
865,Shreyas Iyer,Batter,26.75,PBKS,2025,Indian,No
866,Yuzvendra Chahal,Bowler,18.0,PBKS,2025,Indian,No
867,Arshdeep Singh,Bowler,18.0,PBKS,2025,Indian,No
868,Marcus Stoinis,All-Rounder,11.0,PBKS,2025,Overseas,No
869,Marco Jansen,All-Rounder,7.0,PBKS,2025,Overseas,No
870,Shashank Singh,Batter,5.5,PBKS,2025,Indian,Yes
871,Nehal Wadhera,Batter,4.2,PBKS,2025,Indian,No
872,Glenn Maxwell,All-Rounder,4.2,PBKS,2025,Overseas,No
873,Prabhsimran Singh,Wicket-Keeper,4.0,PBKS,2025,Indian,Yes
874,Priyansh Arya,All-Rounder,3.8,PBKS,2025,Indian,No
875,Josh Inglis,Wicket-Keeper,2.6,PBKS,2025,Overseas,No
876,Azmatullah Omarzai,All-Rounder,2.4,PBKS,2025,Overseas,No
877,Lockie Ferguson,Bowler,2.0,PBKS,2025,Overseas,No
878,Vijaykumar Vyshak,Bowler,1.8,PBKS,2025,Indian,No
879,Yash Thakur,Bowler,1.6,PBKS,2025,Indian,No
880,Harpreet Brar,All-Rounder,1.5,PBKS,2025,Indian,No
881,Aaron Hardie,All-Rounder,1.25,PBKS,2025,Overseas,No
882,Vishnu Vinod,Wicket-Keeper,0.95,PBKS,2025,Indian,No
883,Xavier Bartlett,Bowler,0.8,PBKS,2025,Overseas,No
884,Kuldeep Sen,Bowler,0.8,PBKS,2025,Indian,No
885,Harnoor Singh,Batter,0.3,PBKS,2025,Indian,No
886,Suryansh Shedge,All-Rounder,0.3,PBKS,2025,Indian,No
887,Pyla Avinash,Batter,0.3,PBKS,2025,Indian,No
888,Musheer Khan,All-Rounder,0.3,PBKS,2025,Indian,No
889,Pravin Dubey,All-Rounder,0.3,PBKS,2025,Indian,No
890,Sanju Samson,Wicket-Keeper,18.0,RR,2025,Indian,Yes
891,Yashasvi Jaiswal,Batter,18.0,RR,2025,Indian,Yes
892,Riyan Parag,All-Rounder,14.0,RR,2025,Indian,Yes
893,Dhruv Jurel,Wicket-Keeper,14.0,RR,2025,Indian,Yes
894,Jofra Archer,Bowler,12.5,RR,2025,Overseas,No
895,Shimron Hetmyer,Batter,11.0,RR,2025,Overseas,Yes
896,Tushar Deshpande,Bowler,6.5,RR,2025,Indian,No
897,Wanindu Hasaranga,Bowler,5.25,RR,2025,Overseas,No
898,Maheesh Theekshana,Bowler,4.4,RR,2025,Overseas,No
899,Nitish Rana,All-Rounder,4.2,RR,2025,Indian,No
900,Sandeep Sharma,Bowler,4.0,RR,2025,Indian,Yes
901,Fazalhaq Farooqi,Bowler,2.0,RR,2025,Overseas,No
902,Kwena Maphaka,Bowler,1.5,RR,2025,Overseas,No
903,Akash Madhwal,Bowler,1.2,RR,2025,Indian,No
904,Vaibhav Suryavanshi,Batter,1.1,RR,2025,Indian,No
905,Shubham Dubey,Batter,0.8,RR,2025,Indian,No
906,Yudhvir Charak,All-Rounder,0.35,RR,2025,Indian,No
907,Ashok Sharma,Bowler,0.3,RR,2025,Indian,No
908,Kumar Kartikeya,Bowler,0.3,RR,2025,Indian,No
909,Kunal Singh Rathore,Wicket-Keeper,0.3,RR,2025,Indian,No
910,Virat Kohli,Batter,21.0,RCB,2025,Indian,Yes
911,Josh Hazlewood,Bowler,12.5,RCB,2025,Overseas,No
912,Phil Salt,Wicket-Keeper,11.5,RCB,2025,Overseas,No
913,Jitesh Sharma,Wicket-Keeper,11.0,RCB,2025,Indian,No
914,Rajat Patidar,Batter,11.0,RCB,2025,Indian,Yes
915,Bhuvneshwar Kumar,Bowler,10.75,RCB,2025,Indian,No
916,Liam Livingstone,All-Rounder,8.75,RCB,2025,Overseas,No
917,Rasikh Dar,Bowler,6.0,RCB,2025,Indian,No
918,Krunal Pandya,All-Rounder,5.75,RCB,2025,Indian,No
919,Yash Dayal,Bowler,5.0,RCB,2025,Indian,Yes
920,Tim David,All-Rounder,3.0,RCB,2025,Overseas,No
921,Suyash Sharma,Bowler,2.6,RCB,2025,Indian,No
922,Jacob Bethell,All-Rounder,2.6,RCB,2025,Overseas,No
923,Devdutt Padikkal,Batter,2.0,RCB,2025,Indian,No
924,Nuwan Thushara,Bowler,1.6,RCB,2025,Overseas,No
925,Romario Shepherd,All-Rounder,1.5,RCB,2025,Overseas,No
926,Lungi Ngidi,Bowler,1.0,RCB,2025,Overseas,No
927,Swapnil Singh,All-Rounder,0.5,RCB,2025,Indian,No
928,Manoj Bhandage,All-Rounder,0.3,RCB,2025,Indian,No
929,Abhinandan Singh,Bowler,0.3,RCB,2025,Indian,No
930,Mohit Rathee,Bowler,0.3,RCB,2025,Indian,No
931,Swastik Chikara,Batter,0.3,RCB,2025,Indian,No
932,Heinrich Klaasen,Wicket-Keeper,23.0,SRH,2025,Overseas,Yes
933,Pat Cummins,All-Rounder,18.0,SRH,2025,Overseas,Yes
934,Travis Head,Batter,14.0,SRH,2025,Overseas,Yes
935,Abhishek Sharma,All-Rounder,14.0,SRH,2025,Indian,Yes
936,Ishan Kishan,Wicket-Keeper,11.25,SRH,2025,Indian,No
937,Mohammed Shami,Bowler,10.0,SRH,2025,Indian,No
938,Harshal Patel,All-Rounder,8.0,SRH,2025,Indian,No
939,Nitish Kumar Reddy,Batter,6.0,SRH,2025,Indian,Yes
940,Abhinav Manohar,Batter,3.2,SRH,2025,Indian,No
941,Rahul Chahar,Bowler,3.2,SRH,2025,Indian,No
942,Adam Zampa,Bowler,2.4,SRH,2025,Overseas,No
943,Simarjeet Singh,Bowler,1.5,SRH,2025,Indian,No
944,Eshan Malinga,Bowler,1.2,SRH,2025,Overseas,No
945,Brydon Carse,All-Rounder,1.0,SRH,2025,Overseas,No
946,Jaydev Unadkat,Bowler,1.0,SRH,2025,Indian,No
947,Kamindu Mendis,All-Rounder,0.75,SRH,2025,Overseas,No
948,Zeeshan Ansari,Bowler,0.4,SRH,2025,Indian,No
949,Aniket Verma,Batter,0.3,SRH,2025,Indian,No
950,Atharva Taide,Batter,0.3,SRH,2025,Indian,No
951,Sachin Baby,Batter,0.3,SRH,2025,Indian,No
