,Player,Role,Price,Team,Year,Origin,Retained,C/U/A
0,Ravindra Jadeja,All-Rounder,16.0,CSK,2022,Indian,Yes,Capped
1,Ravindra Jadeja,All-Rounder,16.0,CSK,2022,Indian,Yes,Capped
2,Deepak Chahar,Bowler,14.0,CSK,2022,Indian,No,Capped
3,MS Dhoni,Wicket-Keeper,12.0,CSK,2022,Indian,Yes,Capped
4,Moeen Ali,All-Rounder,8.0,CSK,2022,Overseas,Yes,Capped
5,Ambati Rayudu,Wicket-Keeper,6.75,CSK,2022,Indian,No,Capped
6,Ruturaj Gaikwad,Batsman,6.0,CSK,2022,Indian,Yes,Uncapped
7,Dwayne Bravo,All-Rounder,4.4,CSK,2022,Overseas,No,Capped
8,Shivam Dube,All-Rounder,4.0,CSK,2022,Indian,No,Capped
9,Chris Jordan,All-Rounder,3.6,CSK,2022,Overseas,No,Capped
10,Robin Uthappa,Batsman,2.0,CSK,2022,Indian,No,Capped
11,Mitchell Santner,All-Rounder,1.9,CSK,2022,Overseas,No,Capped
12,Adam Milne,Bowler,1.9,CSK,2022,Overseas,No,Capped
13,Rajvardhan Hangargekar,All-Rounder,1.5,CSK,2022,Indian,No,Uncapped
14,Prashant Solanki,Bowler,1.2,CSK,2022,Indian,No,Uncapped
15,Devon Conway,Batsman,1.0,CSK,2022,Overseas,No,Capped
16,Maheesh Theekshana,Bowler,0.7,CSK,2022,Overseas,No,Capped
17,Dwaine Pretorius,All-Rounder,0.5,CSK,2022,Overseas,No,Capped
18,Narayan Jagadeesan,Wicket-Keeper,0.2,CSK,2022,Indian,No,Uncapped
19,KM Asif,Bowler,0.2,CSK,2022,Indian,No,Uncapped
20,Tushar Deshpande,Bowler,0.2,CSK,2022,Indian,No,Uncapped
21,Subhranshu Senapati,Batsman,0.2,CSK,2022,Indian,No,Uncapped
22,Bhagath Varma,All-Rounder,0.2,CSK,2022,Indian,No,Uncapped
23,Simarjeet Singh,Bowler,0.2,CSK,2022,Indian,No,Uncapped
24,Hari Nishaanth,Batsman,0.2,CSK,2022,Indian,No,Uncapped
25,Mukesh Choudhary,Bowler,0.2,CSK,2022,Indian,No,Uncapped
26,Rishabh Pant,Wicket-Keeper,16.0,DC,2022,Indian,Yes,Capped
27,Shardul Thakur,Bowler,10.75,DC,2022,Indian,No,Capped
28,Axar Patel,All-Rounder,9.0,DC,2022,Indian,Yes,Capped
29,Prithvi Shaw,Batsman,7.5,DC,2022,Indian,Yes,Capped
30,Mitchell Marsh,All-Rounder,6.5,DC,2022,Overseas,No,Capped
31,Anrich Nortje,Bowler,6.5,DC,2022,Overseas,Yes,Capped
32,David Warner,Batsman,6.25,DC,2022,Overseas,No,Capped
33,Khaleel Ahmed,Bowler,5.25,DC,2022,Indian,No,Capped
34,Chetan Sakariya,Bowler,4.2,DC,2022,Indian,No,Capped
35,Rovman Powell,Batsman,2.8,DC,2022,Overseas,No,Capped
36,Kuldeep Yadav,Bowler,2.0,DC,2022,Indian,No,Capped
37,Srikar Bharat,Wicket-Keeper,2.0,DC,2022,Indian,No,Uncapped
38,Mustafizur Rahman,Bowler,2.0,DC,2022,Overseas,No,Capped
39,Kamlesh Nagarkoti,All-Rounder,1.1,DC,2022,Indian,No,Uncapped
40,Mandeep Singh,Batsman,1.1,DC,2022,Indian,No,Capped
41,Lalit Yadav,All-Rounder,0.65,DC,2022,Indian,No,Uncapped
42,Lalit Yadav,All-Rounder,0.65,DC,2022,Indian,No,Uncapped
43,Yash Dhull,All-Rounder,0.5,DC,2022,Indian,No,Uncapped
44,Lungi Ngidi,Bowler,0.5,DC,2022,Overseas,No,Capped
45,Tim Seifert,Wicket-Keeper,0.5,DC,2022,Overseas,No,Capped
46,Pravin Dubey,All-Rounder,0.5,DC,2022,Indian,No,Uncapped
47,Ashwin Hebbar,Batsman,0.2,DC,2022,Indian,No,Uncapped
48,Ripal Patel,All-Rounder,0.2,DC,2022,Indian,No,Uncapped
49,Vicky Ostwal,All-Rounder,0.2,DC,2022,Indian,No,Uncapped
50,Sarfaraz Khan,All-Rounder,0.2,DC,2022,Indian,No,Uncapped
51,Rohit Sharma,Batsman,16.0,MI,2022,Indian,Yes,Capped
52,Ishan Kishan,Wicket-Keeper,15.25,MI,2022,Indian,No,Capped
53,Jasprit Bumrah,Bowler,12.0,MI,2022,Indian,Yes,Capped
54,Tim David,All-Rounder,8.25,MI,2022,Overseas,No,Uncapped
55,Jofra Archer,All-Rounder,8.0,MI,2022,Overseas,No,Capped
56,Suryakumar Yadav,Batsman,8.0,MI,2022,Indian,Yes,Capped
57,Kieron Pollard,All-Rounder,6.0,MI,2022,Overseas,Yes,Capped
58,Dewald Brevis,Batsman,3.0,MI,2022,Overseas,No,Uncapped
59,Daniel Sams,All-Rounder,2.6,MI,2022,Overseas,No,Capped
60,Tilak Varma,All-Rounder,1.7,MI,2022,Indian,No,Uncapped
61,Murugan Ashwin,Bowler,1.6,MI,2022,Indian,No,Uncapped
62,Tymal Mills,Bowler,1.5,MI,2022,Overseas,No,Capped
63,Jaydev Unadkat,Bowler,1.3,MI,2022,Indian,No,Capped
64,Riley Meredith,Bowler,1.0,MI,2022,Overseas,No,Capped
65,Fabian Allen,All-Rounder,0.75,MI,2022,Overseas,No,Capped
66,Mayank Markande,Bowler,0.65,MI,2022,Indian,No,Capped
67,Sanjay Yadav,All-Rounder,0.5,MI,2022,Indian,No,Uncapped
68,Basil Thampi,Bowler,0.3,MI,2022,Indian,No,Uncapped
69,Arjun Tendulkar,All-Rounder,0.3,MI,2022,Indian,No,Uncapped
70,Ramandeep Singh,All-Rounder,0.2,MI,2022,Indian,No,Uncapped
71,Anmolpreet Singh,Batsman,0.2,MI,2022,Indian,No,Uncapped
72,Aryan Juyal,Wicket-Keeper,0.2,MI,2022,Indian,No,Uncapped
73,Arshad Khan,All-Rounder,0.2,MI,2022,Indian,No,Uncapped
74,Rahul Buddhi,Batsman,0.2,MI,2022,Indian,No,Uncapped
75,Hrithik Shokeen,All-Rounder,0.2,MI,2022,Indian,No,Uncapped
76,KL Rahul,Wicket-keeper,17.0,LSG,2022,Indian,Yes,Capped
77,Avesh Khan,Bowler,10.0,LSG,2022,Indian,No,Uncapped
78,Marcus Stoinis,All-Rounder,9.2,LSG,2022,Overseas,Yes,Capped
79,Jason Holder,All-Rounder,8.75,LSG,2022,Overseas,No,Capped
80,Krunal Pandya,All-Rounder,8.25,LSG,2022,Indian,No,Capped
81,Mark Wood,Bowler,7.5,LSG,2022,Overseas,No,Capped
82,Quinton de Kock,Wicket-Keeper,6.75,LSG,2022,Overseas,No,Capped
83,Deepak Hooda,All-Rounder,5.75,LSG,2022,Indian,No,Uncapped
84,Manish Pandey,Batsman,4.6,LSG,2022,Indian,No,Capped
85,Ravi Bishnoi,Bowler,4.0,LSG,2022,Indian,Yes,Uncapped
86,Evin Lewis,Batsman,2.0,LSG,2022,Overseas,No,Capped
87,Dushmantha Chameera,Bowler,2.0,LSG,2022,Overseas,No,Capped
88,Krishnappa Gowtham,All-Rounder,0.9,LSG,2022,Indian,No,Capped
89,Kyle Mayers,All-Rounder,0.5,LSG,2022,Overseas,No,Capped
90,Shahbaz Nadeem,Bowler,0.5,LSG,2022,Indian,No,Capped
91,Ankit Rajpoot,Bowler,0.5,LSG,2022,Indian,No,Uncapped
92,Mohsin Khan,Bowler,0.2,LSG,2022,Indian,No,Uncapped
93,Ayush Badoni,All-Rounder,0.2,LSG,2022,Indian,No,Uncapped
94,Karan Sharma,All-Rounder,0.2,LSG,2022,Indian,No,Uncapped
95,Mayank Yadav,Bowler,0.2,LSG,2022,Indian,No,Uncapped
96,Manan Vohra,Batsman,0.2,LSG,2022,Indian,No,Uncapped
97,Rashid Khan,Bowler,15.0,GT,2022,Overseas,Yes,Capped
98,Hardik Pandya,All-Rounder,15.0,GT,2022,Indian,Yes,Capped
99,Lockie Ferguson,Bowler,10.0,GT,2022,Overseas,No,Capped
100,Rahul Tewatia,All-Rounder,9.0,GT,2022,Indian,No,Uncapped
101,Shubman Gill,Batsman,8.0,GT,2022,Indian,Yes,Capped
102,Mohammed Shami,Bowler,6.25,GT,2022,Indian,No,Capped
103,Yash Dayal,Bowler,3.2,GT,2022,Indian,No,Uncapped
104,Ravisrinivasan Sai Kishore,Bowler,3.0,GT,2022,Indian,No,Uncapped
105,David Miller,Batsman,3.0,GT,2022,Overseas,No,Capped
106,Abhinav Manohar,Batsman,2.6,GT,2022,Indian,No,Uncapped
107,Alzarri Joseph,Bowler,2.4,GT,2022,Overseas,No,Capped
108,Matthew Wade,Wicket-Keeper,2.4,GT,2022,Overseas,No,Capped
109,Jason Roy,Batsman,2.0,GT,2022,Overseas,No,Capped
110,Wriddhiman Saha,Wicket-Keeper,1.9,GT,2022,Indian,No,Capped
111,Jayant Yadav,All-Rounder,1.7,GT,2022,Indian,No,Capped
112,Vijay Shankar,All-Rounder,1.4,GT,2022,Indian,No,Capped
113,Dominic Drakes,All-Rounder,1.1,GT,2022,Overseas,No,Capped
114,Varun Aaron,Bowler,0.5,GT,2022,Indian,No,Capped
115,Gurkeerat Singh Mann,All-Rounder,0.5,GT,2022,Indian,No,Capped
116,Noor Ahmad,Bowler,0.3,GT,2022,Overseas,No,Uncapped
117,Darshan Nalkande,All-Rounder,0.2,GT,2022,Indian,No,Uncapped
118,Sai Sudharsan,All-Rounder,0.2,GT,2022,Indian,No,Uncapped
119,Pradeep Sangwan,All-Rounder,0.2,GT,2022,Indian,No,Uncapped
120,Shreyas Iyer,Batsman,12.25,KKR,2022,Indian,No,Capped
121,Andre Russell,All-Rounder,12.0,KKR,2022,Overseas,Yes,Capped
122,Nitish Rana,All-Rounder,8.0,KKR,2022,Indian,No,Capped
123,Varun Chakravarthy,Bowler,8.0,KKR,2022,Indian,Yes,Capped
124,Venkatesh Iyer,All-Rounder,8.0,KKR,2022,Indian,Yes,Capped
125,Shivam Mavi,All-Rounder,7.25,KKR,2022,Indian,No,Uncapped
126,Pat Cummins,All-Rounder,7.25,KKR,2022,Overseas,No,Capped
127,Sunil Narine,All-Rounder,6.0,KKR,2022,Overseas,Yes,Capped
128,Umesh Yadav,Bowler,2.0,KKR,2022,Indian,No,Capped
129,Sam Billings,Wicket-Keeper,2.0,KKR,2022,Overseas,No,Capped
130,Tim Southee,Bowler,1.5,KKR,2022,Overseas,No,Capped
131,Alex Hales,Batsman,1.5,KKR,2022,Overseas,No,Capped
132,Mohammad Nabi,All-Rounder,1.0,KKR,2022,Overseas,No,Capped
133,Ajinkya Rahane,Batsman,1.0,KKR,2022,Indian,No,Capped
134,Sheldon Jackson,Wicket-Keeper,0.6,KKR,2022,Indian,No,Uncapped
135,Rinku Singh,Batsman,0.55,KKR,2022,Indian,No,Uncapped
136,Ashok Sharma,Bowler,0.55,KKR,2022,Indian,No,Uncapped
137,Chamika Karunaratne,All-Rounder,0.5,KKR,2022,Overseas,No,Capped
138,Abhijeet Tomar,Batsman,0.4,KKR,2022,Indian,No,Uncapped
139,Anukul Roy,All-Rounder,0.2,KKR,2022,Indian,No,Uncapped
140,Pratham Singh,Batsman,0.2,KKR,2022,Indian,No,Uncapped
141,Rasikh Dar,Bowler,0.2,KKR,2022,Indian,No,Uncapped
142,Ramesh Kumar,Batsman,0.2,KKR,2022,Indian,No,Uncapped
143,Aman Khan,All-Rounder,0.2,KKR,2022,Indian,No,Uncapped
144,Baba Indrajith,Wicket-Keeper,0.2,KKR,2022,Indian,No,Uncapped
145,Mayank Agarwal,Batsman,12.0,PBKS,2022,Indian,Yes,Capped
146,Liam Livingstone,All-Rounder,11.5,PBKS,2022,Overseas,No,Capped
147,Kagiso Rabada,Bowler,9.25,PBKS,2022,Overseas,No,Capped
148,Shahrukh Khan,All-Rounder,9.0,PBKS,2022,Indian,No,Uncapped
149,Shikhar Dhawan,Batsman,8.25,PBKS,2022,Indian,No,Capped
150,Jonny Bairstow,Wicket-Keeper,6.75,PBKS,2022,Overseas,No,Capped
151,Odean Smith,All-Rounder,6.0,PBKS,2022,Overseas,No,Capped
152,Rahul Chahar,Bowler,5.25,PBKS,2022,Indian,No,Capped
153,Arshdeep Singh,Bowler,4.0,PBKS,2022,Indian,Yes,Uncapped
154,Harpreet Brar,All-Rounder,3.8,PBKS,2022,Indian,No,Uncapped
155,Vaibhav Arora,Bowler,2.0,PBKS,2022,Indian,No,Uncapped
156,Raj Bawa,All-Rounder,2.0,PBKS,2022,Indian,No,Uncapped
157,Nathan Ellis,Bowler,0.75,PBKS,2022,Overseas,No,Capped
158,Prabhsimran Singh,Wicket-Keeper,0.6,PBKS,2022,Indian,No,Uncapped
159,Rishi Dhawan,All-Rounder,0.55,PBKS,2022,Indian,No,Capped
160,Bhanuka Rajapaksa,Batsman,0.5,PBKS,2022,Overseas,No,Capped
161,Sandeep Sharma,Bowler,0.5,PBKS,2022,Indian,No,Capped
162,Benny Howell,All-Rounder,0.4,PBKS,2022,Overseas,No,Uncapped
163,Ishan Porel,Bowler,0.25,PBKS,2022,Indian,No,Uncapped
164,Prerak Mankad,All-Rounder,0.2,PBKS,2022,Indian,No,Uncapped
165,Atharva Taide,All-Rounder,0.2,PBKS,2022,Indian,No,Uncapped
166,Ansh Patel,All-Rounder,0.2,PBKS,2022,Indian,No,Uncapped
167,Jitesh Sharma,Wicket-Keeper,0.2,PBKS,2022,Indian,No,Uncapped
168,Writtick Chatterjee,All-Rounder,0.2,PBKS,2022,Indian,No,Uncapped
169,Baltej Singh,Bowler,0.2,PBKS,2022,Indian,No,Uncapped
170,Sanju Samson,Wicket-Keeper,14.0,RR,2022,Indian,Yes,Capped
171,Prasidh Krishna,Bowler,10.0,RR,2022,Indian,No,Capped
172,Jos Buttler,Wicket-Keeper,10.0,RR,2022,Overseas,Yes,Capped
173,Shimron Hetmyer,Batsman,8.5,RR,2022,Overseas,No,Capped
174,Trent Boult,Bowler,8.0,RR,2022,Overseas,No,Capped
175,Devdutt Padikkal,Batsman,7.75,RR,2022,Indian,No,Capped
176,Yuzvendra Chahal,Bowler,6.5,RR,2022,Indian,No,Capped
177,Ravichandran Ashwin,All-Rounder,5.0,RR,2022,Indian,No,Capped
178,Yashasvi Jaiswal,Batsman,4.0,RR,2022,Indian,Yes,Uncapped
179,Riyan Parag,All-Rounder,3.8,RR,2022,Indian,No,Uncapped
180,Navdeep Saini,Bowler,2.6,RR,2022,Indian,No,Capped
181,Nathan Coulter-Nile,Bowler,2.0,RR,2022,Overseas,No,Capped
182,James Neesham,All-Rounder,1.5,RR,2022,Overseas,No,Capped
183,Karun Nair,Batsman,1.4,RR,2022,Indian,No,Capped
184,Rassie van der Dussen,Batsman,1.0,RR,2022,Overseas,No,Capped
185,Obed McCoy,Bowler,0.75,RR,2022,Overseas,No,Capped
186,Daryl Mitchell,All-Rounder,0.75,RR,2022,Overseas,No,Capped
187,KC Cariappa,Bowler,0.3,RR,2022,Indian,No,Uncapped
188,Tejas Baroka,Bowler,0.2,RR,2022,Indian,No,Uncapped
189,Kuldip Yadav,Bowler,0.2,RR,2022,Indian,No,Uncapped
190,Dhruv Jurel,Wicket-Keeper,0.2,RR,2022,Indian,No,Uncapped
191,Kuldeep Sen,Bowler,0.2,RR,2022,Indian,No,Uncapped
192,Shubham Garhwal,All-Rounder,0.2,RR,2022,Indian,No,Uncapped
193,Anunay Singh,All-Rounder,0.2,RR,2022,Indian,No,Uncapped
194,Virat Kohli,Batsman,15.0,RCB,2022,Indian,Yes,Capped
195,Glenn Maxwell,All-Rounder,11.0,RCB,2022,Overseas,Yes,Capped
196,Harshal Patel,All-Rounder,10.75,RCB,2022,Indian,No,Capped
197,Wanindu Hasaranga,All-Rounder,10.75,RCB,2022,Overseas,No,Capped
198,Josh Hazlewood,Bowler,7.75,RCB,2022,Overseas,No,Capped
199,Faf du Plessis,Batsman,7.0,RCB,2022,Overseas,No,Capped
200,Mohammed Siraj,Bowler,7.0,RCB,2022,Indian,Yes,Capped
201,Dinesh Karthik,Wicket-Keeper,5.5,RCB,2022,Indian,No,Capped
202,Anuj Rawat,Wicket-Keeper,3.4,RCB,2022,Indian,No,Uncapped
203,Shahbaz Ahmed,All-Rounder,2.4,RCB,2022,Indian,No,Uncapped
204,David Willey,All-Rounder,2.0,RCB,2022,Overseas,No,Capped
205,Sherfane Rutherford,All-Rounder,1.0,RCB,2022,Overseas,No,Capped
206,Mahipal Lomror,All-Rounder,0.95,RCB,2022,Indian,No,Uncapped
207,Finn Allen,Batsman,0.8,RCB,2022,Overseas,No,Capped
208,Jason Behrendorff,Bowler,0.75,RCB,2022,Overseas,No,Capped
209,Siddarth Kaul,Bowler,0.75,RCB,2022,Indian,No,Capped
210,Karn Sharma,Bowler,0.5,RCB,2022,Indian,No,Capped
211,Suyash Prabhudessai,All-Rounder,0.3,RCB,2022,Indian,No,Uncapped
212,Chama Milind,Bowler,0.25,RCB,2022,Indian,No,Uncapped
213,Aneeshwar Gautam,All-Rounder,0.2,RCB,2022,Indian,No,Uncapped
214,Akash Deep,Bowler,0.2,RCB,2022,Indian,No,Uncapped
215,Luvnith Sisodia,Wicket-Keeper,0.2,RCB,2022,Indian,No,Uncapped
216,Kane Williamson,Batsman,14.0,SRH,2022,Overseas,Yes,Capped
217,Nicholas Pooran,Wicket-Keeper,10.75,SRH,2022,Overseas,No,Capped
218,Washington Sundar,All-Rounder,8.75,SRH,2022,Indian,No,Capped
219,Rahul Tripathi,Batsman,8.5,SRH,2022,Indian,No,Uncapped
220,Romario Shepherd,All-Rounder,7.75,SRH,2022,Overseas,No,Capped
221,Abhishek Sharma,All-Rounder,6.5,SRH,2022,Indian,No,Uncapped
222,Bhuvneshwar Kumar,Bowler,4.2,SRH,2022,Indian,No,Capped
223,Marco Jansen,All-Rounder,4.2,SRH,2022,Overseas,No,Capped
224,Umran Malik,Bowler,4.0,SRH,2022,Indian,Yes,Uncapped
225,Abdul Samad,Batsman,4.0,SRH,2022,Indian,Yes,Uncapped
226,T Natarajan,Bowler,4.0,SRH,2022,Indian,No,Capped
227,Kartik Tyagi,Bowler,4.0,SRH,2022,Indian,No,Uncapped
228,Aiden Markram,Batsman,2.6,SRH,2022,Overseas,No,Capped
229,Sean Abbott,Bowler,2.4,SRH,2022,Overseas,No,Capped
230,Glenn Phillips,Wicket-Keeper,1.5,SRH,2022,Overseas,No,Capped
231,Shreyas Gopal,Bowler,0.75,SRH,2022,Indian,No,Uncapped
232,Fazalhaq Farooqi,Bowler,0.5,SRH,2022,Overseas,No,Capped
233,Vishnu Vinod,Wicket-Keeper,0.5,SRH,2022,Indian,No,Uncapped
234,Priyam Garg,Batsman,0.2,SRH,2022,Indian,No,Uncapped
235,Saurabh Dubey,Bowler,0.2,SRH,2022,Indian,No,Uncapped
236,Jagadeesha Suchith,Bowler,0.2,SRH,2022,Indian,No,Uncapped
237,Shashank Singh,All-Rounder,0.2,SRH,2022,Indian,No,Uncapped
238,Ravikumar Samarth,Batsman,0.2,SRH,2022,Indian,No,Uncapped
0,Ben Stokes,All-Rounder,16.25,CSK,2023,Overseas,No,Capped
1,Ravindra Jadeja,All-Rounder,16.0,CSK,2023,Indian,Yes,Capped
2,Deepak Chahar,Bowler,14.0,CSK,2023,Indian,Yes,Capped
3,MS Dhoni,Wicket-Keeper,12.0,CSK,2023,Indian,Yes,Capped
4,Moeen Ali,All-Rounder,8.0,CSK,2023,Overseas,Yes,Capped
5,Ambati Rayudu,Batter,6.75,CSK,2023,Indian,Yes,Capped
6,Ruturaj Gaikwad,Batter,6.0,CSK,2023,Indian,Yes,Capped
7,Shivam Dube,All-Rounder,4.0,CSK,2023,Indian,Yes,Capped
8,Mitchell Santner,All-Rounder,1.9,CSK,2023,Overseas,Yes,Capped
9,Rajvardhan Hangargekar,Bowler,1.5,CSK,2023,Indian,Yes,Uncapped
10,Prashant Solanki,Bowler,1.2,CSK,2023,Indian,Yes,Uncapped
11,Kyle Jamieson,Bowler,1.0,CSK,2023,Overseas,No,Capped
12,Devon Conway,Batter,1.0,CSK,2023,Overseas,Yes,Capped
13,Maheesh Theekshana,Bowler,0.7,CSK,2023,Overseas,Yes,Capped
14,Nishant Sindhu,All-Rounder,0.6,CSK,2023,Indian,No,Uncapped
15,Ajinkya Rahane,Batter,0.5,CSK,2023,Indian,No,Capped
16,Dwaine Pretorius,All-Rounder,0.5,CSK,2023,Overseas,Yes,Capped
17,Matheesha Pathirana,Bowler,0.2,CSK,2023,Overseas,Yes,Capped
18,Mukesh Choudhary,Bowler,0.2,CSK,2023,Indian,Yes,Uncapped
19,Shaik Rasheed,Batter,0.2,CSK,2023,Indian,No,Uncapped
20,Simarjeet Singh,Bowler,0.2,CSK,2023,Indian,Yes,Uncapped
21,Subhranshu Senapati,Batter,0.2,CSK,2023,Indian,Yes,Uncapped
22,Bhagath Varma,All-Rounder,0.2,CSK,2023,Indian,No,Uncapped
23,Ajay Mandal,All-Rounder,0.2,CSK,2023,Indian,No,Uncapped
24,Tushar Deshpande,Bowler,0.2,CSK,2023,Indian,Yes,Uncapped
25,Rishabh Pant,Wicket-Keeper,16.0,DC,2023,Indian,Yes,Capped
26,Axar Patel,All-Rounder,12.0,DC,2023,Indian,Yes,Capped
27,Prithvi Shaw,Batter,8.0,DC,2023,Indian,Yes,Capped
28,Mitchell Marsh,All-Rounder,6.5,DC,2023,Overseas,Yes,Capped
29,Anrich Nortje,Bowler,6.5,DC,2023,Overseas,Yes,Capped
30,David Warner,Batter,6.25,DC,2023,Overseas,Yes,Capped
31,Mukesh Kumar,Bowler,5.5,DC,2023,Indian,No,Uncapped
32,Khaleel Ahmed,Bowler,5.25,DC,2023,Indian,Yes,Capped
33,Rilee Rossouw,Batter,4.6,DC,2023,Overseas,No,Capped
34,Chetan Sakariya,Bowler,4.2,DC,2023,Indian,Yes,Capped
35,Rovman Powell,Batter,2.8,DC,2023,Overseas,Yes,Capped
36,Manish Pandey,Batter,2.4,DC,2023,Indian,No,Capped
37,Mustafizur Rahman,Bowler,2.0,DC,2023,Overseas,Yes,Capped
38,Kuldeep Yadav,Bowler,2.0,DC,2023,Indian,Yes,Capped
39,Philip Salt,Wicket-Keeper,2.0,DC,2023,Overseas,No,Capped
40,Kamlesh Nagarkoti,Bowler,1.1,DC,2023,Indian,Yes,Uncapped
41,Lalit Yadav,All-Rounder,0.65,DC,2023,Indian,Yes,Uncapped
42,Ishant Sharma,Bowler,0.5,DC,2023,Indian,No,Capped
43,Lungi Ngidi,Bowler,0.5,DC,2023,Overseas,Yes,Capped
44,Pravin Dubey,Bowler,0.5,DC,2023,Indian,Yes,Uncapped
45,Yash Dhull,Batter,0.5,DC,2023,Indian,Yes,Uncapped
46,Ripal Patel,Batter,0.2,DC,2023,Indian,Yes,Uncapped
47,Aman Khan,All-Rounder,0.2,DC,2023,Indian,Yes,Uncapped
48,Vicky Ostwal,Bowler,0.2,DC,2023,Indian,Yes,Uncapped
49,Sarfaraz Khan,Batter,0.2,DC,2023,Indian,Yes,Uncapped
50,Cameron Green,All-Rounder,17.5,MI,2023,Overseas,No,Capped
51,Rohit Sharma,Batter,16.0,MI,2023,Indian,Yes,Capped
52,Ishan Kishan,Wicket-Keeper,15.25,MI,2023,Indian,Yes,Capped
53,Jasprit Bumrah,Bowler,12.0,MI,2023,Indian,Yes,Capped
54,Tim David,Batter,8.25,MI,2023,Overseas,Yes,Capped
55,Jofra Archer,Bowler,8.0,MI,2023,Overseas,Yes,Capped
56,Suryakumar Yadav,Batter,8.0,MI,2023,Indian,Yes,Capped
57,Dewald Brevis,All-Rounder,3.0,MI,2023,Overseas,Yes,Capped
58,Tilak Varma,Batter,1.7,MI,2023,Indian,Yes,Uncapped
59,Jhye Richardson,Bowler,1.5,MI,2023,Overseas,No,Capped
60,Jason Behrendorff,Bowler,0.75,MI,2023,Overseas,Yes,Capped
61,Piyush Chawla,Bowler,0.5,MI,2023,Indian,No,Capped
62,Arjun Tendulkar,Bowler,0.3,MI,2023,Indian,Yes,Uncapped
63,Kumar Kartikeya,Bowler,0.2,MI,2023,Indian,Yes,Uncapped
64,Duan Jansen,Bowler,0.2,MI,2023,Overseas,No,Uncapped
65,Arshad Khan,Bowler,0.2,MI,2023,Indian,Yes,Uncapped
66,Hrithik Shokeen,Bowler,0.2,MI,2023,Indian,Yes,Uncapped
67,Akash Madhwal,Bowler,0.2,MI,2023,Indian,Yes,Uncapped
68,Raghav Goyal,Bowler,0.2,MI,2023,Indian,No,Uncapped
69,Tristan Stubbs,Batter,0.2,MI,2023,Overseas,Yes,Capped
70,Nehal Wadhera,All-Rounder,0.2,MI,2023,Indian,No,Uncapped
71,Shams Mulani,All-Rounder,0.2,MI,2023,Indian,No,Uncapped
72,Ramandeep Singh,Batter,0.2,MI,2023,Indian,Yes,Uncapped
73,Vishnu Vinod,Wicket-Keeper,0.2,MI,2023,Indian,No,Uncapped
74,KL Rahul,Batter,17.0,LSG,2023,Indian,Yes,Capped
75,Nicholas Pooran,Wicket-Keeper,16.0,LSG,2023,Overseas,No,Capped
76,Avesh Khan,Bowler,10.0,LSG,2023,Indian,Yes,Capped
77,Marcus Stoinis,All-Rounder,10.0,LSG,2023,Overseas,Yes,Capped
78,Krunal Pandya,All-Rounder,8.25,LSG,2023,Indian,Yes,Capped
79,Mark Wood,Bowler,7.5,LSG,2023,Overseas,Yes,Capped
80,Quinton de Kock,Wicket-Keeper,6.75,LSG,2023,Overseas,Yes,Capped
81,Deepak Hooda,All-Rounder,5.75,LSG,2023,Indian,Yes,Capped
82,Ravi Bishnoi,Bowler,4.0,LSG,2023,Indian,Yes,Capped
83,Krishnappa Gowtham,All-Rounder,0.9,LSG,2023,Indian,Yes,Capped
84,Daniel Sams,All-Rounder,0.75,LSG,2023,Overseas,No,Capped
85,Amit Mishra,Bowler,0.5,LSG,2023,Indian,No,Capped
86,Jaydev Unadkat,Bowler,0.5,LSG,2023,Indian,No,Capped
87,Kyle Mayers,Batter,0.5,LSG,2023,Overseas,Yes,Capped
88,Naveen-ul-Haq,Bowler,0.5,LSG,2023,Overseas,No,Capped
89,Romario Shepherd,All-Rounder,0.5,LSG,2023,Overseas,No,Capped
90,Yash Thakur,Bowler,0.45,LSG,2023,Indian,No,Uncapped
91,Mohsin Khan,Bowler,0.2,LSG,2023,Indian,Yes,Uncapped
92,Ayush Badoni,Batter,0.2,LSG,2023,Indian,Yes,Uncapped
93,Karan Sharma,All-Rounder,0.2,LSG,2023,Indian,Yes,Uncapped
94,Yudhvir Singh,All-Rounder,0.2,LSG,2023,Indian,No,Uncapped
95,Mayank Yadav,Bowler,0.2,LSG,2023,Indian,Yes,Uncapped
96,Prerak Mankad,All-Rounder,0.2,LSG,2023,Indian,No,Uncapped
97,Swapnil Singh,All-Rounder,0.2,LSG,2023,Indian,No,Uncapped
98,Manan Vohra,Batter,0.2,LSG,2023,Indian,Yes,Uncapped
99,Hardik Pandya,All-Rounder,15.0,GT,2023,Indian,Yes,Capped
100,Rashid Khan,Bowler,15.0,GT,2023,Overseas,Yes,Capped
101,Rahul Tewatia,All-Rounder,9.0,GT,2023,Indian,Yes,Capped
102,Shubman Gill,Batter,8.0,GT,2023,Indian,Yes,Capped
103,Mohammad Shami,Bowler,6.25,GT,2023,Indian,Yes,Capped
104,Shivam Mavi,Bowler,6.0,GT,2023,Indian,No,Uncapped
105,Josh Little,Bowler,4.4,GT,2023,Overseas,No,Capped
106,Yash Dayal,Bowler,3.2,GT,2023,Indian,Yes,Uncapped
107,Sai Kishore,All-Rounder,3.0,GT,2023,Indian,Yes,Uncapped
108,David Miller,Batter,3.0,GT,2023,Overseas,Yes,Capped
109,Abhinav Manohar,Batter,2.6,GT,2023,Indian,Yes,Uncapped
110,Alzarri Joseph,Bowler,2.4,GT,2023,Overseas,Yes,Capped
111,Matthew Wade,Wicket-Keeper,2.4,GT,2023,Overseas,Yes,Capped
112,Kane Williamson,Batter,2.0,GT,2023,Overseas,No,Capped
113,Wriddhiman Saha,Wicket-Keeper,1.9,GT,2023,Indian,Yes,Capped
114,Jayant Yadav,Bowler,1.7,GT,2023,Indian,Yes,Capped
115,Vijay Shankar,All-Rounder,1.4,GT,2023,Indian,Yes,Capped
116,Srikar Bharat,Wicket-Keeper,1.2,GT,2023,Indian,No,Uncapped
117,Mohit Sharma,Bowler,0.5,GT,2023,Indian,No,Capped
118,Odean Smith,All-Rounder,0.5,GT,2023,Overseas,No,Capped
119,Noor Ahmad,Bowler,0.3,GT,2023,Overseas,Yes,Capped
120,Darshan Nalkande,Bowler,0.2,GT,2023,Indian,Yes,Uncapped
121,Urvil Patel,Wicket-Keeper,0.2,GT,2023,Indian,No,Uncapped
122,Sai Sudharsan,Batter,0.2,GT,2023,Indian,Yes,Uncapped
123,Pradeep Sangwan,Bowler,0.2,GT,2023,Indian,Yes,Capped
124,Andre Russell,All-Rounder,16.0,KKR,2023,Overseas,Yes,Capped
125,Shreyas Iyer,Batter,12.25,KKR,2023,Indian,Yes,Capped
126,Varun Chakaravarthy,Bowler,12.0,KKR,2023,Indian,Yes,Capped
127,Shardul Thakur,Bowler,10.75,KKR,2023,Indian,Yes,Capped
128,Lockie Ferguson,Bowler,10.0,KKR,2023,Overseas,Yes,Capped
129,Venkatesh Iyer,All-Rounder,8.0,KKR,2023,Indian,Yes,Capped
130,Nitish Rana,Batter,8.0,KKR,2023,Indian,Yes,Uncapped
131,Sunil Narine,All-Rounder,6.0,KKR,2023,Overseas,Yes,Capped
132,Umesh Yadav,Bowler,2.0,KKR,2023,Indian,Yes,Capped
133,Shakib Al Hasan,All-Rounder,1.5,KKR,2023,Overseas,No,Capped
134,Tim Southee,Bowler,1.5,KKR,2023,Overseas,Yes,Capped
135,David Wiese,All-Rounder,1.0,KKR,2023,Overseas,No,Associate
136,Narayan Jagadeesan,Wicket-Keeper,0.9,KKR,2023,Indian,No,Uncapped
137,Vaibhav Arora,Bowler,0.6,KKR,2023,Indian,No,Uncapped
138,Rinku Singh,Batter,0.55,KKR,2023,Indian,Yes,Uncapped
139,Mandeep Singh,Batter,0.5,KKR,2023,Indian,No,Capped
140,Litton Das,Wicket-Keeper,0.5,KKR,2023,Overseas,No,Capped
141,Rahmanullah Gurbaz,Wicket-Keeper,0.5,KKR,2023,Overseas,Yes,Capped
142,Suyash Sharma,Bowler,0.2,KKR,2023,Indian,No,Uncapped
143,Harshit Rana,Bowler,0.2,KKR,2023,Indian,Yes,Uncapped
144,Anukul Roy,All-Rounder,0.2,KKR,2023,Indian,Yes,Uncapped
145,Kulwant Khejroliya,Bowler,0.2,KKR,2023,Indian,No,Uncapped
146,Sam Curran,All-Rounder,18.5,PBKS,2023,Overseas,No,Capped
147,Liam Livingstone,All-Rounder,11.5,PBKS,2023,Overseas,Yes,Capped
148,Kagiso Rabada,Bowler,9.25,PBKS,2023,Overseas,Yes,Capped
149,Shahrukh Khan,Batter,9.0,PBKS,2023,Indian,Yes,Uncapped
150,Shikhar Dhawan,Batter,8.25,PBKS,2023,Indian,Yes,Capped
151,Jonny Bairstow,Wicket-Keeper,6.75,PBKS,2023,Overseas,Yes,Capped
152,Rahul Chahar,Bowler,5.25,PBKS,2023,Indian,Yes,Capped
153,Arshdeep Singh,Bowler,4.0,PBKS,2023,Indian,Yes,Capped
154,Harpreet Brar,Bowler,3.8,PBKS,2023,Indian,Yes,Uncapped
155,Raj Bawa,All-Rounder,2.0,PBKS,2023,Indian,Yes,Uncapped
156,Nathan Ellis,Bowler,0.75,PBKS,2023,Overseas,Yes,Capped
157,Prabhsimran Singh,Wicket-Keeper,0.6,PBKS,2023,Indian,Yes,Uncapped
158,Rishi Dhawan,All-Rounder,0.55,PBKS,2023,Indian,Yes,Capped
159,Sikandar Raza,All-Rounder,0.5,PBKS,2023,Overseas,No,Capped
160,Bhanuka Rajapaksa,Batter,0.5,PBKS,2023,Overseas,Yes,Capped
161,Harpreet Singh Bhatia,Batter,0.4,PBKS,2023,Indian,No,Uncapped
162,Atharva Taide,Batter,0.2,PBKS,2023,Indian,Yes,Uncapped
163,Mohit Rathee,All-Rounder,0.2,PBKS,2023,Indian,No,Uncapped
164,Shivam Singh,All-Rounder,0.2,PBKS,2023,Indian,No,Uncapped
165,Vidhwath Kaverappa,Bowler,0.2,PBKS,2023,Indian,No,Uncapped
166,Jitesh Sharma,Wicket-Keeper,0.2,PBKS,2023,Indian,Yes,Uncapped
167,Baltej Singh,Bowler,0.2,PBKS,2023,Indian,Yes,Uncapped
168,Sanju Samson,Wicket-Keeper,14.0,RR,2023,Indian,Yes,Capped
169,Prasidh Krishna,Bowler,10.0,RR,2023,Indian,Yes,Capped
170,Jos Buttler,Wicket-Keeper,10.0,RR,2023,Overseas,Yes,Capped
171,Shimron Hetmyer,Batter,8.5,RR,2023,Overseas,Yes,Capped
172,Trent Boult,Bowler,8.0,RR,2023,Overseas,Yes,Capped
173,Devdutt Padikkal,Batter,7.75,RR,2023,Indian,Yes,Capped
174,Yuzvendra Chahal,Bowler,6.5,RR,2023,Indian,Yes,Capped
175,Jason Holder,All-Rounder,5.75,RR,2023,Overseas,No,Capped
176,Ravichandran Ashwin,All-Rounder,5.0,RR,2023,Indian,Yes,Capped
177,Yashasvi Jaiswal,Batter,4.0,RR,2023,Indian,Yes,Uncapped
178,Riyan Parag,Batter,3.8,RR,2023,Indian,Yes,Uncapped
179,Navdeep Saini,Bowler,2.6,RR,2023,Indian,Yes,Capped
180,Adam Zampa,Bowler,1.5,RR,2023,Overseas,No,Capped
181,Joe Root,Batter,1.0,RR,2023,Overseas,No,Capped
182,Obed McCoy,Bowler,0.75,RR,2023,Overseas,Yes,Capped
183,D Ferreira,Wicket-Keeper,0.5,RR,2023,Overseas,No,Uncapped
184,KM Asif,Bowler,0.3,RR,2023,Indian,No,Uncapped
185,KC Cariappa,Bowler,0.3,RR,2023,Indian,Yes,Uncapped
186,Kuldeep Sen,Bowler,0.2,RR,2023,Indian,Yes,Uncapped
187,Dhruv Jurel,Wicket-Keeper,0.2,RR,2023,Indian,Yes,Uncapped
188,Kunal Singh Rathore,Wicket-Keeper,0.2,RR,2023,Indian,No,Uncapped
189,Abdul Basith,All-Rounder,0.2,RR,2023,Indian,No,Uncapped
190,Akash Vasisht,All-Rounder,0.2,RR,2023,Indian,No,Uncapped
191,Murugan Ashwin,Bowler,0.2,RR,2023,Indian,No,Uncapped
192,Virat Kohli,Batter,15.0,RCB,2023,Indian,Yes,Capped
193,Glenn Maxwell,All-Rounder,11.0,RCB,2023,Overseas,Yes,Capped
194,Harshal Patel,Bowler,10.75,RCB,2023,Indian,Yes,Capped
195,Wanindu Hasaranga,All-Rounder,10.75,RCB,2023,Overseas,Yes,Capped
196,Josh Hazlewood,Bowler,7.75,RCB,2023,Overseas,Yes,Capped
197,Faf du Plessis,Batter,7.0,RCB,2023,Overseas,Yes,Capped
198,Mohammed Siraj,Bowler,7.0,RCB,2023,Indian,Yes,Capped
199,Dinesh Karthik,Wicket-Keeper,5.5,RCB,2023,Indian,Yes,Capped
200,Anuj Rawat,Wicket-Keeper,3.4,RCB,2023,Indian,Yes,Uncapped
201,Will Jacks,Batter,3.2,RCB,2023,Overseas,No,Capped
202,Shahbaz Ahmed,All-Rounder,2.4,RCB,2023,Indian,Yes,Uncapped
203,David Willey,Bowler,2.0,RCB,2023,Overseas,Yes,Capped
204,Reece Topley,Bowler,1.9,RCB,2023,Overseas,No,Capped
205,Mahipal Lomror,All-Rounder,0.95,RCB,2023,Indian,Yes,Uncapped
206,Finn Allen,Batter,0.8,RCB,2023,Overseas,Yes,Capped
207,Siddarth Kaul,Bowler,0.75,RCB,2023,Indian,Yes,Capped
208,Rajan Kumar,Bowler,0.7,RCB,2023,Indian,No,Uncapped
209,Avinash Singh,Bowler,0.6,RCB,2023,Indian,No,Uncapped
210,Karn Sharma,Bowler,0.5,RCB,2023,Indian,Yes,Capped
211,Suyash Prabhudessai,Batter,0.3,RCB,2023,Indian,Yes,Uncapped
212,Sonu Yadav,All-Rounder,0.2,RCB,2023,Indian,No,Uncapped
213,Manoj Bhandage,All-Rounder,0.2,RCB,2023,Indian,No,Uncapped
214,Akash Deep,Bowler,0.2,RCB,2023,Indian,Yes,Uncapped
215,Himanshu Sharma,Bowler,0.2,RCB,2023,Indian,No,Uncapped
216,Rajat Patidar,Batter,0.2,RCB,2023,Indian,Yes,Uncapped
217,Harry Brook,Batter,13.25,SRH,2023,Overseas,No,Capped
218,Washington Sundar,All-Rounder,8.75,SRH,2023,Indian,Yes,Capped
219,Rahul Tripathi,Batter,8.5,SRH,2023,Indian,Yes,Capped
220,Mayank Agarwal,Batter,8.25,SRH,2023,Indian,No,Capped
221,Abhishek Sharma,All-Rounder,6.5,SRH,2023,Indian,Yes,Uncapped
222,Heinrich Klaasen,Wicket-Keeper,5.25,SRH,2023,Overseas,No,Capped
223,Bhuvneshwar Kumar,Bowler,4.2,SRH,2023,Indian,Yes,Capped
224,Marco Jansen,Bowler,4.2,SRH,2023,Overseas,Yes,Capped
225,Abdul Samad,Batter,4.0,SRH,2023,Indian,Yes,Uncapped
226,Umran Malik,Bowler,4.0,SRH,2023,Indian,Yes,Capped
227,T Natarajan,Bowler,4.0,SRH,2023,Indian,Yes,Capped
228,Kartik Tyagi,Bowler,4.0,SRH,2023,Indian,Yes,Uncapped
229,Aiden Markram,Batter,2.6,SRH,2023,Overseas,Yes,Capped
230,Vivrant Sharma,All-Rounder,2.6,SRH,2023,Indian,No,Uncapped
231,Adil Rashid,Bowler,2.0,SRH,2023,Overseas,No,Capped
232,Mayank Dagar,All-Rounder,1.8,SRH,2023,Indian,No,Uncapped
233,Glenn Phillips,Wicket-Keeper,1.5,SRH,2023,Overseas,Yes,Capped
234,Akeal Hosein,Bowler,1.0,SRH,2023,Overseas,No,Capped
235,Mayank Markande,Bowler,0.5,SRH,2023,Indian,No,Capped
236,Fazalhaq Farooqi,Bowler,0.5,SRH,2023,Overseas,Yes,Capped
237,Upendra Yadav,Wicket-Keeper,0.25,SRH,2023,Indian,No,Uncapped
238,Sanvir Singh,All-Rounder,0.2,SRH,2023,Indian,No,Uncapped
239,Samarth Vyas,All-Rounder,0.2,SRH,2023,Indian,No,Uncapped
240,Nitish Kumar Reddy,Wicket-Keeper,0.2,SRH,2023,Indian,No,Uncapped
241,Anmolpreet Singh,Batter,0.2,SRH,2023,Indian,No,Uncapped
0,Ravindra Jadeja,All-Rounder,16.0,CSK,2024,Indian,Yes,Capped
1,Daryl Mitchell,All-Rounder,14.0,CSK,2024,Overseas,No,Capped
2,Deepak Chahar,Bowler,14.0,CSK,2024,Indian,Yes,Capped
3,MS Dhoni,Wicket-Keeper,12.0,CSK,2024,Indian,Yes,Capped
4,Sameer Rizvi,Batter,8.4,CSK,2024,Indian,No,Uncapped
5,Ruturaj Gaikwad,Batter,8.0,CSK,2024,Indian,Yes,Capped
6,Moeen Ali,All-Rounder,6.0,CSK,2024,Overseas,Yes,Capped
7,Shivam Dube,All-Rounder,4.0,CSK,2024,Indian,Yes,Capped
8,Shardul Thakur,All-Rounder,4.0,CSK,2024,Indian,No,Capped
9,Mustafizur Rahman,Bowler,2.0,CSK,2024,Overseas,No,Capped
10,Mitchell Santner,All-Rounder,1.9,CSK,2024,Overseas,Yes,Capped
11,Rachin Ravindra,All-Rounder,1.8,CSK,2024,Overseas,No,Capped
12,Rajvardhan Hangargekar,Bowler,1.5,CSK,2024,Indian,Yes,Uncapped
13,Prashant Solanki,Bowler,1.2,CSK,2024,Indian,Yes,Uncapped
14,Devon Conway,Wicket-Keeper,1.0,CSK,2024,Overseas,Yes,Capped
15,Maheesh Theekshana,Bowler,0.7,CSK,2024,Overseas,Yes,Capped
16,Nishant Sindhu,All-Rounder,0.6,CSK,2024,Indian,Yes,Uncapped
17,Ajinkya Rahane,Batter,0.5,CSK,2024,Indian,Yes,Capped
18,Matheesha Pathirana,Bowler,0.2,CSK,2024,Overseas,Yes,Capped
19,Shaik Rasheed,Batter,0.2,CSK,2024,Indian,Yes,Uncapped
20,Ajay Mandal,All-Rounder,0.2,CSK,2024,Indian,Yes,Uncapped
21,Simarjeet Singh,Bowler,0.2,CSK,2024,Indian,Yes,Uncapped
22,Mukesh Choudhary,Bowler,0.2,CSK,2024,Indian,Yes,Uncapped
23,Tushar Deshpande,Bowler,0.2,CSK,2024,Indian,Yes,Uncapped
24,Aravelly Rao,Wicket-Keeper,0.2,CSK,2024,Indian,No,Uncapped
25,Rishabh Pant,Wicket-Keeper,16.0,DC,2024,Indian,Yes,Capped
26,Axar Patel,All-Rounder,12.0,DC,2024,Indian,Yes,Capped
27,Prithvi Shaw,Batter,8.0,DC,2024,Indian,Yes,Capped
28,Kumar Kushagra,Wicket-Keeper,7.2,DC,2024,Indian,No,Uncapped
29,Mitchell Marsh,All-Rounder,6.5,DC,2024,Overseas,Yes,Capped
30,Anrich Nortje,Bowler,6.5,DC,2024,Overseas,Yes,Capped
31,David Warner,Batter,6.25,DC,2024,Overseas,Yes,Capped
32,Mukesh Kumar,Bowler,5.5,DC,2024,Indian,Yes,Capped
33,Khaleel Ahmed,Bowler,5.25,DC,2024,Indian,Yes,Capped
34,Jhye Richardson,Bowler,5.0,DC,2024,Overseas,No,Capped
35,Harry Brook,Batter,4.0,DC,2024,Overseas,No,Capped
36,Kuldeep Yadav,Bowler,2.0,DC,2024,Indian,Yes,Capped
37,Sumit Kumar,All-Rounder,1.0,DC,2024,Indian,No,Uncapped
38,Shai Hope,Wicket-Keeper,0.75,DC,2024,Overseas,No,Capped
39,Lalit Yadav,All-Rounder,0.65,DC,2024,Indian,Yes,Uncapped
40,Ishant Sharma,Bowler,0.5,DC,2024,Indian,Yes,Capped
41,Lungi Ngidi,Bowler,0.5,DC,2024,Overseas,Yes,Capped
42,Pravin Dubey,Bowler,0.5,DC,2024,Indian,Yes,Uncapped
43,Yash Dhull,Batter,0.5,DC,2024,Indian,Yes,Uncapped
44,Tristan Stubbs,Wicket-Keeper,0.5,DC,2024,Overseas,No,Capped
45,Rasikh Dar,Bowler,0.2,DC,2024,Indian,No,Uncapped
46,Abishek Porel,Wicket-Keeper,0.2,DC,2024,Indian,Yes,Uncapped
47,Vicky Ostwal,Bowler,0.2,DC,2024,Indian,Yes,Uncapped
48,Ricky Bhui,Wicket-Keeper,0.2,DC,2024,Indian,No,Uncapped
49,Swastik Chikara,Batter,0.2,DC,2024,Indian,No,Uncapped
50,Rohit Sharma,Batter,16.0,MI,2024,Indian,Yes,Capped
51,Ishan Kishan,Wicket-Keeper,15.25,MI,2024,Indian,Yes,Capped
52,Hardik Pandya,All-Rounder,15.0,MI,2024,Indian,No,Capped
53,Jasprit Bumrah,Bowler,12.0,MI,2024,Indian,Yes,Capped
54,Tim David,Batter,8.25,MI,2024,Overseas,Yes,Capped
55,Suryakumar Yadav,Batter,8.0,MI,2024,Indian,Yes,Capped
56,Gerald Coetzee,All-Rounder,5.0,MI,2024,Overseas,No,Capped
57,Nuwan Thushara,Bowler,4.8,MI,2024,Overseas,No,Capped
58,Dilshan Madushanka,Bowler,4.6,MI,2024,Overseas,No,Capped
59,Dewald Brevis,All-Rounder,3.0,MI,2024,Overseas,Yes,Capped
60,Tilak Varma,Batter,1.7,MI,2024,Indian,Yes,Capped
61,Mohammad Nabi,All-Rounder,1.5,MI,2024,Overseas,No,Capped
62,Jason Behrendorff,Bowler,0.75,MI,2024,Overseas,Yes,Capped
63,Piyush Chawla,Bowler,0.5,MI,2024,Indian,Yes,Capped
64,Romario Shepherd,All-Rounder,0.5,MI,2024,Overseas,No,Capped
65,Arjun Tendulkar,Bowler,0.3,MI,2024,Indian,Yes,Uncapped
66,Shams Mulani,All-Rounder,0.2,MI,2024,Indian,Yes,Uncapped
67,Akash Madhwal,Bowler,0.2,MI,2024,Indian,Yes,Uncapped
68,Kumar Kartikeya,Bowler,0.2,MI,2024,Indian,Yes,Uncapped
69,Vishnu Vinod,Wicket-Keeper,0.2,MI,2024,Indian,Yes,Uncapped
70,Shivalik Sharma,All-Rounder,0.2,MI,2024,Indian,No,Uncapped
71,Naman Dhir,All-Rounder,0.2,MI,2024,Indian,No,Uncapped
72,Nehal Wadhera,All-Rounder,0.2,MI,2024,Indian,Yes,Uncapped
73,Anshul Kamboj,All-Rounder,0.2,MI,2024,Indian,No,Uncapped
74,Shreyas Gopal,Bowler,0.2,MI,2024,Indian,No,Uncapped
75,KL Rahul,Batter,17.0,LSG,2024,Indian,Yes,Capped
76,Nicholas Pooran,Wicket-Keeper,16.0,LSG,2024,Overseas,Yes,Capped
77,Marcus Stoinis,All-Rounder,10.0,LSG,2024,Overseas,Yes,Capped
78,Krunal Pandya,All-Rounder,8.25,LSG,2024,Indian,Yes,Capped
79,Devdutt Padikkal,Batter,7.75,LSG,2024,Indian,No,Capped
80,Mark Wood,Bowler,7.5,LSG,2024,Overseas,Yes,Capped
81,Quinton de Kock,Wicket-Keeper,6.75,LSG,2024,Overseas,Yes,Capped
82,Shivam Mavi,Bowler,6.4,LSG,2024,Indian,No,Capped
83,Deepak Hooda,All-Rounder,5.75,LSG,2024,Indian,Yes,Capped
84,Ravi Bishnoi,Bowler,4.0,LSG,2024,Indian,Yes,Capped
85,Manimaran Siddharth,Bowler,2.4,LSG,2024,Indian,No,Uncapped
86,David Willey,All-Rounder,2.0,LSG,2024,Overseas,No,Capped
87,Ashton Turner,Batter,1.0,LSG,2024,Overseas,No,Capped
88,Krishnappa Gowtham,All-Rounder,0.9,LSG,2024,Indian,Yes,Uncapped
89,Amit Mishra,Bowler,0.5,LSG,2024,Indian,Yes,Capped
90,Kyle Mayers,All-Rounder,0.5,LSG,2024,Overseas,Yes,Capped
91,Naveen-ul-Haq,Bowler,0.5,LSG,2024,Overseas,Yes,Capped
92,Yash Thakur,Bowler,0.45,LSG,2024,Indian,Yes,Uncapped
93,Mohsin Khan,Bowler,0.2,LSG,2024,Indian,Yes,Uncapped
94,Yudhvir Singh,All-Rounder,0.2,LSG,2024,Indian,Yes,Uncapped
95,Ayush Badoni,Batter,0.2,LSG,2024,Indian,Yes,Uncapped
96,Mayank Yadav,Bowler,0.2,LSG,2024,Indian,Yes,Uncapped
97,Arshad Khan,All-Rounder,0.2,LSG,2024,Indian,No,Uncapped
98,Prerak Mankad,All-Rounder,0.2,LSG,2024,Indian,Yes,Uncapped
99,Arshin Kulkarni,All-Rounder,0.2,LSG,2024,Indian,No,Uncapped
100,Rashid Khan,Bowler,15.0,GT,2024,Overseas,Yes,Capped
101,Spencer Johnson,Bowler,10.0,GT,2024,Overseas,No,Capped
102,Rahul Tewatia,All-Rounder,9.0,GT,2024,Indian,Yes,Capped
103,Shubman Gill,Batter,8.0,GT,2024,Indian,Yes,Capped
104,Shahrukh Khan,All-Rounder,7.4,GT,2024,Indian,No,Uncapped
105,Mohammed Shami,Bowler,6.25,GT,2024,Indian,Yes,Capped
106,Umesh Yadav,Bowler,5.8,GT,2024,Indian,No,Capped
107,Joshua Little,Bowler,4.4,GT,2024,Overseas,Yes,Capped
108,Robin Minz,Wicket-Keeper,3.6,GT,2024,Indian,No,Uncapped
109,Sai Kishore,Bowler,3.0,GT,2024,Indian,Yes,Capped
110,David Miller,Batter,3.0,GT,2024,Overseas,Yes,Capped
111,Abhinav Manohar,Batter,2.6,GT,2024,Indian,Yes,Uncapped
112,Matthew Wade,Wicket-Keeper,2.4,GT,2024,Overseas,Yes,Capped
113,Sushant Mishra,Bowler,2.2,GT,2024,Indian,No,Uncapped
114,Kane Williamson,Batter,2.0,GT,2024,Overseas,Yes,Capped
115,Wriddhiman Saha,Wicket-Keeper,1.9,GT,2024,Indian,Yes,Capped
116,Jayant Yadav,Bowler,1.7,GT,2024,Indian,Yes,Capped
117,Vijay Shankar,All-Rounder,1.4,GT,2024,Indian,Yes,Capped
118,Kartik Tyagi,Bowler,0.6,GT,2024,Indian,No,Uncapped
119,Mohit Sharma,Bowler,0.5,GT,2024,Indian,Yes,Capped
120,Azmatullah Omarzai,All-Rounder,0.5,GT,2024,Overseas,No,Capped
121,Noor Ahmad,Bowler,0.3,GT,2024,Overseas,Yes,Capped
122,Darshan Nalkande,Bowler,0.2,GT,2024,Indian,Yes,Uncapped
123,Manav Suthar,Bowler,0.2,GT,2024,Indian,No,Uncapped
124,Sai Sudharsan,Batter,0.2,GT,2024,Indian,Yes,Uncapped
125,Mitchell Starc,Bowler,24.75,KKR,2024,Overseas,No,Capped
126,Andre Russell,All-Rounder,16.0,KKR,2024,Overseas,Yes,Capped
127,Shreyas Iyer,Batter,12.25,KKR,2024,Indian,Yes,Capped
128,Varun Chakaravarthy,Bowler,12.0,KKR,2024,Indian,Yes,Capped
129,Nitish Rana,Batter,8.0,KKR,2024,Indian,Yes,Capped
130,Venkatesh Iyer,All-Rounder,8.0,KKR,2024,Indian,Yes,Capped
131,Sunil Narine,All-Rounder,6.0,KKR,2024,Overseas,Yes,Capped
132,Jason Roy,Batter,2.8,KKR,2024,Overseas,Yes,Capped
133,Mujeeb Ur Rahman,Bowler,2.0,KKR,2024,Overseas,No,Capped
134,Sherfane Rutherford,Batter,1.5,KKR,2024,Overseas,No,Capped
135,Gus Atkinson,Bowler,1.0,KKR,2024,Overseas,No,Capped
136,Vaibhav Arora,Bowler,0.6,KKR,2024,Indian,Yes,Uncapped
137,Rinku Singh,Batter,0.55,KKR,2024,Indian,Yes,Capped
138,Manish Pandey,Batter,0.5,KKR,2024,Indian,No,Capped
139,KS Bharat,Wicket-Keeper,0.5,KKR,2024,Indian,No,Capped
140,Chetan Sakariya,Bowler,0.5,KKR,2024,Indian,No,Capped
141,Rahmanullah Gurbaz,Wicket-Keeper,0.5,KKR,2024,Overseas,Yes,Capped
142,Angkrish Raghuvanshi,Batter,0.2,KKR,2024,Indian,No,Uncapped
143,Harshit Rana,Bowler,0.2,KKR,2024,Indian,Yes,Uncapped
144,Ramandeep Singh,All-Rounder,0.2,KKR,2024,Indian,No,Uncapped
145,Anukul Roy,All-Rounder,0.2,KKR,2024,Indian,Yes,Uncapped
146,Sakib Hussain,Bowler,0.2,KKR,2024,Indian,No,Uncapped
147,Suyash Sharma,Bowler,0.2,KKR,2024,Indian,Yes,Uncapped
148,Sam Curran,All-Rounder,18.5,PBKS,2024,Overseas,Yes,Capped
149,Harshal Patel,All-Rounder,11.75,PBKS,2024,Indian,No,Capped
150,Liam Livingstone,All-Rounder,11.5,PBKS,2024,Overseas,Yes,Capped
151,Kagiso Rabada,Bowler,9.25,PBKS,2024,Overseas,Yes,Capped
152,Shikhar Dhawan,Batter,8.25,PBKS,2024,Indian,Yes,Capped
153,Rilee Rossouw,Batter,8.0,PBKS,2024,Overseas,No,Capped
154,Jonny Bairstow,Wicket-Keeper,6.75,PBKS,2024,Overseas,Yes,Capped
155,Rahul Chahar,Bowler,5.25,PBKS,2024,Indian,Yes,Capped
156,Chris Woakes,All-Rounder,4.2,PBKS,2024,Overseas,No,Capped
157,Arshdeep Singh,Bowler,4.0,PBKS,2024,Indian,Yes,Capped
158,Harpreet Brar,Bowler,3.8,PBKS,2024,Indian,Yes,Uncapped
159,Nathan Ellis,Bowler,0.75,PBKS,2024,Overseas,Yes,Capped
160,Prabhsimran Singh,Wicket-Keeper,0.6,PBKS,2024,Indian,Yes,Uncapped
161,Rishi Dhawan,All-Rounder,0.55,PBKS,2024,Indian,Yes,Capped
162,Sikandar Raza,All-Rounder,0.5,PBKS,2024,Overseas,Yes,Capped
163,Harpreet Singh,Batter,0.4,PBKS,2024,Indian,Yes,Uncapped
164,Atharva Taide,Batter,0.2,PBKS,2024,Indian,Yes,Uncapped
165,Ashutosh Sharma,All-Rounder,0.2,PBKS,2024,Indian,No,Uncapped
166,Jitesh Sharma,Wicket-Keeper,0.2,PBKS,2024,Indian,Yes,Capped
167,Shashank Singh,All-Rounder,0.2,PBKS,2024,Indian,No,Uncapped
168,Prince Choudhary,Bowler,0.2,PBKS,2024,Indian,No,Uncapped
169,Shivam Singh,Batter,0.2,PBKS,2024,Indian,Yes,Uncapped
170,Vidwath Kaverappa,Bowler,0.2,PBKS,2024,Indian,Yes,Uncapped
171,Vishwapratap Singh,All-Rounder,0.2,PBKS,2024,Indian,No,Uncapped
172,Tanay Thyagarajan,All-Rounder,0.2,PBKS,2024,Indian,No,Uncapped
173,Sanju Samson,Wicket-Keeper,14.0,RR,2024,Indian,Yes,Capped
174,Jos Buttler,Wicket-Keeper,10.0,RR,2024,Overseas,Yes,Capped
175,Prasidh Krishna,Bowler,10.0,RR,2024,Indian,Yes,Capped
176,Avesh Khan,Bowler,10.0,RR,2024,Indian,No,Capped
177,Shimron Hetmyer,Batter,8.5,RR,2024,Overseas,Yes,Capped
178,Trent Boult,Bowler,8.0,RR,2024,Overseas,Yes,Capped
179,Rovman Powell,Batter,7.4,RR,2024,Overseas,No,Capped
180,Yuzvendra Chahal,Bowler,6.5,RR,2024,Indian,Yes,Capped
181,Shubham Dubey,Batter,5.8,RR,2024,Indian,No,Uncapped
182,Ravichandran Ashwin,All-Rounder,5.0,RR,2024,Indian,Yes,Capped
183,Yashasvi Jaiswal,Batter,4.0,RR,2024,Indian,Yes,Capped
184,Riyan Parag,All-Rounder,3.8,RR,2024,Indian,Yes,Uncapped
185,Navdeep Saini,Bowler,2.6,RR,2024,Indian,Yes,Capped
186,Adam Zampa,Bowler,1.5,RR,2024,Overseas,Yes,Capped
187,Sandeep Sharma,Bowler,0.5,RR,2024,Indian,Yes,Capped
188,Donovan Ferreira,Wicket-Keeper,0.5,RR,2024,Overseas,Yes,Uncapped
189,Nandre Burger,Bowler,0.5,RR,2024,Overseas,No,Uncapped
190,Tom Kohler-Cadmore,Wicket-Keeper,0.4,RR,2024,Overseas,No,Uncapped
191,Kuldeep Sen,Bowler,0.2,RR,2024,Indian,Yes,Uncapped
192,Dhruv Jurel,Wicket-Keeper,0.2,RR,2024,Indian,Yes,Uncapped
193,Abid Mushtaq,All-Rounder,0.2,RR,2024,Indian,No,Uncapped
194,Kunal Singh Rathore,Wicket-Keeper,0.2,RR,2024,Indian,Yes,Uncapped
195,Cameron Green,All-Rounder,17.5,RCB,2024,Overseas,No,Capped
196,Virat Kohli,Batter,15.0,RCB,2024,Indian,Yes,Capped
197,Alzarri Joseph,Bowler,11.5,RCB,2024,Overseas,No,Capped
198,Glenn Maxwell,All-Rounder,11.0,RCB,2024,Overseas,Yes,Capped
199,Mohammed Siraj,Bowler,7.0,RCB,2024,Indian,Yes,Capped
200,Faf du Plessis,Batter,7.0,RCB,2024,Overseas,Yes,Capped
201,Dinesh Karthik,Wicket-Keeper,5.5,RCB,2024,Indian,Yes,Capped
202,Yash Dayal,Bowler,5.0,RCB,2024,Indian,No,Uncapped
203,Anuj Rawat,Wicket-Keeper,3.4,RCB,2024,Indian,Yes,Uncapped
204,Will Jacks,Batter,3.2,RCB,2024,Overseas,Yes,Capped
205,Lockie Ferguson,Bowler,2.0,RCB,2024,Overseas,No,Capped
206,Reece Topley,Bowler,1.9,RCB,2024,Overseas,Yes,Capped
207,Mayank Dagar,All-Rounder,1.8,RCB,2024,Indian,No,Uncapped
208,Tom Curran,All-Rounder,1.5,RCB,2024,Overseas,No,Capped
209,Mahipal Lomror,All-Rounder,0.95,RCB,2024,Indian,Yes,Uncapped
210,Rajan Kumar,Bowler,0.7,RCB,2024,Indian,Yes,Uncapped
211,Karn Sharma,Bowler,0.5,RCB,2024,Indian,Yes,Capped
212,Suyash Prabhudessai,Batter,0.3,RCB,2024,Indian,Yes,Uncapped
213,Vyshak Vijay Kumar,Bowler,0.2,RCB,2024,Indian,Yes,Uncapped
214,Akash Deep,Bowler,0.2,RCB,2024,Indian,Yes,Uncapped
215,Manoj Bhandage,All-Rounder,0.2,RCB,2024,Indian,Yes,Uncapped
216,Rajat Patidar,Batter,0.2,RCB,2024,Indian,Yes,Uncapped
217,Himanshu Sharma,Bowler,0.2,RCB,2024,Indian,Yes,Uncapped
218,Swapnil Singh,All-Rounder,0.2,RCB,2024,Indian,No,Uncapped
219,Pat Cummins,All-Rounder,20.5,SRH,2024,Overseas,No,Capped
220,Washington Sundar,All-Rounder,8.75,SRH,2024,Indian,Yes,Capped
221,Rahul Tripathi,Batter,8.5,SRH,2024,Indian,Yes,Capped
222,Mayank Agarwal,Batter,8.25,SRH,2024,Indian,Yes,Capped
223,Travis Head,Batter,6.8,SRH,2024,Overseas,No,Capped
224,Abhishek Sharma,All-Rounder,6.5,SRH,2024,Indian,Yes,Capped
225,Heinrich Klaasen,Wicket-Keeper,5.25,SRH,2024,Overseas,Yes,Capped
226,Marco Jansen,All-Rounder,4.2,SRH,2024,Overseas,Yes,Capped
227,Bhuvneshwar Kumar,Bowler,4.2,SRH,2024,Indian,Yes,Capped
228,Abdul Samad,Batter,4.0,SRH,2024,Indian,Yes,Uncapped
229,Umran Malik,Bowler,4.0,SRH,2024,Indian,Yes,Capped
230,T Natarajan,Bowler,4.0,SRH,2024,Indian,Yes,Capped
231,Aiden Markram,All-Rounder,2.6,SRH,2024,Overseas,Yes,Capped
232,Shahbaz Ahmed,All-Rounder,2.4,SRH,2024,Indian,No,Capped
233,Jaydev Unadkat,Bowler,1.6,SRH,2024,Indian,No,Capped
234,Wanindu Hasaranga,All-Rounder,1.5,SRH,2024,Overseas,No,Capped
235,Glenn Phillips,All-Rounder,1.5,SRH,2024,Overseas,Yes,Capped
236,Mayank Markande,Bowler,0.5,SRH,2024,Indian,Yes,Capped
237,Fazalhaq Farooqi,Bowler,0.5,SRH,2024,Overseas,Yes,Capped
238,Upendra Yadav,Wicket-Keeper,0.25,SRH,2024,Indian,Yes,Uncapped
239,Jhatavedh Subramanyan,Bowler,0.2,SRH,2024,Indian,No,Uncapped
240,Akash Singh,Bowler,0.2,SRH,2024,Indian,No,Uncapped
241,Nitish Kumar Reddy,Batter,0.2,SRH,2024,Indian,Yes,Uncapped
242,Sanvir Singh,All-Rounder,0.2,SRH,2024,Indian,Yes,Uncapped
243,Anmolpreet Singh,Batter,0.2,SRH,2024,Indian,Yes,Uncapped
0,Ravindra Jadeja,All-Rounder,18.0,CSK,2025,Indian,Yes,Capped
1,Ruturaj Gaikwad,Batter,18.0,CSK,2025,Indian,Yes,Capped
2,Matheesha Pathirana,Bowler,13.0,CSK,2025,Overseas,Yes,Capped
3,Shivam Dube,All-Rounder,12.0,CSK,2025,Indian,Yes,Capped
4,Noor Ahmad,Bowler,10.0,CSK,2025,Overseas,No,Capped
5,Ravichandran Ashwin,All-Rounder,9.75,CSK,2025,Indian,No,Capped
6,Devon Conway,Batter,6.25,CSK,2025,Overseas,No,Capped
7,Khaleel Ahmed,Bowler,4.8,CSK,2025,Indian,No,Capped
8,MS Dhoni,Wicket-Keeper,4.0,CSK,2025,Indian,Yes,Uncapped
9,Rachin Ravindra,All-Rounder,4.0,CSK,2025,Overseas,No,Capped
10,Rahul Tripathi,Batter,3.4,CSK,2025,Indian,No,Capped
11,Anshul Kamboj,All-Rounder,3.4,CSK,2025,Indian,No,Uncapped
12,Sam Curran,All-Rounder,2.4,CSK,2025,Overseas,No,Capped
13,Gurjapneet Singh,Bowler,2.2,CSK,2025,Indian,No,Uncapped
14,Nathan Ellis,Bowler,2.0,CSK,2025,Overseas,No,Capped
15,Deepak Hooda,All-Rounder,1.7,CSK,2025,Indian,No,Capped
16,Jamie Overton,All-Rounder,1.5,CSK,2025,Overseas,No,Capped
17,Vijay Shankar,All-Rounder,1.2,CSK,2025,Indian,No,Uncapped
18,Vansh Bedi,Wicket-Keeper,0.55,CSK,2025,Indian,No,Uncapped
19,Mukesh Choudhary,Bowler,0.3,CSK,2025,Indian,No,Uncapped
20,Shaik Rasheed,Batter,0.3,CSK,2025,Indian,No,Uncapped
21,Andre Siddharth,Batter,0.3,CSK,2025,Indian,No,Uncapped
22,Ramakrishna Ghosh,All-Rounder,0.3,CSK,2025,Indian,No,Uncapped
23,Kamlesh Nagarkoti,All-Rounder,0.3,CSK,2025,Indian,No,Uncapped
24,Shreyas Gopal,Bowler,0.3,CSK,2025,Indian,No,Uncapped
25,Axar Patel,All-Rounder,16.5,DC,2025,Indian,Yes,Capped
26,KL Rahul,Wicket-Keeper,14.0,DC,2025,Indian,No,Capped
27,Kuldeep Yadav,Bowler,13.25,DC,2025,Indian,Yes,Capped
28,Mitchell Starc,Bowler,11.75,DC,2025,Overseas,No,Capped
29,T Natarajan,Bowler,10.75,DC,2025,Indian,No,Capped
30,Tristan Stubbs,Wicket-Keeper,10.0,DC,2025,Overseas,Yes,Capped
31,Jake Fraser-McGurk,Batter,9.0,DC,2025,Overseas,No,Capped
32,Mukesh Kumar,Bowler,8.0,DC,2025,Indian,No,Capped
33,Harry Brook,Batter,6.25,DC,2025,Overseas,No,Capped
34,Abishek Porel,Wicket-Keeper,4.0,DC,2025,Indian,Yes,Uncapped
35,Ashutosh Sharma,All-Rounder,3.8,DC,2025,Indian,No,Uncapped
36,Mohit Sharma,Bowler,2.2,DC,2025,Indian,No,Uncapped
37,Faf du Plessis,Batter,2.0,DC,2025,Overseas,No,Capped
38,Sameer Rizvi,All-Rounder,0.95,DC,2025,Indian,No,Uncapped
39,Dushmantha Chameera,Bowler,0.75,DC,2025,Overseas,No,Capped
40,Donovan Ferreira,Wicket-Keeper,0.75,DC,2025,Overseas,No,Capped
41,Vipraj Nigam,All-Rounder,0.5,DC,2025,Indian,No,Uncapped
42,Karun Nair,Batter,0.5,DC,2025,Indian,No,Uncapped
43,Madhav Tiwari,All-Rounder,0.4,DC,2025,Indian,No,Uncapped
44,Ajay Mandal,All-Rounder,0.3,DC,2025,Indian,No,Uncapped
45,Tripurana Vijay,All-Rounder,0.3,DC,2025,Indian,No,Uncapped
46,Manvanth Kumar L,All-Rounder,0.3,DC,2025,Indian,No,Uncapped
47,Darshan Nalkande,All-Rounder,0.3,DC,2025,Indian,No,Uncapped
48,Jasprit Bumrah,Bowler,18.0,MI,2025,Indian,Yes,Capped
49,Hardik Pandya,All-Rounder,16.35,MI,2025,Indian,Yes,Capped
50,Suryakumar Yadav,Batter,16.35,MI,2025,Indian,Yes,Capped
51,Rohit Sharma,Batter,16.3,MI,2025,Indian,Yes,Capped
52,Trent Boult,Bowler,12.5,MI,2025,Overseas,No,Capped
53,Deepak Chahar,Bowler,9.25,MI,2025,Indian,No,Capped
54,Tilak Varma,Batter,8.0,MI,2025,Indian,Yes,Capped
55,Naman Dhir,All-Rounder,5.25,MI,2025,Indian,No,Uncapped
56,Will Jacks,All-Rounder,5.25,MI,2025,Overseas,No,Capped
57,AM Ghazanfar,Bowler,4.8,MI,2025,Overseas,No,Capped
58,Mitchell Santner,All-Rounder,2.0,MI,2025,Overseas,No,Capped
59,Ryan Rickelton,Wicket-Keeper,1.0,MI,2025,Overseas,No,Capped
60,Lizaad Williams,Bowler,0.75,MI,2025,Overseas,No,Capped
61,Reece Topley,Bowler,0.75,MI,2025,Overseas,No,Capped
62,Robin Minz,Wicket-Keeper,0.65,MI,2025,Indian,No,Uncapped
63,Karn Sharma,Bowler,0.5,MI,2025,Indian,No,Uncapped
64,Krishnan Shrijith,Wicket-Keeper,0.3,MI,2025,Indian,No,Uncapped
65,Raj Bawa,All-Rounder,0.3,MI,2025,Indian,No,Uncapped
66,Ashwani Kumar,Bowler,0.3,MI,2025,Indian,No,Uncapped
67,Vignesh Puthur,All-Rounder,0.3,MI,2025,Indian,No,Uncapped
68,Satyanarayana Raju,Bowler,0.3,MI,2025,Indian,No,Uncapped
69,Bevon Jacobs,Batter,0.3,MI,2025,Overseas,No,Uncapped
70,Arjun Tendulkar,Bowler,0.3,MI,2025,Indian,No,Uncapped
71,Rishabh Pant,Batter,27.0,LSG,2025,Indian,No,Capped
72,Nicholas Pooran,Wicket-Keeper,21.0,LSG,2025,Overseas,Yes,Capped
73,Ravi Bishnoi,Bowler,11.0,LSG,2025,Indian,Yes,Capped
74,Mayank Yadav,Bowler,11.0,LSG,2025,Indian,Yes,Capped
75,Avesh Khan,Bowler,9.75,LSG,2025,Indian,No,Capped
76,Akash Deep,Bowler,8.0,LSG,2025,Indian,No,Capped
77,David Miller,Batter,7.5,LSG,2025,Overseas,No,Capped
78,Abdul Samad,All-Rounder,4.2,LSG,2025,Indian,No,Uncapped
79,Mohsin Khan,Bowler,4.0,LSG,2025,Indian,Yes,Uncapped
80,Ayush Badoni,Batter,4.0,LSG,2025,Indian,Yes,Uncapped
81,Mitchell Marsh,All-Rounder,3.4,LSG,2025,Overseas,No,Capped
82,Shahbaz Ahmed,All-Rounder,2.4,LSG,2025,Indian,No,Capped
83,Aiden Markram,Batter,2.0,LSG,2025,Overseas,No,Capped
84,Shamar Joseph,Bowler,0.75,LSG,2025,Overseas,No,Capped
85,Matthew Breetzke,Batter,0.75,LSG,2025,Overseas,No,Capped
86,M. Siddharth,Bowler,0.75,LSG,2025,Indian,No,Uncapped
87,Rajvardhan Hangargekar,All-Rounder,0.3,LSG,2025,Indian,No,Uncapped
88,Akash Singh,Bowler,0.3,LSG,2025,Indian,No,Uncapped
89,Yuvraj Chaudhary,All-Rounder,0.3,LSG,2025,Indian,No,Uncapped
90,Prince Yadav,Bowler,0.3,LSG,2025,Indian,No,Uncapped
91,Arshin Kulkarni,All-Rounder,0.3,LSG,2025,Indian,No,Uncapped
92,Digvesh Singh,Bowler,0.3,LSG,2025,Indian,No,Uncapped
93,Aryan Juyal,Wicket-Keeper,0.3,LSG,2025,Indian,No,Uncapped
94,Himmat Singh,Batter,0.3,LSG,2025,Indian,No,Uncapped
95,Rashid Khan,Bowler,18.0,GT,2025,Overseas,Yes,Capped
96,Shubman Gill,Batter,16.5,GT,2025,Indian,Yes,Capped
97,Jos Buttler,Wicket-Keeper,15.75,GT,2025,Overseas,No,Capped
98,Mohammed Siraj,Bowler,12.25,GT,2025,Indian,No,Capped
99,Kagiso Rabada,Bowler,10.75,GT,2025,Overseas,No,Capped
100,Prasidh Krishna,Bowler,9.5,GT,2025,Indian,No,Capped
101,Sai Sudharsan,Batter,8.5,GT,2025,Indian,Yes,Capped
102,Rahul Tewatia,All-Rounder,4.0,GT,2025,Indian,Yes,Uncapped
103,Shahrukh Khan,All-Rounder,4.0,GT,2025,Indian,Yes,Uncapped
104,Washington Sundar,All-Rounder,3.2,GT,2025,Indian,No,Capped
105,Sherfane Rutherford,Batter,2.6,GT,2025,Overseas,No,Capped
106,Gerald Coetzee,Bowler,2.4,GT,2025,Overseas,No,Capped
107,Sai Kishore,All-Rounder,2.0,GT,2025,Indian,No,Capped
108,Glenn Phillips,Batter,2.0,GT,2025,Overseas,No,Capped
109,Mahipal Lomror,All-Rounder,1.7,GT,2025,Indian,No,Uncapped
110,Arshad Khan,All-Rounder,1.3,GT,2025,Indian,No,Uncapped
111,Gurnoor Brar,Bowler,1.3,GT,2025,Indian,No,Uncapped
112,Karim Janat,All-Rounder,0.75,GT,2025,Overseas,No,Capped
113,Ishant Sharma,Bowler,0.75,GT,2025,Indian,No,Capped
114,Jayant Yadav,All-Rounder,0.75,GT,2025,Indian,No,Capped
115,Kumar Kushagra,Wicket-Keeper,0.65,GT,2025,Indian,No,Uncapped
116,Nishant Sindhu,All-Rounder,0.3,GT,2025,Indian,No,Uncapped
117,Manav Suthar,Bowler,0.3,GT,2025,Indian,No,Uncapped
118,Anuj Rawat,Wicket-Keeper,0.3,GT,2025,Indian,No,Uncapped
119,Kulwant Khejroliya,Bowler,0.3,GT,2025,Indian,No,Uncapped
120,Venkatesh Iyer,All-Rounder,23.75,KKR,2025,Indian,No,Capped
121,Rinku Singh,Batter,13.0,KKR,2025,Indian,Yes,Capped
122,Varun Chakaravarthy,Bowler,12.0,KKR,2025,Indian,Yes,Capped
123,Sunil Narine,All-Rounder,12.0,KKR,2025,Overseas,Yes,Capped
124,Andre Russell,All-Rounder,12.0,KKR,2025,Overseas,Yes,Capped
125,Anrich Nortje,Bowler,6.5,KKR,2025,Overseas,No,Capped
126,Ramandeep Singh,All-Rounder,4.0,KKR,2025,Indian,Yes,Uncapped
127,Harshit Rana,Bowler,4.0,KKR,2025,Indian,Yes,Uncapped
128,Quinton de Kock,Wicket-Keeper,3.6,KKR,2025,Overseas,No,Capped
129,Angkrish Raghuvanshi,Batter,3.0,KKR,2025,Indian,No,Uncapped
130,Spencer Johnson,Bowler,2.8,KKR,2025,Overseas,No,Capped
131,Moeen Ali,All-Rounder,2.0,KKR,2025,Overseas,No,Capped
132,Rahmanullah Gurbaz,Wicket-Keeper,2.0,KKR,2025,Overseas,No,Capped
133,Vaibhav Arora,Bowler,1.8,KKR,2025,Indian,No,Uncapped
134,Rovman Powell,Batter,1.5,KKR,2025,Overseas,No,Capped
135,Ajinkya Rahane,Batter,1.5,KKR,2025,Indian,No,Capped
136,Manish Pandey,Batter,0.75,KKR,2025,Indian,No,Capped
137,Umran Malik,Bowler,0.75,KKR,2025,Indian,No,Capped
138,Anukul Roy,All-Rounder,0.4,KKR,2025,Indian,No,Uncapped
139,Luvnith Sisodia,Wicket-Keeper,0.3,KKR,2025,Indian,No,Uncapped
140,Mayank Markande,Bowler,0.3,KKR,2025,Indian,No,Uncapped
141,Shreyas Iyer,Batter,26.75,PBKS,2025,Indian,No,Capped
142,Yuzvendra Chahal,Bowler,18.0,PBKS,2025,Indian,No,Capped
143,Arshdeep Singh,Bowler,18.0,PBKS,2025,Indian,No,Capped
144,Marcus Stoinis,All-Rounder,11.0,PBKS,2025,Overseas,No,Capped
145,Marco Jansen,All-Rounder,7.0,PBKS,2025,Overseas,No,Capped
146,Shashank Singh,Batter,5.5,PBKS,2025,Indian,Yes,Uncapped
147,Nehal Wadhera,Batter,4.2,PBKS,2025,Indian,No,Uncapped
148,Glenn Maxwell,All-Rounder,4.2,PBKS,2025,Overseas,No,Capped
149,Prabhsimran Singh,Wicket-Keeper,4.0,PBKS,2025,Indian,Yes,Uncapped
150,Priyansh Arya,All-Rounder,3.8,PBKS,2025,Indian,No,Uncapped
151,Josh Inglis,Wicket-Keeper,2.6,PBKS,2025,Overseas,No,Capped
152,Azmatullah Omarzai,All-Rounder,2.4,PBKS,2025,Overseas,No,Capped
153,Lockie Ferguson,Bowler,2.0,PBKS,2025,Overseas,No,Capped
154,Vijaykumar Vyshak,Bowler,1.8,PBKS,2025,Indian,No,Uncapped
155,Yash Thakur,Bowler,1.6,PBKS,2025,Indian,No,Uncapped
156,Harpreet Brar,All-Rounder,1.5,PBKS,2025,Indian,No,Uncapped
157,Aaron Hardie,All-Rounder,1.25,PBKS,2025,Overseas,No,Capped
158,Vishnu Vinod,Wicket-Keeper,0.95,PBKS,2025,Indian,No,Uncapped
159,Xavier Bartlett,Bowler,0.8,PBKS,2025,Overseas,No,Capped
160,Kuldeep Sen,Bowler,0.8,PBKS,2025,Indian,No,Capped
161,Harnoor Singh,Batter,0.3,PBKS,2025,Indian,No,Uncapped
162,Suryansh Shedge,All-Rounder,0.3,PBKS,2025,Indian,No,Uncapped
163,Pyla Avinash,Batter,0.3,PBKS,2025,Indian,No,Uncapped
164,Musheer Khan,All-Rounder,0.3,PBKS,2025,Indian,No,Uncapped
165,Pravin Dubey,All-Rounder,0.3,PBKS,2025,Indian,No,Uncapped
166,Sanju Samson,Wicket-Keeper,18.0,RR,2025,Indian,Yes,Capped
167,Yashasvi Jaiswal,Batter,18.0,RR,2025,Indian,Yes,Capped
168,Riyan Parag,All-Rounder,14.0,RR,2025,Indian,Yes,Capped
169,Dhruv Jurel,Wicket-Keeper,14.0,RR,2025,Indian,Yes,Capped
170,Jofra Archer,Bowler,12.5,RR,2025,Overseas,No,Capped
171,Shimron Hetmyer,Batter,11.0,RR,2025,Overseas,Yes,Capped
172,Tushar Deshpande,Bowler,6.5,RR,2025,Indian,No,Capped
173,Wanindu Hasaranga,Bowler,5.25,RR,2025,Overseas,No,Capped
174,Maheesh Theekshana,Bowler,4.4,RR,2025,Overseas,No,Capped
175,Nitish Rana,All-Rounder,4.2,RR,2025,Indian,No,Capped
176,Sandeep Sharma,Bowler,4.0,RR,2025,Indian,Yes,Uncapped
177,Fazalhaq Farooqi,Bowler,2.0,RR,2025,Overseas,No,Capped
178,Kwena Maphaka,Bowler,1.5,RR,2025,Overseas,No,Capped
179,Akash Madhwal,Bowler,1.2,RR,2025,Indian,No,Uncapped
180,Vaibhav Suryavanshi,Batter,1.1,RR,2025,Indian,No,Uncapped
181,Shubham Dubey,Batter,0.8,RR,2025,Indian,No,Uncapped
182,Yudhvir Charak,All-Rounder,0.35,RR,2025,Indian,No,Uncapped
183,Ashok Sharma,Bowler,0.3,RR,2025,Indian,No,Uncapped
184,Kumar Kartikeya,Bowler,0.3,RR,2025,Indian,No,Uncapped
185,Kunal Singh Rathore,Wicket-Keeper,0.3,RR,2025,Indian,No,Uncapped
186,Virat Kohli,Batter,21.0,RCB,2025,Indian,Yes,Capped
187,Josh Hazlewood,Bowler,12.5,RCB,2025,Overseas,No,Capped
188,Phil Salt,Wicket-Keeper,11.5,RCB,2025,Overseas,No,Capped
189,Jitesh Sharma,Wicket-Keeper,11.0,RCB,2025,Indian,No,Capped
190,Rajat Patidar,Batter,11.0,RCB,2025,Indian,Yes,Capped
191,Bhuvneshwar Kumar,Bowler,10.75,RCB,2025,Indian,No,Capped
192,Liam Livingstone,All-Rounder,8.75,RCB,2025,Overseas,No,Capped
193,Rasikh Dar,Bowler,6.0,RCB,2025,Indian,No,Uncapped
194,Krunal Pandya,All-Rounder,5.75,RCB,2025,Indian,No,Capped
195,Yash Dayal,Bowler,5.0,RCB,2025,Indian,Yes,Uncapped
196,Tim David,All-Rounder,3.0,RCB,2025,Overseas,No,Capped
197,Suyash Sharma,Bowler,2.6,RCB,2025,Indian,No,Uncapped
198,Jacob Bethell,All-Rounder,2.6,RCB,2025,Overseas,No,Capped
199,Devdutt Padikkal,Batter,2.0,RCB,2025,Indian,No,Capped
200,Nuwan Thushara,Bowler,1.6,RCB,2025,Overseas,No,Capped
201,Romario Shepherd,All-Rounder,1.5,RCB,2025,Overseas,No,Capped
202,Lungi Ngidi,Bowler,1.0,RCB,2025,Overseas,No,Capped
203,Swapnil Singh,All-Rounder,0.5,RCB,2025,Indian,No,Uncapped
204,Manoj Bhandage,All-Rounder,0.3,RCB,2025,Indian,No,Uncapped
205,Abhinandan Singh,Bowler,0.3,RCB,2025,Indian,No,Uncapped
206,Mohit Rathee,Bowler,0.3,RCB,2025,Indian,No,Uncapped
207,Swastik Chikara,Batter,0.3,RCB,2025,Indian,No,Uncapped
208,Heinrich Klaasen,Wicket-Keeper,23.0,SRH,2025,Overseas,Yes,Capped
209,Pat Cummins,All-Rounder,18.0,SRH,2025,Overseas,Yes,Capped
210,Travis Head,Batter,14.0,SRH,2025,Overseas,Yes,Capped
211,Abhishek Sharma,All-Rounder,14.0,SRH,2025,Indian,Yes,Capped
212,Ishan Kishan,Wicket-Keeper,11.25,SRH,2025,Indian,No,Capped
213,Mohammed Shami,Bowler,10.0,SRH,2025,Indian,No,Capped
214,Harshal Patel,All-Rounder,8.0,SRH,2025,Indian,No,Capped
215,Nitish Kumar Reddy,Batter,6.0,SRH,2025,Indian,Yes,Uncapped
216,Abhinav Manohar,Batter,3.2,SRH,2025,Indian,No,Uncapped
217,Rahul Chahar,Bowler,3.2,SRH,2025,Indian,No,Capped
218,Adam Zampa,Bowler,2.4,SRH,2025,Overseas,No,Capped
219,Simarjeet Singh,Bowler,1.5,SRH,2025,Indian,No,Uncapped
220,Eshan Malinga,Bowler,1.2,SRH,2025,Overseas,No,Uncapped
221,Brydon Carse,All-Rounder,1.0,SRH,2025,Overseas,No,Capped
222,Jaydev Unadkat,Bowler,1.0,SRH,2025,Indian,No,Capped
223,Kamindu Mendis,All-Rounder,0.75,SRH,2025,Overseas,No,Capped
224,Zeeshan Ansari,Bowler,0.4,SRH,2025,Indian,No,Uncapped
225,Aniket Verma,Batter,0.3,SRH,2025,Indian,No,Uncapped
226,Atharva Taide,Batter,0.3,SRH,2025,Indian,No,Uncapped
227,Sachin Baby,Batter,0.3,SRH,2025,Indian,No,Uncapped
