,Player Name,Team,Year,Price,Replacement,Retained
0,Ravindra Jadeja,CSK,2022,16.0,No,Yes
1,Deepak Chahar,CSK,2022,14.0,No,No
2,MS Dhoni,CSK,2022,12.0,No,Yes
3,Moeen Ali,CSK,2022,8.0,No,Yes
4,Ambati Rayudu,CSK,2022,6.75,No,No
5,Ruturaj Gaikwad,CSK,2022,6.0,No,Yes
6,Dwayne Bravo,CSK,2022,4.4,No,No
7,Shivam Dube,CSK,2022,4.0,No,No
8,Chris Jordan,CSK,2022,3.6,No,No
9,Robin Uthappa,CSK,2022,2.0,No,No
10,Mitchell Santner,CSK,2022,1.9,No,No
11,Adam Milne,CSK,2022,1.9,No,No
12,Rajvardhan Hangargekar,CSK,2022,1.5,No,No
13,Prashant Solanki,CSK,2022,1.2,No,No
14,Devon Conway,CSK,2022,1.0,No,No
15,Maheesh Theekshana,CSK,2022,0.7,No,No
16,Dwaine Pretorius,CSK,2022,0.5,No,No
17,Narayan Jagadeesan,CSK,2022,0.2,No,No
18,KM Asif,CSK,2022,0.2,No,No
19,Tushar Deshpande,CSK,2022,0.2,No,No
20,Subhranshu Senapati,CSK,2022,0.2,No,No
21,Bhagath Varma,CSK,2022,0.2,No,No
22,Simarjeet Singh,CSK,2022,0.2,No,No
23,Hari Nishaanth,CSK,2022,0.2,No,No
24,Mukesh Choudhary,CSK,2022,0.2,No,No
25,Rishabh Pant,DC,2022,16.0,No,Yes
26,Shardul Thakur,DC,2022,10.75,No,No
27,Axar Patel,DC,2022,9.0,No,Yes
28,Prithvi Shaw,DC,2022,7.5,No,Yes
29,Mitchell Marsh,DC,2022,6.5,No,No
30,Anrich Nortje,DC,2022,6.5,No,Yes
31,David Warner,DC,2022,6.25,No,No
32,Khaleel Ahmed,DC,2022,5.25,No,No
33,Chetan Sakariya,DC,2022,4.2,No,No
34,Rovman Powell,DC,2022,2.8,No,No
35,Kuldeep Yadav,DC,2022,2.0,No,No
36,KS Bharat,DC,2022,2.0,No,No
37,Mustafizur Rahman,DC,2022,2.0,No,No
38,Kamlesh Nagarkoti,DC,2022,1.1,No,No
39,Mandeep Singh,DC,2022,1.1,No,No
40,Lalit Yadav,DC,2022,0.65,No,No
41,Yash Dhull,DC,2022,0.5,No,No
42,Lungi Ngidi,DC,2022,0.5,No,No
43,Tim Seifert,DC,2022,0.5,No,No
44,Pravin Dubey,DC,2022,0.5,No,No
45,Ashwin Hebbar,DC,2022,0.2,No,No
46,Ripal Patel,DC,2022,0.2,No,No
47,Vicky Ostwal,DC,2022,0.2,No,No
48,Sarfaraz Khan,DC,2022,0.2,No,No
49,Rohit Sharma,MI,2022,16.0,No,Yes
50,Ishan Kishan,MI,2022,15.25,No,No
51,Jasprit Bumrah,MI,2022,12.0,No,Yes
52,Tim David,MI,2022,8.25,No,No
53,Jofra Archer,MI,2022,8.0,No,No
54,Suryakumar Yadav,MI,2022,8.0,No,Yes
55,Kieron Pollard,MI,2022,6.0,No,Yes
56,Dewald Brevis,MI,2022,3.0,No,No
57,Daniel Sams,MI,2022,2.6,No,No
58,Tilak Varma,MI,2022,1.7,No,No
59,Murugan Ashwin,MI,2022,1.6,No,No
60,Tymal Mills,MI,2022,1.5,No,No
61,Jaydev Unadkat,MI,2022,1.3,No,No
62,Riley Meredith,MI,2022,1.0,No,No
63,Fabian Allen,MI,2022,0.75,No,No
64,Mayank Markande,MI,2022,0.65,No,No
65,Sanjay Yadav,MI,2022,0.5,No,No
66,Basil Thampi,MI,2022,0.3,No,No
67,Arjun Tendulkar,MI,2022,0.3,No,No
68,Ramandeep Singh,MI,2022,0.2,No,No
69,Anmolpreet Singh,MI,2022,0.2,No,No
70,Aryan Juyal,MI,2022,0.2,No,No
71,Arshad Khan,MI,2022,0.2,No,No
72,Rahul Buddhi,MI,2022,0.2,No,No
73,Hrithik Shokeen,MI,2022,0.2,No,No
74,KL Rahul,LSG,2022,17.0,No,Yes
75,Avesh Khan,LSG,2022,10.0,No,No
76,Marcus Stoinis,LSG,2022,9.2,No,Yes
77,Jason Holder,LSG,2022,8.75,No,No
78,Krunal Pandya,LSG,2022,8.25,No,No
79,Mark Wood,LSG,2022,7.5,No,No
80,Quinton de Kock,LSG,2022,6.75,No,No
81,Deepak Hooda,LSG,2022,5.75,No,No
82,Manish Pandey,LSG,2022,4.6,No,No
83,Ravi Bishnoi,LSG,2022,4.0,No,Yes
84,Evin Lewis,LSG,2022,2.0,No,No
85,Dushmantha Chameera,LSG,2022,2.0,No,No
86,Krishnappa Gowtham,LSG,2022,0.9,No,No
87,Kyle Mayers,LSG,2022,0.5,No,No
88,Shahbaz Nadeem,LSG,2022,0.5,No,No
89,Ankit Rajpoot,LSG,2022,0.5,No,No
90,Mohsin Khan,LSG,2022,0.2,No,No
91,Ayush Badoni,LSG,2022,0.2,No,No
92,Karan Sharma,LSG,2022,0.2,No,No
93,Mayank Yadav,LSG,2022,0.2,No,No
94,Manan Vohra,LSG,2022,0.2,No,No
95,Rashid Khan,GT,2022,15.0,No,Yes
96,Hardik Pandya,GT,2022,15.0,No,Yes
97,Lockie Ferguson,GT,2022,10.0,No,No
98,Rahul Tewatia,GT,2022,9.0,No,No
99,Shubman Gill,GT,2022,8.0,No,Yes
100,Mohammed Shami,GT,2022,6.25,No,No
101,Yash Dayal,GT,2022,3.2,No,No
102,Sai Kishore,GT,2022,3.0,No,No
103,David Miller,GT,2022,3.0,No,No
104,Abhinav Manohar,GT,2022,2.6,No,No
105,Alzarri Joseph,GT,2022,2.4,No,No
106,Matthew Wade,GT,2022,2.4,No,No
107,Jason Roy,GT,2022,2.0,No,No
108,Wriddhiman Saha,GT,2022,1.9,No,No
109,Jayant Yadav,GT,2022,1.7,No,No
110,Vijay Shankar,GT,2022,1.4,No,No
111,Dominic Drakes,GT,2022,1.1,No,No
112,Varun Aaron,GT,2022,0.5,No,No
113,Gurkeerat Singh Mann,GT,2022,0.5,No,No
114,Noor Ahmad,GT,2022,0.3,No,No
115,Darshan Nalkande,GT,2022,0.2,No,No
116,Sai Sudharsan,GT,2022,0.2,No,No
117,Pradeep Sangwan,GT,2022,0.2,No,No
118,Shreyas Iyer,KKR,2022,12.25,No,No
119,Andre Russell,KKR,2022,12.0,No,Yes
120,Nitish Rana,KKR,2022,8.0,No,No
121,Varun Chakravarthy,KKR,2022,8.0,No,Yes
122,Venkatesh Iyer,KKR,2022,8.0,No,Yes
123,Shivam Mavi,KKR,2022,7.25,No,No
124,Pat Cummins,KKR,2022,7.25,No,No
125,Sunil Narine,KKR,2022,6.0,No,Yes
126,Umesh Yadav,KKR,2022,2.0,No,No
127,Sam Billings,KKR,2022,2.0,No,No
128,Tim Southee,KKR,2022,1.5,No,No
129,Alex Hales,KKR,2022,1.5,No,No
130,Mohammad Nabi,KKR,2022,1.0,No,No
131,Ajinkya Rahane,KKR,2022,1.0,No,No
132,Sheldon Jackson,KKR,2022,0.6,No,No
133,Rinku Singh,KKR,2022,0.55,No,No
134,Ashok Sharma,KKR,2022,0.55,No,No
135,Chamika Karunaratne,KKR,2022,0.5,No,No
136,Abhijeet Tomar,KKR,2022,0.4,No,No
137,Anukul Roy,KKR,2022,0.2,No,No
138,Pratham Singh,KKR,2022,0.2,No,No
139,Rasikh Dar,KKR,2022,0.2,No,No
140,Ramesh Kumar,KKR,2022,0.2,No,No
141,Aman Khan,KKR,2022,0.2,No,No
142,Baba Indrajith,KKR,2022,0.2,No,No
143,Mayank Agarwal,PBKS,2022,12.0,No,Yes
144,Liam Livingstone,PBKS,2022,11.5,No,No
145,Kagiso Rabada,PBKS,2022,9.25,No,No
146,Shahrukh Khan,PBKS,2022,9.0,No,No
147,Shikhar Dhawan,PBKS,2022,8.25,No,No
148,Jonny Bairstow,PBKS,2022,6.75,No,No
149,Odean Smith,PBKS,2022,6.0,No,No
150,Rahul Chahar,PBKS,2022,5.25,No,No
151,Arshdeep Singh,PBKS,2022,4.0,No,Yes
152,Harpreet Brar,PBKS,2022,3.8,No,No
153,Vaibhav Arora,PBKS,2022,2.0,No,No
154,Raj Bawa,PBKS,2022,2.0,No,No
155,Nathan Ellis,PBKS,2022,0.75,No,No
156,Prabhsimran Singh,PBKS,2022,0.6,No,No
157,Rishi Dhawan,PBKS,2022,0.55,No,No
158,Bhanuka Rajapaksa,PBKS,2022,0.5,No,No
159,Sandeep Sharma,PBKS,2022,0.5,No,No
160,Benny Howell,PBKS,2022,0.4,No,No
161,Ishan Porel,PBKS,2022,0.25,No,No
162,Prerak Mankad,PBKS,2022,0.2,No,No
163,Atharva Taide,PBKS,2022,0.2,No,No
164,Ansh Patel,PBKS,2022,0.2,No,No
165,Jitesh Sharma,PBKS,2022,0.2,No,No
166,Writtick Chatterjee,PBKS,2022,0.2,No,No
167,Baltej Singh,PBKS,2022,0.2,No,No
168,Sanju Samson,RR,2022,14.0,No,Yes
169,Prasidh Krishna,RR,2022,10.0,No,No
170,Jos Buttler,RR,2022,10.0,No,Yes
171,Shimron Hetmyer,RR,2022,8.5,No,No
172,Trent Boult,RR,2022,8.0,No,No
173,Devdutt Padikkal,RR,2022,7.75,No,No
174,Yuzvendra Chahal,RR,2022,6.5,No,No
175,Ravichandran Ashwin,RR,2022,5.0,No,No
176,Yashasvi Jaiswal,RR,2022,4.0,No,Yes
177,Riyan Parag,RR,2022,3.8,No,No
178,Navdeep Saini,RR,2022,2.6,No,No
179,Nathan Coulter-Nile,RR,2022,2.0,No,No
180,James Neesham,RR,2022,1.5,No,No
181,Karun Nair,RR,2022,1.4,No,No
182,Rassie van der Dussen,RR,2022,1.0,No,No
183,Obed McCoy,RR,2022,0.75,No,No
184,Daryl Mitchell,RR,2022,0.75,No,No
185,KC Cariappa,RR,2022,0.3,No,No
186,Tejas Baroka,RR,2022,0.2,No,No
187,Kuldip Yadav,RR,2022,0.2,No,No
188,Dhruv Jurel,RR,2022,0.2,No,No
189,Kuldeep Sen,RR,2022,0.2,No,No
190,Shubham Garhwal,RR,2022,0.2,No,No
191,Anunay Singh,RR,2022,0.2,No,No
192,Virat Kohli,RCB,2022,15.0,No,Yes
193,Glenn Maxwell,RCB,2022,11.0,No,Yes
194,Harshal Patel,RCB,2022,10.75,No,No
195,Wanindu Hasaranga,RCB,2022,10.75,No,No
196,Josh Hazlewood,RCB,2022,7.75,No,No
197,Faf du Plessis,RCB,2022,7.0,No,No
198,Mohammed Siraj,RCB,2022,7.0,No,Yes
199,Dinesh Karthik,RCB,2022,5.5,No,No
200,Anuj Rawat,RCB,2022,3.4,No,No
201,Shahbaz Ahmed,RCB,2022,2.4,No,No
202,David Willey,RCB,2022,2.0,No,No
203,Sherfane Rutherford,RCB,2022,1.0,No,No
204,Mahipal Lomror,RCB,2022,0.95,No,No
205,Finn Allen,RCB,2022,0.8,No,No
206,Jason Behrendorff,RCB,2022,0.75,No,No
207,Siddarth Kaul,RCB,2022,0.75,No,No
208,Karn Sharma,RCB,2022,0.5,No,No
209,Suyash Prabhudessai,RCB,2022,0.3,No,No
210,Chama Milind,RCB,2022,0.25,No,No
211,Aneeshwar Gautam,RCB,2022,0.2,No,No
212,Akash Deep,RCB,2022,0.2,No,No
213,Luvnith Sisodia,RCB,2022,0.2,No,No
214,Kane Williamson,SRH,2022,14.0,No,Yes
215,Nicholas Pooran,SRH,2022,10.75,No,No
216,Washington Sundar,SRH,2022,8.75,No,No
217,Rahul Tripathi,SRH,2022,8.5,No,No
218,Romario Shepherd,SRH,2022,7.75,No,No
219,Abhishek Sharma,SRH,2022,6.5,No,No
220,Bhuvneshwar Kumar,SRH,2022,4.2,No,No
221,Marco Jansen,SRH,2022,4.2,No,No
222,Umran Malik,SRH,2022,4.0,No,Yes
223,Abdul Samad,SRH,2022,4.0,No,Yes
224,T Natarajan,SRH,2022,4.0,No,No
225,Kartik Tyagi,SRH,2022,4.0,No,No
226,Aiden Markram,SRH,2022,2.6,No,No
227,Sean Abbott,SRH,2022,2.4,No,No
228,Glenn Phillips,SRH,2022,1.5,No,No
229,Shreyas Gopal,SRH,2022,0.75,No,No
230,Fazalhaq Farooqi,SRH,2022,0.5,No,No
231,Vishnu Vinod,SRH,2022,0.5,No,No
232,Priyam Garg,SRH,2022,0.2,No,No
233,Saurabh Dubey,SRH,2022,0.2,No,No
234,Jagadeesha Suchith,SRH,2022,0.2,No,No
235,Shashank Singh,SRH,2022,0.2,No,No
236,Ravikumar Samarth,SRH,2022,0.2,No,No
237,Ben Stokes,CSK,2023,16.25,No,No
238,Ravindra Jadeja,CSK,2023,16.0,No,Yes
239,Deepak Chahar,CSK,2023,14.0,No,Yes
240,MS Dhoni,CSK,2023,12.0,No,Yes
241,Moeen Ali,CSK,2023,8.0,No,Yes
242,Ambati Rayudu,CSK,2023,6.75,No,Yes
243,Ruturaj Gaikwad,CSK,2023,6.0,No,Yes
244,Shivam Dube,CSK,2023,4.0,No,Yes
245,Mitchell Santner,CSK,2023,1.9,No,Yes
246,Rajvardhan Hangargekar,CSK,2023,1.5,No,Yes
247,Prashant Solanki,CSK,2023,1.2,No,Yes
248,Kyle Jamieson,CSK,2023,1.0,No,No
249,Devon Conway,CSK,2023,1.0,No,Yes
250,Maheesh Theekshana,CSK,2023,0.7,No,Yes
251,Nishant Sindhu,CSK,2023,0.6,No,No
252,Ajinkya Rahane,CSK,2023,0.5,No,No
253,Dwaine Pretorius,CSK,2023,0.5,No,Yes
254,Matheesha Pathirana,CSK,2023,0.2,No,Yes
255,Mukesh Choudhary,CSK,2023,0.2,No,Yes
256,Shaik Rasheed,CSK,2023,0.2,No,No
257,Simarjeet Singh,CSK,2023,0.2,No,Yes
258,Subhranshu Senapati,CSK,2023,0.2,No,Yes
259,Bhagath Varma,CSK,2023,0.2,No,No
260,Ajay Mandal,CSK,2023,0.2,No,No
261,Tushar Deshpande,CSK,2023,0.2,No,Yes
262,Rishabh Pant,DC,2023,16.0,No,Yes
263,Axar Patel,DC,2023,12.0,No,Yes
264,Prithvi Shaw,DC,2023,8.0,No,Yes
265,Mitchell Marsh,DC,2023,6.5,No,Yes
266,Anrich Nortje,DC,2023,6.5,No,Yes
267,David Warner,DC,2023,6.25,No,Yes
268,Mukesh Kumar,DC,2023,5.5,No,No
269,Khaleel Ahmed,DC,2023,5.25,No,Yes
270,Rilee Rossouw,DC,2023,4.6,No,No
271,Chetan Sakariya,DC,2023,4.2,No,Yes
272,Rovman Powell,DC,2023,2.8,No,Yes
273,Manish Pandey,DC,2023,2.4,No,No
274,Mustafizur Rahman,DC,2023,2.0,No,Yes
275,Kuldeep Yadav,DC,2023,2.0,No,Yes
276,Philip Salt,DC,2023,2.0,No,No
277,Kamlesh Nagarkoti,DC,2023,1.1,No,Yes
278,Lalit Yadav,DC,2023,0.65,No,Yes
279,Ishant Sharma,DC,2023,0.5,No,No
280,Lungi Ngidi,DC,2023,0.5,No,Yes
281,Pravin Dubey,DC,2023,0.5,No,Yes
282,Yash Dhull,DC,2023,0.5,No,Yes
283,Ripal Patel,DC,2023,0.2,No,Yes
284,Aman Khan,DC,2023,0.2,No,Yes
285,Vicky Ostwal,DC,2023,0.2,No,Yes
286,Sarfaraz Khan,DC,2023,0.2,No,Yes
287,Cameron Green,MI,2023,17.5,No,No
288,Rohit Sharma,MI,2023,16.0,No,Yes
289,Ishan Kishan,MI,2023,15.25,No,Yes
290,Jasprit Bumrah,MI,2023,12.0,No,Yes
291,Tim David,MI,2023,8.25,No,Yes
292,Jofra Archer,MI,2023,8.0,No,Yes
293,Suryakumar Yadav,MI,2023,8.0,No,Yes
294,Dewald Brevis,MI,2023,3.0,No,Yes
295,Tilak Varma,MI,2023,1.7,No,Yes
296,Jhye Richardson,MI,2023,1.5,No,No
297,Jason Behrendorff,MI,2023,0.75,No,Yes
298,Piyush Chawla,MI,2023,0.5,No,No
299,Arjun Tendulkar,MI,2023,0.3,No,Yes
300,Kumar Kartikeya,MI,2023,0.2,No,Yes
301,Duan Jansen,MI,2023,0.2,No,No
302,Arshad Khan,MI,2023,0.2,No,Yes
303,Hrithik Shokeen,MI,2023,0.2,No,Yes
304,Akash Madhwal,MI,2023,0.2,No,Yes
305,Raghav Goyal,MI,2023,0.2,No,No
306,Tristan Stubbs,MI,2023,0.2,No,Yes
307,Nehal Wadhera,MI,2023,0.2,No,No
308,Shams Mulani,MI,2023,0.2,No,No
309,Ramandeep Singh,MI,2023,0.2,No,Yes
310,Vishnu Vinod,MI,2023,0.2,No,No
311,KL Rahul,LSG,2023,17.0,No,Yes
312,Nicholas Pooran,LSG,2023,16.0,No,No
313,Avesh Khan,LSG,2023,10.0,No,Yes
314,Marcus Stoinis,LSG,2023,10.0,No,Yes
315,Krunal Pandya,LSG,2023,8.25,No,Yes
316,Mark Wood,LSG,2023,7.5,No,Yes
317,Quinton de Kock,LSG,2023,6.75,No,Yes
318,Deepak Hooda,LSG,2023,5.75,No,Yes
319,Ravi Bishnoi,LSG,2023,4.0,No,Yes
320,Krishnappa Gowtham,LSG,2023,0.9,No,Yes
321,Daniel Sams,LSG,2023,0.75,No,No
322,Amit Mishra,LSG,2023,0.5,No,No
323,Jaydev Unadkat,LSG,2023,0.5,No,No
324,Kyle Mayers,LSG,2023,0.5,No,Yes
325,Naveen-ul-Haq,LSG,2023,0.5,No,No
326,Romario Shepherd,LSG,2023,0.5,No,No
327,Yash Thakur,LSG,2023,0.45,No,No
328,Mohsin Khan,LSG,2023,0.2,No,Yes
329,Ayush Badoni,LSG,2023,0.2,No,Yes
330,Karan Sharma,LSG,2023,0.2,No,Yes
331,Yudhvir Singh,LSG,2023,0.2,No,No
332,Mayank Yadav,LSG,2023,0.2,No,Yes
333,Prerak Mankad,LSG,2023,0.2,No,No
334,Swapnil Singh,LSG,2023,0.2,No,No
335,Manan Vohra,LSG,2023,0.2,No,Yes
336,Hardik Pandya,GT,2023,15.0,No,Yes
337,Rashid Khan,GT,2023,15.0,No,Yes
338,Rahul Tewatia,GT,2023,9.0,No,Yes
339,Shubman Gill,GT,2023,8.0,No,Yes
340,Mohammad Shami,GT,2023,6.25,No,Yes
341,Shivam Mavi,GT,2023,6.0,No,No
342,Josh Little,GT,2023,4.4,No,No
343,Yash Dayal,GT,2023,3.2,No,Yes
344,Sai Kishore,GT,2023,3.0,No,Yes
345,David Miller,GT,2023,3.0,No,Yes
346,Abhinav Manohar,GT,2023,2.6,No,Yes
347,Alzarri Joseph,GT,2023,2.4,No,Yes
348,Matthew Wade,GT,2023,2.4,No,Yes
349,Kane Williamson,GT,2023,2.0,No,No
350,Wriddhiman Saha,GT,2023,1.9,No,Yes
351,Jayant Yadav,GT,2023,1.7,No,Yes
352,Vijay Shankar,GT,2023,1.4,No,Yes
353,KS Bharat,GT,2023,1.2,No,No
354,Mohit Sharma,GT,2023,0.5,No,No
355,Odean Smith,GT,2023,0.5,No,No
356,Noor Ahmad,GT,2023,0.3,No,Yes
357,Darshan Nalkande,GT,2023,0.2,No,Yes
358,Urvil Patel,GT,2023,0.2,No,No
359,Sai Sudharsan,GT,2023,0.2,No,Yes
360,Pradeep Sangwan,GT,2023,0.2,No,Yes
361,Andre Russell,KKR,2023,16.0,No,Yes
362,Shreyas Iyer,KKR,2023,12.25,No,Yes
363,Varun Chakaravarthy,KKR,2023,12.0,No,Yes
364,Shardul Thakur,KKR,2023,10.75,No,Yes
365,Lockie Ferguson,KKR,2023,10.0,No,Yes
366,Venkatesh Iyer,KKR,2023,8.0,No,Yes
367,Nitish Rana,KKR,2023,8.0,No,Yes
368,Sunil Narine,KKR,2023,6.0,No,Yes
369,Umesh Yadav,KKR,2023,2.0,No,Yes
370,Shakib Al Hasan,KKR,2023,1.5,No,No
371,Tim Southee,KKR,2023,1.5,No,Yes
372,David Wiese,KKR,2023,1.0,No,No
373,Narayan Jagadeesan,KKR,2023,0.9,No,No
374,Vaibhav Arora,KKR,2023,0.6,No,No
375,Rinku Singh,KKR,2023,0.55,No,Yes
376,Mandeep Singh,KKR,2023,0.5,No,No
377,Litton Das,KKR,2023,0.5,No,No
378,Rahmanullah Gurbaz,KKR,2023,0.5,No,Yes
379,Suyash Sharma,KKR,2023,0.2,No,No
380,Harshit Rana,KKR,2023,0.2,No,Yes
381,Anukul Roy,KKR,2023,0.2,No,Yes
382,Kulwant Khejroliya,KKR,2023,0.2,No,No
383,Sam Curran,PBKS,2023,18.5,No,No
384,Liam Livingstone,PBKS,2023,11.5,No,Yes
385,Kagiso Rabada,PBKS,2023,9.25,No,Yes
386,Shahrukh Khan,PBKS,2023,9.0,No,Yes
387,Shikhar Dhawan,PBKS,2023,8.25,No,Yes
388,Jonny Bairstow,PBKS,2023,6.75,No,Yes
389,Rahul Chahar,PBKS,2023,5.25,No,Yes
390,Arshdeep Singh,PBKS,2023,4.0,No,Yes
391,Harpreet Brar,PBKS,2023,3.8,No,Yes
392,Raj Bawa,PBKS,2023,2.0,No,Yes
393,Nathan Ellis,PBKS,2023,0.75,No,Yes
394,Prabhsimran Singh,PBKS,2023,0.6,No,Yes
395,Rishi Dhawan,PBKS,2023,0.55,No,Yes
396,Sikandar Raza,PBKS,2023,0.5,No,No
397,Bhanuka Rajapaksa,PBKS,2023,0.5,No,Yes
398,Harpreet Singh,PBKS,2023,0.4,No,No
399,Atharva Taide,PBKS,2023,0.2,No,Yes
400,Mohit Rathee,PBKS,2023,0.2,No,No
401,Shivam Singh,PBKS,2023,0.2,No,No
402,Vidhwath Kaverappa,PBKS,2023,0.2,No,No
403,Jitesh Sharma,PBKS,2023,0.2,No,Yes
404,Baltej Singh,PBKS,2023,0.2,No,Yes
405,Sanju Samson,RR,2023,14.0,No,Yes
406,Prasidh Krishna,RR,2023,10.0,No,Yes
407,Jos Buttler,RR,2023,10.0,No,Yes
408,Shimron Hetmyer,RR,2023,8.5,No,Yes
409,Trent Boult,RR,2023,8.0,No,Yes
410,Devdutt Padikkal,RR,2023,7.75,No,Yes
411,Yuzvendra Chahal,RR,2023,6.5,No,Yes
412,Jason Holder,RR,2023,5.75,No,No
413,Ravichandran Ashwin,RR,2023,5.0,No,Yes
414,Yashasvi Jaiswal,RR,2023,4.0,No,Yes
415,Riyan Parag,RR,2023,3.8,No,Yes
416,Navdeep Saini,RR,2023,2.6,No,Yes
417,Adam Zampa,RR,2023,1.5,No,No
418,Joe Root,RR,2023,1.0,No,No
419,Obed McCoy,RR,2023,0.75,No,Yes
420,D Ferreira,RR,2023,0.5,No,No
421,KM Asif,RR,2023,0.3,No,No
422,KC Cariappa,RR,2023,0.3,No,Yes
423,Kuldeep Sen,RR,2023,0.2,No,Yes
424,Dhruv Jurel,RR,2023,0.2,No,Yes
425,Kunal Singh Rathore,RR,2023,0.2,No,No
426,Abdul Basith,RR,2023,0.2,No,No
427,Akash Vasisht,RR,2023,0.2,No,No
428,Murugan Ashwin,RR,2023,0.2,No,No
429,Kuldip Yadav,RR,2023,0.2,No,Yes
430,Virat Kohli,RCB,2023,15.0,No,Yes
431,Glenn Maxwell,RCB,2023,11.0,No,Yes
432,Harshal Patel,RCB,2023,10.75,No,Yes
433,Wanindu Hasaranga,RCB,2023,10.75,No,Yes
434,Josh Hazlewood,RCB,2023,7.75,No,Yes
435,Faf du Plessis,RCB,2023,7.0,No,Yes
436,Mohammed Siraj,RCB,2023,7.0,No,Yes
437,Dinesh Karthik,RCB,2023,5.5,No,Yes
438,Anuj Rawat,RCB,2023,3.4,No,Yes
439,Will Jacks,RCB,2023,3.2,No,No
440,Shahbaz Ahmed,RCB,2023,2.4,No,Yes
441,David Willey,RCB,2023,2.0,No,Yes
442,Reece Topley,RCB,2023,1.9,No,No
443,Mahipal Lomror,RCB,2023,0.95,No,Yes
444,Finn Allen,RCB,2023,0.8,No,Yes
445,Siddarth Kaul,RCB,2023,0.75,No,Yes
446,Rajan Kumar,RCB,2023,0.7,No,No
447,Avinash Singh,RCB,2023,0.6,No,No
448,Karn Sharma,RCB,2023,0.5,No,Yes
449,Suyash Prabhudessai,RCB,2023,0.3,No,Yes
450,Sonu Yadav,RCB,2023,0.2,No,No
451,Manoj Bhandage,RCB,2023,0.2,No,No
452,Akash Deep,RCB,2023,0.2,No,Yes
453,Himanshu Sharma,RCB,2023,0.2,No,No
454,Rajat Patidar,RCB,2023,0.2,No,Yes
455,Harry Brook,SRH,2023,13.25,No,No
456,Washington Sundar,SRH,2023,8.75,No,Yes
457,Rahul Tripathi,SRH,2023,8.5,No,Yes
458,Mayank Agarwal,SRH,2023,8.25,No,No
459,Abhishek Sharma,SRH,2023,6.5,No,Yes
460,Heinrich Klaasen,SRH,2023,5.25,No,No
461,Bhuvneshwar Kumar,SRH,2023,4.2,No,Yes
462,Marco Jansen,SRH,2023,4.2,No,Yes
463,Abdul Samad,SRH,2023,4.0,No,Yes
464,Umran Malik,SRH,2023,4.0,No,Yes
465,T Natarajan,SRH,2023,4.0,No,Yes
466,Kartik Tyagi,SRH,2023,4.0,No,Yes
467,Aiden Markram,SRH,2023,2.6,No,Yes
468,Vivrant Sharma,SRH,2023,2.6,No,No
469,Adil Rashid,SRH,2023,2.0,No,No
470,Mayank Dagar,SRH,2023,1.8,No,No
471,Glenn Phillips,SRH,2023,1.5,No,Yes
472,Akeal Hosein,SRH,2023,1.0,No,No
473,Mayank Markande,SRH,2023,0.5,No,No
474,Fazalhaq Farooqi,SRH,2023,0.5,No,Yes
475,Upendra Yadav,SRH,2023,0.25,No,No
476,Sanvir Singh,SRH,2023,0.2,No,No
477,Samarth Vyas,SRH,2023,0.2,No,No
478,Nitish Kumar Reddy,SRH,2023,0.2,No,No
479,Anmolpreet Singh,SRH,2023,0.2,No,No
480,Ravindra Jadeja,CSK,2024,16.0,No,Yes
481,Daryl Mitchell,CSK,2024,14.0,No,No
482,Deepak Chahar,CSK,2024,14.0,No,Yes
483,MS Dhoni,CSK,2024,12.0,No,Yes
484,Sameer Rizvi,CSK,2024,8.4,No,No
485,Ruturaj Gaikwad,CSK,2024,8.0,No,Yes
486,Moeen Ali,CSK,2024,6.0,No,Yes
487,Shivam Dube,CSK,2024,4.0,No,Yes
488,Shardul Thakur,CSK,2024,4.0,No,No
489,Mustafizur Rahman,CSK,2024,2.0,No,No
490,Mitchell Santner,CSK,2024,1.9,No,Yes
491,Rachin Ravindra,CSK,2024,1.8,No,No
492,Rajvardhan Hangargekar,CSK,2024,1.5,No,Yes
493,Prashant Solanki,CSK,2024,1.2,No,Yes
494,Devon Conway,CSK,2024,1.0,No,Yes
495,Maheesh Theekshana,CSK,2024,0.7,No,Yes
496,Nishant Sindhu,CSK,2024,0.6,No,Yes
497,Ajinkya Rahane,CSK,2024,0.5,No,Yes
498,Matheesha Pathirana,CSK,2024,0.2,No,Yes
499,Shaik Rasheed,CSK,2024,0.2,No,Yes
500,Ajay Mandal,CSK,2024,0.2,No,Yes
501,Simarjeet Singh,CSK,2024,0.2,No,Yes
502,Mukesh Choudhary,CSK,2024,0.2,No,Yes
503,Tushar Deshpande,CSK,2024,0.2,No,Yes
504,Aravelly Rao,CSK,2024,0.2,No,No
505,Rishabh Pant,DC,2024,16.0,No,Yes
506,Axar Patel,DC,2024,12.0,No,Yes
507,Prithvi Shaw,DC,2024,8.0,No,Yes
508,Kumar Kushagra,DC,2024,7.2,No,No
509,Mitchell Marsh,DC,2024,6.5,No,Yes
510,Anrich Nortje,DC,2024,6.5,No,Yes
511,David Warner,DC,2024,6.25,No,Yes
512,Mukesh Kumar,DC,2024,5.5,No,Yes
513,Khaleel Ahmed,DC,2024,5.25,No,Yes
514,Jhye Richardson,DC,2024,5.0,No,No
515,Harry Brook,DC,2024,4.0,No,No
516,Kuldeep Yadav,DC,2024,2.0,No,Yes
517,Sumit Kumar,DC,2024,1.0,No,No
518,Shai Hope,DC,2024,0.75,No,No
519,Lalit Yadav,DC,2024,0.65,No,Yes
520,Ishant Sharma,DC,2024,0.5,No,Yes
521,Lungi Ngidi,DC,2024,0.5,No,Yes
522,Pravin Dubey,DC,2024,0.5,No,Yes
523,Yash Dhull,DC,2024,0.5,No,Yes
524,Tristan Stubbs,DC,2024,0.5,No,No
525,Rasikh Dar,DC,2024,0.2,No,No
526,Abishek Porel,DC,2024,0.2,No,Yes
527,Vicky Ostwal,DC,2024,0.2,No,Yes
528,Ricky Bhui,DC,2024,0.2,No,No
529,Swastik Chikara,DC,2024,0.2,No,No
530,Rohit Sharma,MI,2024,16.0,No,Yes
531,Ishan Kishan,MI,2024,15.25,No,Yes
532,Hardik Pandya,MI,2024,15.0,No,No
533,Jasprit Bumrah,MI,2024,12.0,No,Yes
534,Tim David,MI,2024,8.25,No,Yes
535,Suryakumar Yadav,MI,2024,8.0,No,Yes
536,Gerald Coetzee,MI,2024,5.0,No,No
537,Nuwan Thushara,MI,2024,4.8,No,No
538,Dilshan Madushanka,MI,2024,4.6,No,No
539,Dewald Brevis,MI,2024,3.0,No,Yes
540,Tilak Varma,MI,2024,1.7,No,Yes
541,Mohammad Nabi,MI,2024,1.5,No,No
542,Jason Behrendorff,MI,2024,0.75,No,Yes
543,Piyush Chawla,MI,2024,0.5,No,Yes
544,Romario Shepherd,MI,2024,0.5,No,No
545,Arjun Tendulkar,MI,2024,0.3,No,Yes
546,Shams Mulani,MI,2024,0.2,No,Yes
547,Akash Madhwal,MI,2024,0.2,No,Yes
548,Kumar Kartikeya,MI,2024,0.2,No,Yes
549,Vishnu Vinod,MI,2024,0.2,No,Yes
550,Shivalik Sharma,MI,2024,0.2,No,No
551,Naman Dhir,MI,2024,0.2,No,No
552,Nehal Wadhera,MI,2024,0.2,No,Yes
553,Anshul Kamboj,MI,2024,0.2,No,No
554,Shreyas Gopal,MI,2024,0.2,No,No
555,KL Rahul,LSG,2024,17.0,No,Yes
556,Nicholas Pooran,LSG,2024,16.0,No,Yes
557,Marcus Stoinis,LSG,2024,10.0,No,Yes
558,Krunal Pandya,LSG,2024,8.25,No,Yes
559,Devdutt Padikkal,LSG,2024,7.75,No,No
560,Mark Wood,LSG,2024,7.5,No,Yes
561,Quinton de Kock,LSG,2024,6.75,No,Yes
562,Shivam Mavi,LSG,2024,6.4,No,No
563,Deepak Hooda,LSG,2024,5.75,No,Yes
564,Ravi Bishnoi,LSG,2024,4.0,No,Yes
565,Manimaran Siddharth,LSG,2024,2.4,No,No
566,David Willey,LSG,2024,2.0,No,No
567,Ashton Turner,LSG,2024,1.0,No,No
568,Krishnappa Gowtham,LSG,2024,0.9,No,Yes
569,Amit Mishra,LSG,2024,0.5,No,Yes
570,Kyle Mayers,LSG,2024,0.5,No,Yes
571,Naveen-ul-Haq,LSG,2024,0.5,No,Yes
572,Yash Thakur,LSG,2024,0.45,No,Yes
573,Mohsin Khan,LSG,2024,0.2,No,Yes
574,Yudhvir Singh,LSG,2024,0.2,No,Yes
575,Ayush Badoni,LSG,2024,0.2,No,Yes
576,Mayank Yadav,LSG,2024,0.2,No,Yes
577,Arshad Khan,LSG,2024,0.2,No,No
578,Prerak Mankad,LSG,2024,0.2,No,Yes
579,Arshin Kulkarni,LSG,2024,0.2,No,No
580,Rashid Khan,GT,2024,15.0,No,Yes
581,Spencer Johnson,GT,2024,10.0,No,No
582,Rahul Tewatia,GT,2024,9.0,No,Yes
583,Shubman Gill,GT,2024,8.0,No,Yes
584,Shahrukh Khan,GT,2024,7.4,No,No
585,Mohammed Shami,GT,2024,6.25,No,Yes
586,Umesh Yadav,GT,2024,5.8,No,No
587,Joshua Little,GT,2024,4.4,No,Yes
588,Robin Minz,GT,2024,3.6,No,No
589,Sai Kishore,GT,2024,3.0,No,Yes
590,David Miller,GT,2024,3.0,No,Yes
591,Abhinav Manohar,GT,2024,2.6,No,Yes
592,Matthew Wade,GT,2024,2.4,No,Yes
593,Sushant Mishra,GT,2024,2.2,No,No
594,Kane Williamson,GT,2024,2.0,No,Yes
595,Wriddhiman Saha,GT,2024,1.9,No,Yes
596,Jayant Yadav,GT,2024,1.7,No,Yes
597,Vijay Shankar,GT,2024,1.4,No,Yes
598,Kartik Tyagi,GT,2024,0.6,No,No
599,Mohit Sharma,GT,2024,0.5,No,Yes
600,Azmatullah Omarzai,GT,2024,0.5,No,No
601,Noor Ahmad,GT,2024,0.3,No,Yes
602,Darshan Nalkande,GT,2024,0.2,No,Yes
603,Manav Suthar,GT,2024,0.2,No,No
604,Sai Sudharsan,GT,2024,0.2,No,Yes
605,Mitchell Starc,KKR,2024,24.75,No,No
606,Andre Russell,KKR,2024,16.0,No,Yes
607,Shreyas Iyer,KKR,2024,12.25,No,Yes
608,Varun Chakaravarthy,KKR,2024,12.0,No,Yes
609,Nitish Rana,KKR,2024,8.0,No,Yes
610,Venkatesh Iyer,KKR,2024,8.0,No,Yes
611,Sunil Narine,KKR,2024,6.0,No,Yes
612,Jason Roy,KKR,2024,2.8,No,Yes
613,Mujeeb Ur Rahman,KKR,2024,2.0,No,No
614,Sherfane Rutherford,KKR,2024,1.5,No,No
615,Gus Atkinson,KKR,2024,1.0,No,No
616,Vaibhav Arora,KKR,2024,0.6,No,Yes
617,Rinku Singh,KKR,2024,0.55,No,Yes
618,Manish Pandey,KKR,2024,0.5,No,No
619,KS Bharat,KKR,2024,0.5,No,No
620,Chetan Sakariya,KKR,2024,0.5,No,No
621,Rahmanullah Gurbaz,KKR,2024,0.5,No,Yes
622,Angkrish Raghuvanshi,KKR,2024,0.2,No,No
623,Harshit Rana,KKR,2024,0.2,No,Yes
624,Ramandeep Singh,KKR,2024,0.2,No,No
625,Anukul Roy,KKR,2024,0.2,No,Yes
626,Sakib Hussain,KKR,2024,0.2,No,No
627,Suyash Sharma,KKR,2024,0.2,No,Yes
628,Sam Curran,PBKS,2024,18.5,No,Yes
629,Harshal Patel,PBKS,2024,11.75,No,No
630,Liam Livingstone,PBKS,2024,11.5,No,Yes
631,Kagiso Rabada,PBKS,2024,9.25,No,Yes
632,Shikhar Dhawan,PBKS,2024,8.25,No,Yes
633,Rilee Rossouw,PBKS,2024,8.0,No,No
634,Jonny Bairstow,PBKS,2024,6.75,No,Yes
635,Rahul Chahar,PBKS,2024,5.25,No,Yes
636,Chris Woakes,PBKS,2024,4.2,No,No
637,Arshdeep Singh,PBKS,2024,4.0,No,Yes
638,Harpreet Brar,PBKS,2024,3.8,No,Yes
639,Nathan Ellis,PBKS,2024,0.75,No,Yes
640,Prabhsimran Singh,PBKS,2024,0.6,No,Yes
641,Rishi Dhawan,PBKS,2024,0.55,No,Yes
642,Sikandar Raza,PBKS,2024,0.5,No,Yes
643,Harpreet Singh,PBKS,2024,0.4,No,Yes
644,Atharva Taide,PBKS,2024,0.2,No,Yes
645,Ashutosh Sharma,PBKS,2024,0.2,No,No
646,Jitesh Sharma,PBKS,2024,0.2,No,Yes
647,Shashank Singh,PBKS,2024,0.2,No,No
648,Prince Choudhary,PBKS,2024,0.2,No,No
649,Shivam Singh,PBKS,2024,0.2,No,Yes
650,Vidwath Kaverappa,PBKS,2024,0.2,No,Yes
651,Vishwapratap Singh,PBKS,2024,0.2,No,No
652,Tanay Thyagarajan,PBKS,2024,0.2,No,No
653,Sanju Samson,RR,2024,14.0,No,Yes
654,Jos Buttler,RR,2024,10.0,No,Yes
655,Prasidh Krishna,RR,2024,10.0,No,Yes
656,Avesh Khan,RR,2024,10.0,No,No
657,Shimron Hetmyer,RR,2024,8.5,No,Yes
658,Trent Boult,RR,2024,8.0,No,Yes
659,Rovman Powell,RR,2024,7.4,No,No
660,Yuzvendra Chahal,RR,2024,6.5,No,Yes
661,Shubham Dubey,RR,2024,5.8,No,No
662,Ravichandran Ashwin,RR,2024,5.0,No,Yes
663,Yashasvi Jaiswal,RR,2024,4.0,No,Yes
664,Riyan Parag,RR,2024,3.8,No,Yes
665,Navdeep Saini,RR,2024,2.6,No,Yes
666,Adam Zampa,RR,2024,1.5,No,Yes
667,Sandeep Sharma,RR,2024,0.5,No,Yes
668,Donovan Ferreira,RR,2024,0.5,No,Yes
669,Nandre Burger,RR,2024,0.5,No,No
670,Tom Kohler-Cadmore,RR,2024,0.4,No,No
671,Kuldeep Sen,RR,2024,0.2,No,Yes
672,Dhruv Jurel,RR,2024,0.2,No,Yes
673,Abid Mushtaq,RR,2024,0.2,No,No
674,Kunal Singh Rathore,RR,2024,0.2,No,Yes
675,Cameron Green,RCB,2024,17.5,No,No
676,Virat Kohli,RCB,2024,15.0,No,Yes
677,Alzarri Joseph,RCB,2024,11.5,No,No
678,Glenn Maxwell,RCB,2024,11.0,No,Yes
679,Mohammed Siraj,RCB,2024,7.0,No,Yes
680,Faf du Plessis,RCB,2024,7.0,No,Yes
681,Dinesh Karthik,RCB,2024,5.5,No,Yes
682,Yash Dayal,RCB,2024,5.0,No,No
683,Anuj Rawat,RCB,2024,3.4,No,Yes
684,Will Jacks,RCB,2024,3.2,No,Yes
685,Lockie Ferguson,RCB,2024,2.0,No,No
686,Reece Topley,RCB,2024,1.9,No,Yes
687,Mayank Dagar,RCB,2024,1.8,No,No
688,Tom Curran,RCB,2024,1.5,No,No
689,Mahipal Lomror,RCB,2024,0.95,No,Yes
690,Rajan Kumar,RCB,2024,0.7,No,Yes
691,Karn Sharma,RCB,2024,0.5,No,Yes
692,Suyash Prabhudessai,RCB,2024,0.3,No,Yes
693,Vijaykumar Vyshak,RCB,2024,0.2,No,Yes
694,Akash Deep,RCB,2024,0.2,No,Yes
695,Manoj Bhandage,RCB,2024,0.2,No,Yes
696,Rajat Patidar,RCB,2024,0.2,No,Yes
697,Himanshu Sharma,RCB,2024,0.2,No,Yes
698,Swapnil Singh,RCB,2024,0.2,No,No
699,Pat Cummins,SRH,2024,20.5,No,No
700,Washington Sundar,SRH,2024,8.75,No,Yes
701,Rahul Tripathi,SRH,2024,8.5,No,Yes
702,Mayank Agarwal,SRH,2024,8.25,No,Yes
703,Travis Head,SRH,2024,6.8,No,No
704,Abhishek Sharma,SRH,2024,6.5,No,Yes
705,Heinrich Klaasen,SRH,2024,5.25,No,Yes
706,Marco Jansen,SRH,2024,4.2,No,Yes
707,Bhuvneshwar Kumar,SRH,2024,4.2,No,Yes
708,Abdul Samad,SRH,2024,4.0,No,Yes
709,Umran Malik,SRH,2024,4.0,No,Yes
710,T Natarajan,SRH,2024,4.0,No,Yes
711,Aiden Markram,SRH,2024,2.6,No,Yes
712,Shahbaz Ahmed,SRH,2024,2.4,No,No
713,Jaydev Unadkat,SRH,2024,1.6,No,No
714,Wanindu Hasaranga,SRH,2024,1.5,No,No
715,Glenn Phillips,SRH,2024,1.5,No,Yes
716,Mayank Markande,SRH,2024,0.5,No,Yes
717,Fazalhaq Farooqi,SRH,2024,0.5,No,Yes
718,Upendra Yadav,SRH,2024,0.25,No,Yes
719,Jhatavedh Subramanyan,SRH,2024,0.2,No,No
720,Akash Singh,SRH,2024,0.2,No,No
721,Nitish Kumar Reddy,SRH,2024,0.2,No,Yes
722,Sanvir Singh,SRH,2024,0.2,No,Yes
723,Anmolpreet Singh,SRH,2024,0.2,No,Yes
724,Ravindra Jadeja,CSK,2025,18.0,No,Yes
725,Ruturaj Gaikwad,CSK,2025,18.0,No,Yes
726,Matheesha Pathirana,CSK,2025,13.0,No,Yes
727,Shivam Dube,CSK,2025,12.0,No,Yes
728,Noor Ahmad,CSK,2025,10.0,No,No
729,Ravichandran Ashwin,CSK,2025,9.75,No,No
730,Devon Conway,CSK,2025,6.25,No,No
731,Khaleel Ahmed,CSK,2025,4.8,No,No
732,MS Dhoni,CSK,2025,4.0,No,Yes
733,Rachin Ravindra,CSK,2025,4.0,No,No
734,Rahul Tripathi,CSK,2025,3.4,No,No
735,Anshul Kamboj,CSK,2025,3.4,No,No
736,Sam Curran,CSK,2025,2.4,No,No
737,Gurjapneet Singh,CSK,2025,2.2,No,No
738,Nathan Ellis,CSK,2025,2.0,No,No
739,Deepak Hooda,CSK,2025,1.7,No,No
740,Jamie Overton,CSK,2025,1.5,No,No
741,Vijay Shankar,CSK,2025,1.2,No,No
742,Vansh Bedi,CSK,2025,0.55,No,No
743,Mukesh Choudhary,CSK,2025,0.3,No,No
744,Shaik Rasheed,CSK,2025,0.3,No,No
745,Andre Siddharth,CSK,2025,0.3,No,No
746,Ramakrishna Ghosh,CSK,2025,0.3,No,No
747,Kamlesh Nagarkoti,CSK,2025,0.3,No,No
748,Shreyas Gopal,CSK,2025,0.3,No,No
749,Axar Patel,DC,2025,16.5,No,Yes
750,KL Rahul,DC,2025,14.0,No,No
751,Kuldeep Yadav,DC,2025,13.25,No,Yes
752,Mitchell Starc,DC,2025,11.75,No,No
753,T Natarajan,DC,2025,10.75,No,No
754,Tristan Stubbs,DC,2025,10.0,No,Yes
755,Jake Fraser-McGurk,DC,2025,9.0,No,No
756,Mukesh Kumar,DC,2025,8.0,No,No
757,Harry Brook,DC,2025,6.25,No,No
758,Abishek Porel,DC,2025,4.0,No,Yes
759,Ashutosh Sharma,DC,2025,3.8,No,No
760,Mohit Sharma,DC,2025,2.2,No,No
761,Faf du Plessis,DC,2025,2.0,No,No
762,Sameer Rizvi,DC,2025,0.95,No,No
763,Dushmantha Chameera,DC,2025,0.75,No,No
764,Donovan Ferreira,DC,2025,0.75,No,No
765,Vipraj Nigam,DC,2025,0.5,No,No
766,Karun Nair,DC,2025,0.5,No,No
767,Madhav Tiwari,DC,2025,0.4,No,No
768,Ajay Mandal,DC,2025,0.3,No,No
769,Tripurana Vijay,DC,2025,0.3,No,No
770,Manvanth Kumar L,DC,2025,0.3,No,No
771,Darshan Nalkande,DC,2025,0.3,No,No
772,Jasprit Bumrah,MI,2025,18.0,No,Yes
773,Hardik Pandya,MI,2025,16.35,No,Yes
774,Suryakumar Yadav,MI,2025,16.35,No,Yes
775,Rohit Sharma,MI,2025,16.3,No,Yes
776,Trent Boult,MI,2025,12.5,No,No
777,Deepak Chahar,MI,2025,9.25,No,No
778,Tilak Varma,MI,2025,8.0,No,Yes
779,Naman Dhir,MI,2025,5.25,No,No
780,Will Jacks,MI,2025,5.25,No,No
781,AM Ghazanfar,MI,2025,4.8,No,No
782,Mitchell Santner,MI,2025,2.0,No,No
783,Ryan Rickelton,MI,2025,1.0,No,No
784,Lizaad Williams,MI,2025,0.75,No,No
785,Reece Topley,MI,2025,0.75,No,No
786,Robin Minz,MI,2025,0.65,No,No
787,Karn Sharma,MI,2025,0.5,No,No
788,Krishnan Shrijith,MI,2025,0.3,No,No
789,Raj Bawa,MI,2025,0.3,No,No
790,Ashwani Kumar,MI,2025,0.3,No,No
791,Vignesh Puthur,MI,2025,0.3,No,No
792,Satyanarayana Raju,MI,2025,0.3,No,No
793,Bevon Jacobs,MI,2025,0.3,No,No
794,Arjun Tendulkar,MI,2025,0.3,No,No
795,Rishabh Pant,LSG,2025,27.0,No,No
796,Nicholas Pooran,LSG,2025,21.0,No,Yes
797,Ravi Bishnoi,LSG,2025,11.0,No,Yes
798,Mayank Yadav,LSG,2025,11.0,No,Yes
799,Avesh Khan,LSG,2025,9.75,No,No
800,Akash Deep,LSG,2025,8.0,No,No
801,David Miller,LSG,2025,7.5,No,No
802,Abdul Samad,LSG,2025,4.2,No,No
803,Mohsin Khan,LSG,2025,4.0,No,Yes
804,Ayush Badoni,LSG,2025,4.0,No,Yes
805,Mitchell Marsh,LSG,2025,3.4,No,No
806,Shahbaz Ahmed,LSG,2025,2.4,No,No
807,Aiden Markram,LSG,2025,2.0,No,No
808,Shamar Joseph,LSG,2025,0.75,No,No
809,Matthew Breetzke,LSG,2025,0.75,No,No
810,M. Siddharth,LSG,2025,0.75,No,No
811,Rajvardhan Hangargekar,LSG,2025,0.3,No,No
812,Akash Singh,LSG,2025,0.3,No,No
813,Yuvraj Chaudhary,LSG,2025,0.3,No,No
814,Prince Yadav,LSG,2025,0.3,No,No
815,Arshin Kulkarni,LSG,2025,0.3,No,No
816,Digvesh Singh,LSG,2025,0.3,No,No
817,Aryan Juyal,LSG,2025,0.3,No,No
818,Himmat Singh,LSG,2025,0.3,No,No
819,Rashid Khan,GT,2025,18.0,No,Yes
820,Shubman Gill,GT,2025,16.5,No,Yes
821,Jos Buttler,GT,2025,15.75,No,No
822,Mohammed Siraj,GT,2025,12.25,No,No
823,Kagiso Rabada,GT,2025,10.75,No,No
824,Prasidh Krishna,GT,2025,9.5,No,No
825,Sai Sudharsan,GT,2025,8.5,No,Yes
826,Rahul Tewatia,GT,2025,4.0,No,Yes
827,Shahrukh Khan,GT,2025,4.0,No,Yes
828,Washington Sundar,GT,2025,3.2,No,No
829,Sherfane Rutherford,GT,2025,2.6,No,No
830,Gerald Coetzee,GT,2025,2.4,No,No
831,Sai Kishore,GT,2025,2.0,No,No
832,Glenn Phillips,GT,2025,2.0,No,No
833,Mahipal Lomror,GT,2025,1.7,No,No
834,Arshad Khan,GT,2025,1.3,No,No
835,Gurnoor Brar,GT,2025,1.3,No,No
836,Karim Janat,GT,2025,0.75,No,No
837,Ishant Sharma,GT,2025,0.75,No,No
838,Jayant Yadav,GT,2025,0.75,No,No
839,Kumar Kushagra,GT,2025,0.65,No,No
840,Nishant Sindhu,GT,2025,0.3,No,No
841,Manav Suthar,GT,2025,0.3,No,No
842,Anuj Rawat,GT,2025,0.3,No,No
843,Kulwant Khejroliya,GT,2025,0.3,No,No
844,Venkatesh Iyer,KKR,2025,23.75,No,No
845,Rinku Singh,KKR,2025,13.0,No,Yes
846,Varun Chakaravarthy,KKR,2025,12.0,No,Yes
847,Sunil Narine,KKR,2025,12.0,No,Yes
848,Andre Russell,KKR,2025,12.0,No,Yes
849,Anrich Nortje,KKR,2025,6.5,No,No
850,Ramandeep Singh,KKR,2025,4.0,No,Yes
851,Harshit Rana,KKR,2025,4.0,No,Yes
852,Quinton de Kock,KKR,2025,3.6,No,No
853,Angkrish Raghuvanshi,KKR,2025,3.0,No,No
854,Spencer Johnson,KKR,2025,2.8,No,No
855,Moeen Ali,KKR,2025,2.0,No,No
856,Rahmanullah Gurbaz,KKR,2025,2.0,No,No
857,Vaibhav Arora,KKR,2025,1.8,No,No
858,Rovman Powell,KKR,2025,1.5,No,No
859,Ajinkya Rahane,KKR,2025,1.5,No,No
860,Manish Pandey,KKR,2025,0.75,No,No
861,Umran Malik,KKR,2025,0.75,No,No
862,Anukul Roy,KKR,2025,0.4,No,No
863,Luvnith Sisodia,KKR,2025,0.3,No,No
864,Mayank Markande,KKR,2025,0.3,No,No
865,Shreyas Iyer,PBKS,2025,26.75,No,No
866,Yuzvendra Chahal,PBKS,2025,18.0,No,No
867,Arshdeep Singh,PBKS,2025,18.0,No,No
868,Marcus Stoinis,PBKS,2025,11.0,No,No
869,Marco Jansen,PBKS,2025,7.0,No,No
870,Shashank Singh,PBKS,2025,5.5,No,Yes
871,Nehal Wadhera,PBKS,2025,4.2,No,No
872,Glenn Maxwell,PBKS,2025,4.2,No,No
873,Prabhsimran Singh,PBKS,2025,4.0,No,Yes
874,Priyansh Arya,PBKS,2025,3.8,No,No
875,Josh Inglis,PBKS,2025,2.6,No,No
876,Azmatullah Omarzai,PBKS,2025,2.4,No,No
877,Lockie Ferguson,PBKS,2025,2.0,No,No
878,Vijaykumar Vyshak,PBKS,2025,1.8,No,No
879,Yash Thakur,PBKS,2025,1.6,No,No
880,Harpreet Brar,PBKS,2025,1.5,No,No
881,Aaron Hardie,PBKS,2025,1.25,No,No
882,Vishnu Vinod,PBKS,2025,0.95,No,No
883,Xavier Bartlett,PBKS,2025,0.8,No,No
884,Kuldeep Sen,PBKS,2025,0.8,No,No
885,Harnoor Singh,PBKS,2025,0.3,No,No
886,Suryansh Shedge,PBKS,2025,0.3,No,No
887,Pyla Avinash,PBKS,2025,0.3,No,No
888,Musheer Khan,PBKS,2025,0.3,No,No
889,Pravin Dubey,PBKS,2025,0.3,No,No
890,Sanju Samson,RR,2025,18.0,No,Yes
891,Yashasvi Jaiswal,RR,2025,18.0,No,Yes
892,Riyan Parag,RR,2025,14.0,No,Yes
893,Dhruv Jurel,RR,2025,14.0,No,Yes
894,Jofra Archer,RR,2025,12.5,No,No
895,Shimron Hetmyer,RR,2025,11.0,No,Yes
896,Tushar Deshpande,RR,2025,6.5,No,No
897,Wanindu Hasaranga,RR,2025,5.25,No,No
898,Maheesh Theekshana,RR,2025,4.4,No,No
899,Nitish Rana,RR,2025,4.2,No,No
900,Sandeep Sharma,RR,2025,4.0,No,Yes
901,Fazalhaq Farooqi,RR,2025,2.0,No,No
902,Kwena Maphaka,RR,2025,1.5,No,No
903,Akash Madhwal,RR,2025,1.2,No,No
904,Vaibhav Suryavanshi,RR,2025,1.1,No,No
905,Shubham Dubey,RR,2025,0.8,No,No
906,Yudhvir Singh,RR,2025,0.35,No,No
907,Ashok Sharma,RR,2025,0.3,No,No
908,Kumar Kartikeya,RR,2025,0.3,No,No
909,Kunal Singh Rathore,RR,2025,0.3,No,No
910,Virat Kohli,RCB,2025,21.0,No,Yes
911,Josh Hazlewood,RCB,2025,12.5,No,No
912,Phil Salt,RCB,2025,11.5,No,No
913,Jitesh Sharma,RCB,2025,11.0,No,No
914,Rajat Patidar,RCB,2025,11.0,No,Yes
915,Bhuvneshwar Kumar,RCB,2025,10.75,No,No
916,Liam Livingstone,RCB,2025,8.75,No,No
917,Rasikh Dar,RCB,2025,6.0,No,No
918,Krunal Pandya,RCB,2025,5.75,No,No
919,Yash Dayal,RCB,2025,5.0,No,Yes
920,Tim David,RCB,2025,3.0,No,No
921,Suyash Sharma,RCB,2025,2.6,No,No
922,Jacob Bethell,RCB,2025,2.6,No,No
923,Devdutt Padikkal,RCB,2025,2.0,No,No
924,Nuwan Thushara,RCB,2025,1.6,No,No
925,Romario Shepherd,RCB,2025,1.5,No,No
926,Lungi Ngidi,RCB,2025,1.0,No,No
927,Swapnil Singh,RCB,2025,0.5,No,No
928,Manoj Bhandage,RCB,2025,0.3,No,No
929,Abhinandan Singh,RCB,2025,0.3,No,No
930,Mohit Rathee,RCB,2025,0.3,No,No
931,Swastik Chikara,RCB,2025,0.3,No,No
932,Heinrich Klaasen,SRH,2025,23.0,No,Yes
933,Pat Cummins,SRH,2025,18.0,No,Yes
934,Travis Head,SRH,2025,14.0,No,Yes
935,Abhishek Sharma,SRH,2025,14.0,No,Yes
936,Ishan Kishan,SRH,2025,11.25,No,No
937,Mohammed Shami,SRH,2025,10.0,No,No
938,Harshal Patel,SRH,2025,8.0,No,No
939,Nitish Kumar Reddy,SRH,2025,6.0,No,Yes
940,Abhinav Manohar,SRH,2025,3.2,No,No
941,Rahul Chahar,SRH,2025,3.2,No,No
942,Adam Zampa,SRH,2025,2.4,No,No
943,Simarjeet Singh,SRH,2025,1.5,No,No
944,Eshan Malinga,SRH,2025,1.2,No,No
945,Brydon Carse,SRH,2025,1.0,No,No
946,Jaydev Unadkat,SRH,2025,1.0,No,No
947,Kamindu Mendis,SRH,2025,0.75,No,No
948,Zeeshan Ansari,SRH,2025,0.4,No,No
949,Aniket Verma,SRH,2025,0.3,No,No
950,Atharva Taide,SRH,2025,0.3,No,No
951,Sachin Baby,SRH,2025,0.3,No,No
952,Rahmanullah Gurbaz,GT,2022,0.5,Yes,No
953,Aaron Finch,KKR,2022,1.5,Yes,No
954,Andrew Tye,LSG,2022,1.5,Yes,No
955,Rajat Patidar,RCB,2022,0.2,Yes,No
956,Corbin Bosch,RR,2022,0.2,Yes,No
957,Harshit Rana,KKR,2022,0.2,Yes,No
958,Matheesha Pathirana,CSK,2022,0.2,Yes,No
959,Kumar Kartikeya,MI,2022,0.2,Yes,No
960,Sushant Mishra,SRH,2022,0.2,Yes,No
961,Tristan Stubbs,MI,2022,0.2,Yes,No
962,Akash Madhwal,MI,2022,0.2,Yes,No
963,Abhishek Porel,DC,2023,0.2,Yes,No
964,Sandeep Sharma,RR,2023,0.5,Yes,No
965,Sisanda Magala,CSK,2023,0.5,Yes,No
966,Sandeep Warrier,MI,2023,0.5,Yes,No
967,Riley Meredith,MI,2023,1.5,Yes,No
968,Michael Bracewell,RCB,2023,1.0,Yes,No
969,Matthew Short,PBKS,2023,0.2,Yes,No
970,Akash Singh,CSK,2023,0.2,Yes,No
971,Dasun Shanaka,GT,2023,0.5,Yes,No
972,Aarya Desai,KKR,2023,0.2,Yes,No
973,Vijaykumar Vyshak,RCB,2023,0.2,Yes,No
974,Jason Roy,KKR,2023,2.8,Yes,No
975,Gurnoor Brar,PBKS,2023,0.2,Yes,No
976,Wayne Parnell,RCB,2023,0.75,Yes,No
977,Arpit Guleria,LSG,2023,0.2,Yes,No
978,Priyam Garg,DC,2023,0.2,Yes,No
979,Johnson Charles,KKR,2023,0.5,Yes,No
980,Kedar Jadhav,RCB,2023,1.0,Yes,No
981,Suryansh Shedge,LSG,2023,0.2,Yes,No
982,Karun Nair,LSG,2023,0.5,Yes,No
983,Chris Jordan,MI,2023,2.0,Yes,No
984,Shamar Joseph,LSG,2024,3.0,Yes,No
985,Dushmantha Chameera,KKR,2024,0.5,Yes,No
986,Sandeep Warrier,GT,2024,0.5,Yes,No
987,Phil Salt,KKR,2024,1.5,Yes,No
988,Keshav Maharaj,RR,2024,0.5,Yes,No
989,Lizaad Williams,DC,2024,0.5,Yes,No
990,Jake Fraser-McGurk,DC,2024,0.5,Yes,No
991,Luke Wood,MI,2024,0.5,Yes,No
992,Kwena Maphaka,MI,2024,0.5,Yes,No
993,Tanush Kotian,RR,2024,0.2,Yes,No
994,BR Sharath,GT,2024,0.2,Yes,No
995,Allah Ghazanfar,KKR,2024,0.2,Yes,No
996,Matt Henry,LSG,2024,1.25,Yes,No
997,Vijayakanth Viyaskanth,SRH,2024,0.5,Yes,No
998,Harvik Desai,MI,2024,0.2,Yes,No
999,Richard Gleeson,CSK,2024,0.5,Yes,No
1000,Gulbadin Naib,DC,2024,0.5,Yes,No
1001,Gurnoor Brar,GT,2024,0.2,Yes,No
1002,Mujeeb Ur Rahman,MI,2025,2.0,Yes,No
1003,Wiaan Mulder,SRH,2025,0.75,Yes,No
1004,Corbin Bosch,MI,2025,0.75,Yes,No
1005,Sediqullah Atal,DC,2025,1.25,Yes,No
1006,Chetan Sakariya,KKR,2025,0.75,Yes,No
1007,Shardul Thakur,LSG,2025,2.0,Yes,No
1008,Ayush Mhatre,CSK,2025,0.75,Yes,No
1009,Dasun Shanaka,GT,2025,0.75,Yes,No
1010,Kyle Jamieson,PBKS,2025,2.0,Yes,No
1011,Smaran Ravichandran,SRH,2025,0.3,Yes,No
1012,Dewald Brevis,CSK,2025,2.2,Yes,No
1013,Raghu Sharma,MI,2025,0.3,Yes,No
1014,Mitchell Owen,PBKS,2025,3.0,Yes,No
1015,Urvil Patel,CSK,2025,0.3,Yes,No
1016,Harsh Dubey,SRH,2025,0.3,Yes,No
1017,Mayank Agarwal,RCB,2025,1.0,Yes,No
1018,Lhuan-dre Pretorius,RR,2025,0.3,Yes,No
1019,Nandre Burger,RR,2025,3.5,Yes,No
1020,Mustafizur Rahman,DC,2025,6.0,Yes,No
1021,Kusal Mendis,GT,2025,0.75,Yes,No
1022,Will O'Rourke,LSG,2025,3.0,Yes,No
1023,Shivam Shukla,KKR,2025,0.3,Yes,No
1024,Blessing Muzarabani,RCB,2025,0.75,Yes,No
1025,Jonny Bairstow,MI,2025,5.25,Yes,No
1026,Richard Gleeson,MI,2025,1.0,Yes,No
1027,Charith Asalanka,MI,2025,0.75,Yes,No
1028,Tim Seifert,RCB,2025,2.0,Yes,No
1029,Saurav Chuahan,RCB,2024,0.2,No,No
