,Team,Year,Player ID,Player Name_squad,Price,Replacement,Retained,Country,Age,Role,Batting Style,Bowling Style,C/U/A,Base Price
0,SRH,2024,12b610c2,Travis Head,6.8,No,No,Australia,30.0,Batsman,LHB,Right Arm Off Spin,Capped,2.0
1,SRH,2024,f29185a1,Abhishek Sharma,6.5,No,Yes,India,23.0,All-Rounder,LHB,Left Arm Slow Orthodox,Capped,
2,SRH,2024,6a26221c,Aiden Markram,2.6,No,Yes,South Africa,29.0,All-Rounder,RHB,Right Arm Off Spin,Capped,
3,SRH,2024,aad0c365,Nitish Kumar Reddy,0.2,No,Yes,India,20.0,All-Rounder,RHB,Right Arm Fast Medium,Uncapped,
4,SRH,2024,77255a9e,Rahul Tripathi,8.5,No,Yes,India,32.0,Batsman,RHB,-,Capped,
5,SRH,2024,235c2bb6,Heinrich Klaasen,5.25,No,Yes,South Africa,32.0,Wicketkeeper,RHB,-,Capped,
6,SRH,2024,8e514b4c,Abdul Samad,4.0,No,Yes,India,22.0,All-Rounder,RHB,Right Arm Leg Spin,Uncapped,
7,SRH,2024,f9e6e7ef,Shahbaz Ahmed,2.4,No,No,India,29.0,All-Rounder,LHB,Left Arm Slow Orthodox,Capped,0.0
8,SRH,2024,ded9240e,Pat Cummins,20.5,No,No,Australia,30.0,All-Rounder,RHB,Right Arm Fast,Capped,2.0
9,SRH,2024,2e81a32d,Bhuvneshwar Kumar,4.2,No,Yes,India,33.0,Bowler,RHB,Right Arm Fast Medium,Capped,
10,SRH,2024,1e66c162,Jaydev Unadkat,1.6,No,No,India,32.0,Bowler,RHB,Left Arm Fast Medium,Capped,0.5
11,SRH,2024,ce794613,T Natarajan,4.0,No,Yes,India,32.0,Bowler,LHB,Left Arm Fast Medium,Capped,
12,PBKS,2024,244048f6,Arshdeep Singh,4.0,No,Yes,India,24.0,Bowler,LHB,Left Arm Fast Medium,Capped,
13,PBKS,2024,0a476045,Shikhar Dhawan,8.25,No,Yes,India,38.0,Batsman,LHB,-,Capped,
14,PBKS,2024,abb83e27,Jonny Bairstow,6.75,No,Yes,England,34.0,Wicketkeeper,RHB,-,Capped,
15,PBKS,2024,9418198b,Arshdeep Singh,4.0,No,Yes,India,24.0,Bowler,LHB,Left Arm Fast Medium,Capped,
16,PBKS,2024,e94915e6,Sam Curran,18.5,No,Yes,England,25.0,All-Rounder,LHB,Left Arm Fast Medium,Capped,
17,PBKS,2024,26d041c4,Sikandar Raza,0.5,No,Yes,Zimbabwe,37.0,All-Rounder,RHB,Right Arm Off Spin,Capped,
18,PBKS,2024,26989d80,Shashank Singh,0.2,No,No,India,20.0,Batsman,RHB,-,Uncapped,0.2
19,PBKS,2024,800d2d97,Jitesh Sharma,0.2,No,Yes,India,30.0,Wicketkeeper,RHB,-,Capped,
20,PBKS,2024,84d9c311,Ashutosh Sharma,0.2,No,No,India,25.0,All-Rounder,RHB,Right Arm Medium,Uncapped,0.2
21,PBKS,2024,c05edf8e,Harpreet Brar,3.8,No,Yes,India,28.0,All-Rounder,LHB,Left Arm Slow Orthodox,Uncapped,
22,PBKS,2024,f986ca1a,Harshal Patel,11.75,No,No,India,33.0,All-Rounder,RHB,Right Arm Fast Medium,Capped,2.0
23,PBKS,2024,e62dd25d,Kagiso Rabada,9.25,No,Yes,South Africa,28.0,Bowler,LHB,Right Arm Fast,Capped,
24,CSK,2023,b483905d,Akash Singh,0.2,Yes,No,India,20.0,Bowler,RHB,Left Arm Fast,Uncapped,0.2
25,CSK,2023,45a43fe2,Ruturaj Gaikwad,6.0,No,Yes,India,25.0,Batsman,RHB,-,Capped,
26,CSK,2023,df5a6881,Devon Conway,1.0,No,Yes,New Zealand,31.0,Wicketkeeper,LHB,-,Capped,
27,CSK,2023,29e95537,Ajinkya Rahane,0.5,No,No,India,34.0,Batsman,RHB,-,Capped,0.5
28,CSK,2023,a4e37e47,Shivam Dube,4.0,No,Yes,India,29.0,All-Rounder,LHB,Right Arm Medium,Capped,
29,CSK,2023,fe93fd9d,Ravindra Jadeja,16.0,No,Yes,India,34.0,All-Rounder,LHB,Left Arm Slow Orthodox,Capped,
30,CSK,2023,4a8a2e3b,MS Dhoni,12.0,No,Yes,India,41.0,Wicketkeeper,RHB,-,Capped,
31,CSK,2023,bb351c23,Moeen Ali,8.0,No,Yes,England,35.0,All-Rounder,LHB,Right Arm Off Spin,Capped,
32,CSK,2023,70d205c9,Ambati Rayudu,6.75,No,Yes,India,37.0,Batsman,RHB,-,Capped,
33,CSK,2023,64839cb3,Matheesha Pathirana,0.2,No,Yes,Sri Lanka,20.0,Bowler,RHB,Right Arm Fast,Capped,
34,CSK,2023,46a9bea1,Tushar Deshpande,0.2,No,Yes,India,27.0,Bowler,LHB,Right Arm Medium,Uncapped,
35,CSK,2023,f24c6701,Maheesh Theekshana,0.7,No,Yes,Sri Lanka,22.0,Bowler,RHB,Right Arm Off Spin,Capped,
36,KKR,2023,9440ef41,Suyash Sharma,0.2,No,No,India,19.0,Bowler,RHB,Right Arm Leg Spin,Uncapped,0.2
37,KKR,2023,bd54eef5,Narayan Jagadeesan,0.9,No,No,India,27.0,Wicketkeeper,RHB,-,Uncapped,0.2
38,KKR,2023,9d430b40,Sunil Narine,6.0,No,Yes,West Indies,34.0,Bowler,LHB,Right Arm Off Spin,Capped,
39,KKR,2023,a24be938,Venkatesh Iyer,8.0,No,Yes,India,28.0,All-Rounder,LHB,Right Arm Medium,Capped,
40,KKR,2023,fb2d1dda,Nitish Rana,8.0,No,Yes,India,28.0,All-Rounder,LHB,Right Arm Off Spin,Capped,
41,KKR,2023,d1c36f5c,Jason Roy,2.8,Yes,No,England,32.0,Batsman,RHB,-,Capped,1.5
42,KKR,2023,0a509d6b,Rinku Singh,0.55,No,Yes,India,25.0,Batsman,LHB,-,Uncapped,
43,KKR,2023,bbd41817,Andre Russell,16.0,No,Yes,West Indies,34.0,All-Rounder,RHB,Right Arm Fast,Capped,
44,KKR,2023,aa8d28ae,David Wiese,1.0,No,No,Namibia,37.0,All-Rounder,RHB,Right Arm Medium,Associate,1.0
45,KKR,2023,cc1e8c68,Umesh Yadav,2.0,No,Yes,India,35.0,Bowler,RHB,Right Arm Fast,Capped,
46,KKR,2023,5b7ab5a9,Varun Chakaravarthy,12.0,No,Yes,India,31.0,Bowler,RHB,Right Arm Leg Spin,Capped,
47,KKR,2023,fa2f1dde,Kulwant Khejroliya,0.2,No,No,India,31.0,Bowler,LHB,Left Arm Fast,Uncapped,0.2
48,SRH,2022,f29185a1,Abhishek Sharma,6.5,No,No,India,21.0,All-Rounder,LHB,Left Arm Slow Orthodox,Uncapped,0.2
49,SRH,2022,d027ba9f,Kane Williamson,14.0,No,Yes,New Zealand,31.0,Batsman,RHB,-,Capped,
50,SRH,2022,77255a9e,Rahul Tripathi,8.5,No,No,India,31.0,Batsman,RHB,Right Arm Medium,Uncapped,0.4
51,SRH,2022,6a26221c,Aiden Markram,2.6,No,No,South Africa,27.0,Batsman,RHB,Right Arm Off Spin,Capped,1.0
52,SRH,2022,3241e3fd,Nicholas Pooran,10.75,No,No,West Indies,26.0,Wicketkeeper,LHB,-,Capped,1.5
53,SRH,2022,f19ccfad,Washington Sundar,8.75,No,No,India,22.0,All-Rounder,LHB,Right Arm Off Spin,Capped,1.5
54,SRH,2022,26989d80,Shashank Singh,0.2,No,No,India,30.0,All-Rounder,RHB,Right Arm Medium,Uncapped,0.2
55,SRH,2022,81c36ee9,Marco Jansen,4.2,No,No,South Africa,21.0,All-Rounder,RHB,Left Arm Fast,Capped,0.5
56,SRH,2022,2e81a32d,Bhuvneshwar Kumar,4.2,No,No,India,32.0,Bowler,RHB,Right Arm Fast Medium,Capped,2.0
57,SRH,2022,ce794613,T Natarajan,4.0,No,No,India,30.0,Bowler,LHB,Left Arm Fast,Capped,1.0
58,SRH,2022,81c08fa3,Umran Malik,4.0,No,Yes,India,22.0,Bowler,RHB,Right Arm Fast,Uncapped,
59,GT,2022,fe11caa6,Wriddhiman Saha,1.9,No,No,India,37.0,Wicketkeeper,RHB,-,Capped,1.0
60,GT,2022,b4b99816,Shubman Gill,8.0,No,Yes,India,22.0,Batsman,RHB,-,Capped,
61,GT,2022,dbe50b21,Hardik Pandya,15.0,No,Yes,India,28.0,All-Rounder,RHB,Right Arm Fast Medium,Capped,
62,GT,2022,d67d5f00,David Miller,3.0,No,No,South Africa,32.0,Batsman,LHB,-,Capped,1.0
63,GT,2022,39a2dfa8,Rahul Tewatia,9.0,No,No,India,28.0,All-Rounder,LHB,Right Arm Leg Spin,Uncapped,0.4
64,GT,2022,0890552f,Abhinav Manohar,2.6,No,No,India,27.0,Batsman,RHB,Right Arm Leg Spin,Uncapped,0.2
65,GT,2022,5f547c8b,Rashid Khan,15.0,No,Yes,Afghanistan,23.0,Bowler,RHB,Right Arm Leg Spin,Capped,
66,GT,2022,2f9d0389,Lockie Ferguson,10.0,No,No,New Zealand,30.0,Bowler,RHB,Right Arm Fast,Capped,2.0
67,GT,2022,b0946605,Alzarri Joseph,2.4,No,No,West Indies,25.0,Bowler,RHB,Right Arm Fast,Capped,0.75
68,GT,2022,7210d461,Yash Dayal,3.2,No,No,India,24.0,Bowler,RHB,Left Arm Fast,Uncapped,0.2
69,GT,2022,8cf9814c,Mohammed Shami,6.25,No,No,India,32.0,Bowler,RHB,Right Arm Fast,Capped,2.0
70,PBKS,2022,00ea847a,Mayank Agarwal,12.0,No,Yes,India,30.0,Batsman,RHB,-,Capped,
71,PBKS,2022,0a476045,Shikhar Dhawan,8.25,No,No,India,36.0,Batsman,LHB,-,Capped,2.0
72,PBKS,2022,abb83e27,Jonny Bairstow,6.75,No,No,England,32.0,Wicketkeeper,RHB,-,Capped,1.5
73,PBKS,2022,50c6bc2b,Liam Livingstone,11.5,No,No,England,28.0,All-Rounder,RHB,Right Arm Leg Spin,Capped,1.0
74,PBKS,2022,800d2d97,Jitesh Sharma,0.2,No,No,India,28.0,Wicketkeeper,RHB,-,Uncapped,0.2
75,PBKS,2022,7dcb9bc9,Shahrukh Khan,9.0,No,No,India,26.0,All-Rounder,RHB,Right Arm Off Spin,Uncapped,0.4
76,PBKS,2022,23cca426,Odean Smith,6.0,No,No,West Indies,25.0,All-Rounder,RHB,Right Arm Fast,Capped,1.0
77,PBKS,2022,e62dd25d,Kagiso Rabada,9.25,No,No,South Africa,26.0,Bowler,LHB,Right Arm Fast,Capped,2.0
78,PBKS,2022,2ed569a0,Rahul Chahar,5.25,No,No,India,22.0,Bowler,RHB,Right Arm Leg Spin,Capped,0.75
79,PBKS,2022,7c3b3b78,Vaibhav Arora,2.0,No,No,India,24.0,Bowler,RHB,Right Arm Fast Medium,Uncapped,0.2
80,PBKS,2022,244048f6,Arshdeep Singh,4.0,No,Yes,India,23.0,Bowler,LHB,Left Arm Fast Medium,Uncapped,
81,MI,2022,740742ef,Rohit Sharma,16.0,No,Yes,India,34.0,Batsman,RHB,-,Capped,
82,MI,2022,752f7486,Ishan Kishan,15.25,No,No,India,23.0,Wicketkeeper,LHB,-,Capped,2.0
83,MI,2022,844e79d1,Dewald Brevis,3.0,No,No,South Africa,18.0,Batsman,RHB,Right Arm Leg Spin,Uncapped,0.2
84,MI,2022,b0482a1d,Tilak Varma,1.7,No,No,India,19.0,All-Rounder,LHB,Right Arm Off Spin,Uncapped,0.2
85,MI,2022,271f83cd,Suryakumar Yadav,8.0,No,Yes,India,31.0,Batsman,RHB,-,Capped,
86,MI,2022,a757b0d8,Kieron Pollard,6.0,No,Yes,West Indies,34.0,All-Rounder,RHB,Right Arm Medium,Capped,
87,MI,2022,1e66c162,Jaydev Unadkat,1.3,No,No,India,30.0,Bowler,RHB,Left Arm Fast Medium,Capped,0.75
88,MI,2022,e2db2409,Murugan Ashwin,1.6,No,No,India,31.0,Bowler,RHB,Right Arm Leg Spin,Uncapped,0.2
89,MI,2022,462411b3,Jasprit Bumrah,12.0,No,Yes,India,28.0,Bowler,RHB,Right Arm Fast,Capped,
90,MI,2022,245c97cb,Tymal Mills,1.5,No,No,England,29.0,Bowler,RHB,Left Arm Fast,Capped,1.0
91,MI,2022,871e9faf,Basil Thampi,0.3,No,No,India,28.0,Bowler,RHB,Right Arm Fast Medium,Uncapped,0.3
92,GT,2025,5bb1a1c4,Ishant Sharma,0.75,No,No,India,36.0,Bowler,RHB,Right Arm Fast,Capped,0.75
93,GT,2025,d5130a30,Sai Sudharsan,8.5,No,Yes,India,23.0,Batsman,LHB,Right Arm Leg Spin,Capped,
94,GT,2025,b4b99816,Shubman Gill,16.5,No,Yes,India,25.0,Batsman,RHB,-,Capped,
95,GT,2025,99b75528,Jos Buttler,15.75,No,No,England,34.0,Wicketkeeper,RHB,Right Arm Off Spin,Capped,2.0
96,GT,2025,7dcb9bc9,Shahrukh Khan,4.0,No,Yes,India,29.0,All-Rounder,RHB,Right Arm Off Spin,Uncapped,
97,GT,2025,d014d5ac,Sherfane Rutherford,2.6,No,No,West Indies,26.0,Batsman,LHB,Right Arm Fast Medium,Capped,1.5
98,GT,2025,39a2dfa8,Rahul Tewatia,4.0,No,Yes,India,31.0,All-Rounder,LHB,Right Arm Leg Spin,Capped,
99,GT,2025,5f547c8b,Rashid Khan,18.0,No,Yes,Afghanistan,26.0,Bowler,RHB,Right Arm Leg Spin,Capped,
100,GT,2025,e62dd25d,Kagiso Rabada,10.75,No,No,South Africa,29.0,Bowler,RHB,Right Arm Fast,Capped,2.0
101,GT,2025,c7a995d3,Sai Kishore,2.0,No,No,India,28.0,All-Rounder,LHB,Left Arm Slow Unorthodox,Capped,0.75
102,GT,2025,2f49c897,Mohammed Siraj,12.25,No,No,India,31.0,Bowler,RHB,Right Arm Fast,Capped,2.0
103,GT,2025,85e0cf10,Prasidh Krishna,9.5,No,No,India,29.0,Bowler,RHB,Right Arm Fast,Capped,2.0
104,MI,2025,c27b5a0e,Satyanarayana Raju,0.3,No,No,India,25.0,Bowler,RHB,Right Arm Fast Medium,Uncapped,0.3
105,MI,2025,740742ef,Rohit Sharma,16.3,No,Yes,India,37.0,Batsman,RHB,-,Capped,
106,MI,2025,e66732f8,Ryan Rickelton,1.0,No,No,South Africa,28.0,Wicketkeeper,LHB,-,Capped,1.0
107,MI,2025,b0482a1d,Tilak Varma,8.0,No,Yes,India,22.0,All-Rounder,LHB,Right Arm Off Spin,Capped,
108,MI,2025,271f83cd,Suryakumar Yadav,16.35,No,Yes,India,34.0,Batsman,RHB,-,Capped,
109,MI,2025,bafd0398,Robin Minz,0.65,No,No,India,22.0,Wicketkeeper,LHB,Right Arm Off Spin,Uncapped,0.3
110,MI,2025,dbe50b21,Hardik Pandya,16.35,No,Yes,India,31.0,All-Rounder,RHB,Right Arm Fast Medium,Capped,
111,MI,2025,fffa744b,Naman Dhir,5.25,No,No,India,25.0,All-Rounder,RHB,Right Arm Off Spin,Uncapped,0.3
112,MI,2025,e4a0deae,Mitchell Santner,2.0,No,No,New Zealand,33.0,All-Rounder,LHB,Left Arm Slow Orthodox,Capped,2.0
113,MI,2025,23eeb873,Deepak Chahar,9.25,No,No,India,32.0,Bowler,RHB,Right Arm Fast Medium,Capped,2.0
114,MI,2025,a818c1be,Trent Boult,12.5,No,No,New Zealand,35.0,Bowler,RHB,Left Arm Fast Medium,Capped,2.0
115,MI,2025,7d92277a,Mujeeb Ur Rahman,2.0,Yes,No,Afghanistan,24.0,Bowler,RHB,Right Arm Off Spin,Capped,2.0
116,SRH,2025,f29185a1,Abhishek Sharma,14.0,No,Yes,India,24.0,All-Rounder,LHB,Left Arm Slow Orthodox,Capped,
117,SRH,2025,12b610c2,Travis Head,14.0,No,Yes,Australia,30.0,Batsman,LHB,Right Arm Off Spin,Capped,
118,SRH,2025,752f7486,Ishan Kishan,11.25,No,No,India,26.0,Wicketkeeper,LHB,-,Capped,2.0
119,SRH,2025,235c2bb6,Heinrich Klaasen,23.0,No,Yes,South Africa,33.0,Wicketkeeper,RHB,-,Capped,
120,SRH,2025,a3b0600d,Aniket Verma,0.3,No,No,India,23.0,Batsman,RHB,-,Uncapped,0.3
121,SRH,2025,aad0c365,Nitish Kumar Reddy,6.0,No,Yes,India,21.0,All-Rounder,RHB,Right Arm Fast Medium,Uncapped,
122,SRH,2025,0890552f,Abhinav Manohar,3.2,No,No,India,30.0,Batsman,RHB,Right Arm Leg Spin,Uncapped,0.3
123,SRH,2025,ded9240e,Pat Cummins,18.0,No,Yes,Australia,31.0,All-Rounder,RHB,Right Arm Fast,Capped,
124,SRH,2025,f986ca1a,Harshal Patel,8.0,No,No,India,34.0,All-Rounder,RHB,Right Arm Fast Medium,Capped,2.0
125,SRH,2025,1e66c162,Jaydev Unadkat,1.0,No,No,India,33.0,Bowler,RHB,Left Arm Fast Medium,Capped,1.0
126,SRH,2025,5750bcb4,Eshan Malinga,1.2,No,No,Sri Lanka,24.0,Bowler,LHB,Right Arm Fast,Uncapped,0.3
127,SRH,2025,25228673,Harsh Dubey,0.3,Yes,No,India,22.0,All-Rounder,LHB,Left Arm Slow Orthodox,Uncapped,0.3
128,RCB,2025,3d284ca3,Phil Salt,11.5,No,No,England,28.0,Wicketkeeper,RHB,-,Capped,2.0
129,RCB,2025,ba607b88,Virat Kohli,21.0,No,Yes,India,36.0,Batsman,RHB,-,Capped,
130,RCB,2025,00ea847a,Mayank Agarwal,1.0,Yes,No,India,34.0,Batsman,RHB,Right Arm Off Spin,Capped,1.0
131,RCB,2025,c740ea83,Rajat Patidar,11.0,No,Yes,India,31.0,Batsman,RHB,-,Capped,
132,RCB,2025,800d2d97,Jitesh Sharma,11.0,No,No,India,31.0,Wicketkeeper,RHB,-,Capped,1.0
133,RCB,2025,c5aef772,Romario Shepherd,1.5,No,No,West Indies,30.0,All-Rounder,RHB,Right Arm Fast,Capped,1.5
134,RCB,2025,5b8c830e,Krunal Pandya,5.75,No,No,India,34.0,All-Rounder,LHB,Left Arm Slow Orthodox,Capped,2.0
135,RCB,2025,f1f99156,Tim David,3.0,No,No,Australia,29.0,All-Rounder,RHB,Right Arm Off Spin,Capped,2.0
136,RCB,2025,2e81a32d,Bhuvneshwar Kumar,10.75,No,No,India,35.0,Bowler,RHB,Right Arm Fast Medium,Capped,2.0
137,RCB,2025,7210d461,Yash Dayal,5.0,No,Yes,India,26.0,Bowler,LHB,Left Arm Fast Medium,Uncapped,
138,RCB,2025,f834dcfc,Lungi Ngidi,1.0,No,No,South Africa,29.0,Bowler,RHB,Right Arm Fast Medium,Capped,1.0
139,RCB,2025,9440ef41,Suyash Sharma,2.6,No,No,India,21.0,Bowler,RHB,Right Arm Leg Spin,Uncapped,0.3
140,RR,2022,99b75528,Jos Buttler,10.0,No,Yes,England,31.0,Wicketkeeper,RHB,-,Capped,
141,RR,2022,2c25d4f5,Devdutt Padikkal,7.75,No,No,India,21.0,Batsman,LHB,Right Arm Off Spin,Capped,2.0
142,RR,2022,a4cc73aa,Sanju Samson,14.0,No,Yes,India,27.0,Wicketkeeper,RHB,-,Capped,
143,RR,2022,eade4650,Daryl Mitchell,0.75,No,No,New Zealand,30.0,All-Rounder,RHB,Right Arm Medium,Capped,0.75
144,RR,2022,48a1d7b7,Shimron Hetmyer,8.5,No,No,West Indies,25.0,Batsman,LHB,Right Arm Leg Spin,Capped,1.5
145,RR,2022,04a418e8,Riyan Parag,3.8,No,No,India,20.0,All-Rounder,RHB,Right Arm Off Spin,Uncapped,0.3
146,RR,2022,495d42a5,Ravichandran Ashwin,5.0,No,No,India,35.0,All-Rounder,RHB,Right Arm Off Spin,Capped,2.0
147,RR,2022,a818c1be,Trent Boult,8.0,No,No,New Zealand,32.0,Bowler,RHB,Left Arm Fast Medium,Capped,2.0
148,RR,2022,85e0cf10,Prasidh Krishna,10.0,No,No,India,26.0,Bowler,RHB,Right Arm Fast,Capped,1.0
149,RR,2022,57ee1fde,Yuzvendra Chahal,6.5,No,No,India,31.0,Bowler,RHB,Right Arm Leg Spin,Capped,2.0
150,RR,2022,2e78f685,Kuldeep Sen,0.2,No,No,India,25.0,Bowler,RHB,Right Arm Fast Medium,Uncapped,0.2
151,MI,2022,f1f99156,Tim David,8.25,No,No,Australia,26.0,All-Rounder,RHB,Right Arm Off Spin,Uncapped,0.4
152,MI,2022,caf69bf7,Daniel Sams,2.6,No,No,Australia,29.0,All-Rounder,RHB,Left Arm Fast Medium,Capped,1.0
153,MI,2022,0c9652b0,Hrithik Shokeen,0.2,No,No,India,21.0,All-Rounder,RHB,Right Arm Off Spin,Uncapped,0.2
154,MI,2022,f6d8a7ab,Kumar Kartikeya,0.2,Yes,No,India,24.0,All-Rounder,RHB,Left Arm Slow Orthodox,Uncapped,0.2
155,MI,2022,64775749,Riley Meredith,1.0,No,No,Australia,25.0,Bowler,RHB,Right Arm Fast,Capped,1.0
156,LSG,2025,cf0ccafa,M. Siddharth,0.75,No,No,India,26.0,Bowler,RHB,Left Arm Slow Orthodox,Uncapped,0.3
157,LSG,2025,6a26221c,Aiden Markram,2.0,No,No,South Africa,30.0,Batsman,RHB,Right Arm Off Spin,Capped,2.0
158,LSG,2025,3d8feaf8,Mitchell Marsh,3.4,No,No,Australia,33.0,All-Rounder,RHB,Right Arm Fast,Capped,2.0
159,LSG,2025,3241e3fd,Nicholas Pooran,21.0,No,Yes,West Indies,29.0,Wicketkeeper,LHB,-,Capped,
160,LSG,2025,919a3be2,Rishabh Pant,27.0,No,No,India,27.0,Batsman,LHB,Right Arm Off Spin,Capped,2.0
161,LSG,2025,872b03f7,Ayush Badoni,4.0,No,Yes,India,24.0,All-Rounder,RHB,Right Arm Off Spin,Uncapped,
162,LSG,2025,d67d5f00,David Miller,7.5,No,No,South Africa,35.0,Batsman,LHB,-,Capped,1.5
163,LSG,2025,8e514b4c,Abdul Samad,4.2,No,No,India,23.0,All-Rounder,RHB,Right Arm Leg Spin,Uncapped,0.3
164,LSG,2025,1abb78f8,Shardul Thakur,2.0,Yes,No,India,33.0,All-Rounder,RHB,Right Arm Fast Medium,Capped,2.0
165,LSG,2025,eef2536f,Avesh Khan,9.75,No,No,India,28.0,Bowler,RHB,Right Arm Fast,Capped,2.0
166,LSG,2025,df064e1a,Ravi Bishnoi,11.0,No,Yes,India,24.0,Bowler,RHB,Right Arm Leg Spin,Capped,
167,LSG,2025,13fc5c6d,Digvesh Singh,0.3,No,No,India,25.0,Bowler,RHB,Right Arm Leg Spin,Uncapped,0.3
168,PBKS,2025,57ee1fde,Yuzvendra Chahal,18.0,No,No,India,34.0,Bowler,RHB,Right Arm Leg Spin,Capped,2.0
169,PBKS,2025,b5797845,Priyansh Arya,3.8,No,No,India,23.0,All-Rounder,LHB,Right Arm Off Spin,Uncapped,0.3
170,PBKS,2025,9418198b,Arshdeep Singh,18.0,No,No,India,26.0,Bowler,LHB,Left Arm Fast Medium,Capped,2.0
171,PBKS,2025,85ec8e33,Shreyas Iyer,26.75,No,No,India,30.0,Batsman,RHB,Right Arm Off Spin,Capped,2.0
172,PBKS,2025,d1a60072,Nehal Wadhera,4.2,No,No,India,24.0,Batsman,LHB,Right Arm Leg Spin,Uncapped,0.3
173,PBKS,2025,b681e71e,Glenn Maxwell,4.2,No,No,Australia,36.0,All-Rounder,RHB,Right Arm Off Spin,Capped,2.0
174,PBKS,2025,d9273ee7,Marcus Stoinis,11.0,No,No,Australia,35.0,All-Rounder,RHB,Right Arm Fast,Capped,2.0
175,PBKS,2025,26989d80,Shashank Singh,5.5,No,Yes,India,33.0,All-Rounder,LHB,Right Arm Off Spin,Capped,
176,PBKS,2025,970ddd24,Suryansh Shedge,0.3,No,No,India,22.0,All-Rounder,RHB,Right Arm Fast Medium,Uncapped,0.3
177,PBKS,2025,81c36ee9,Marco Jansen,7.0,No,No,South Africa,24.0,All-Rounder,RHB,Left Arm Fast,Capped,1.25
178,PBKS,2025,2f9d0389,Lockie Ferguson,2.0,No,No,New Zealand,33.0,Bowler,RHB,Right Arm Fast,Capped,2.0
179,PBKS,2025,244048f6,Arshdeep Singh,18.0,No,No,India,26.0,Bowler,LHB,Left Arm Fast Medium,Capped,2.0
180,RR,2023,030f3089,Kuldip Yadav,0.2,No,Yes,India,26.0,Bowler,RHB,Left Arm Fast Medium,Uncapped,
181,RR,2023,6c19c6e5,Yashasvi Jaiswal,4.0,No,Yes,India,21.0,Batsman,LHB,-,Uncapped,
182,RR,2023,99b75528,Jos Buttler,10.0,No,Yes,England,32.0,Wicketkeeper,RHB,-,Capped,
183,RR,2023,a4cc73aa,Sanju Samson,14.0,No,Yes,India,28.0,Wicketkeeper,RHB,-,Capped,
184,RR,2023,48a1d7b7,Shimron Hetmyer,8.5,No,Yes,West Indies,25.0,Batsman,LHB,-,Capped,
185,RR,2023,bcf325d2,Dhruv Jurel,0.2,No,Yes,India,21.0,Wicketkeeper,RHB,-,Uncapped,
186,RR,2023,2c25d4f5,Devdutt Padikkal,7.75,No,Yes,India,22.0,Batsman,LHB,-,Capped,
187,RR,2023,495d42a5,Ravichandran Ashwin,5.0,No,Yes,India,36.0,All-Rounder,RHB,Right Arm Off Spin,Capped,
188,RR,2023,0f721006,Jason Holder,5.75,No,No,West Indies,31.0,All-Rounder,RHB,Right Arm Fast,Capped,2.0
189,RR,2023,ce820073,Sandeep Sharma,0.5,Yes,No,India,29.0,Bowler,RHB,Right Arm Fast Medium,Capped,0.5
190,RR,2023,57ee1fde,Yuzvendra Chahal,6.5,No,Yes,India,32.0,Bowler,RHB,Right Arm Leg Spin,Capped,
191,RR,2023,14f96089,Adam Zampa,1.5,No,No,Australia,30.0,Bowler,RHB,Right Arm Leg Spin,Capped,1.5
192,CSK,2024,1abb78f8,Shardul Thakur,4.0,No,No,India,32.0,All-Rounder,RHB,Right Arm Fast Medium,Capped,2.0
193,CSK,2024,29e95537,Ajinkya Rahane,0.5,No,Yes,India,35.0,Batsman,RHB,-,Capped,
194,CSK,2024,45a43fe2,Ruturaj Gaikwad,8.0,No,Yes,India,26.0,Batsman,RHB,-,Capped,
195,CSK,2024,eade4650,Daryl Mitchell,14.0,No,No,New Zealand,32.0,All-Rounder,RHB,Right Arm Fast Medium,Capped,1.0
196,CSK,2024,fe93fd9d,Ravindra Jadeja,16.0,No,Yes,India,35.0,All-Rounder,LHB,Left Arm Slow Orthodox,Capped,
197,CSK,2024,a4e37e47,Shivam Dube,4.0,No,Yes,India,30.0,All-Rounder,LHB,Right Arm Medium,Capped,
198,CSK,2024,4a8a2e3b,MS Dhoni,12.0,No,Yes,India,42.0,Wicketkeeper,RHB,-,Capped,
199,CSK,2024,bb351c23,Moeen Ali,6.0,No,Yes,England,36.0,All-Rounder,LHB,Right Arm Off Spin,Capped,
200,CSK,2024,23eeb873,Deepak Chahar,14.0,No,Yes,India,31.0,Bowler,RHB,Right Arm Fast Medium,Capped,
201,CSK,2024,46a9bea1,Tushar Deshpande,0.2,No,Yes,India,28.0,Bowler,LHB,Right Arm Medium,Uncapped,
202,CSK,2024,0a8fce53,Mustafizur Rahman,2.0,No,No,Bangladesh,28.0,Bowler,LHB,Left Arm Fast Medium,Capped,2.0
203,CSK,2024,64839cb3,Matheesha Pathirana,0.2,No,Yes,Sri Lanka,21.0,Bowler,RHB,Right Arm Fast,Capped,
204,LSG,2024,4b31f3a3,Yash Thakur,0.45,No,Yes,India,24.0,Bowler,RHB,Right Arm Fast Medium,Uncapped,
205,LSG,2024,372455c4,Quinton de Kock,6.75,No,Yes,South Africa,31.0,Wicketkeeper,LHB,-,Capped,
206,LSG,2024,b17e2f24,KL Rahul,17.0,No,Yes,India,31.0,Wicketkeeper,RHB,-,Capped,
207,LSG,2024,d9273ee7,Marcus Stoinis,10.0,No,Yes,Australia,34.0,All-Rounder,RHB,Right Arm Medium,Capped,
208,LSG,2024,2c25d4f5,Devdutt Padikkal,7.75,No,No,India,23.0,Batsman,LHB,-,Capped,0.0
209,LSG,2024,3241e3fd,Nicholas Pooran,16.0,No,Yes,West Indies,28.0,Wicketkeeper,LHB,-,Capped,
210,LSG,2024,73ad96ed,Deepak Hooda,5.75,No,Yes,India,28.0,All-Rounder,RHB,Right Arm Off Spin,Capped,
211,LSG,2024,872b03f7,Ayush Badoni,0.2,No,Yes,India,24.0,All-Rounder,RHB,Right Arm Off Spin,Uncapped,
212,LSG,2024,5b8c830e,Krunal Pandya,8.25,No,Yes,India,32.0,All-Rounder,LHB,Left Arm Slow Orthodox,Capped,
213,LSG,2024,e84ac20c,Matt Henry,1.25,Yes,No,New Zealand,32.0,Bowler,RHB,Right Arm Fast,Capped,0.75
214,LSG,2024,df064e1a,Ravi Bishnoi,4.0,No,Yes,India,23.0,Bowler,RHB,Right Arm Leg Spin,Capped,
215,LSG,2024,c33d8116,Mohsin Khan,0.2,No,Yes,India,25.0,Bowler,LHB,Left Arm Fast Medium,Uncapped,
216,KKR,2024,7c3b3b78,Vaibhav Arora,0.6,No,Yes,India,26.0,Bowler,RHB,Right Arm Fast Medium,Uncapped,
217,KKR,2024,3d284ca3,Phil Salt,1.5,Yes,No,England,27.0,Wicketkeeper,RHB,Right Arm Medium,Capped,1.5
218,KKR,2024,9d430b40,Sunil Narine,6.0,No,Yes,West Indies,35.0,All-Rounder,LHB,Right Arm Off Spin,Capped,
219,KKR,2024,a24be938,Venkatesh Iyer,8.0,No,Yes,India,29.0,All-Rounder,LHB,Right Arm Medium,Capped,
220,KKR,2024,85ec8e33,Shreyas Iyer,12.25,No,Yes,India,29.0,Batsman,RHB,-,Capped,
221,KKR,2024,fb2d1dda,Nitish Rana,8.0,No,Yes,India,29.0,All-Rounder,LHB,Right Arm Off Spin,Capped,
222,KKR,2024,bbd41817,Andre Russell,16.0,No,Yes,West Indies,35.0,All-Rounder,RHB,Right Arm Fast,Capped,
223,KKR,2024,0a509d6b,Rinku Singh,0.55,No,Yes,India,26.0,Batsman,LHB,-,Capped,
224,KKR,2024,be24ead0,Ramandeep Singh,0.2,No,No,India,26.0,All-Rounder,RHB,Right Arm Fast Medium,Uncapped,0.2
225,KKR,2024,3fb19989,Mitchell Starc,24.75,No,No,Australia,34.0,Bowler,LHB,Left Arm Fast,Capped,2.0
226,KKR,2024,77b1aa15,Harshit Rana,0.2,No,Yes,India,21.0,All-Rounder,RHB,Right Arm Fast Medium,Uncapped,
227,KKR,2024,5b7ab5a9,Varun Chakaravarthy,12.0,No,Yes,India,32.0,Bowler,RHB,Right Arm Leg Spin,Capped,
228,MI,2024,ee1b6c27,Nuwan Thushara,4.8,No,No,Sri Lanka,29.0,Bowler,RHB,Right Arm Fast Medium,Capped,0.5
229,MI,2024,752f7486,Ishan Kishan,15.25,No,Yes,India,25.0,Wicketkeeper,LHB,-,Capped,
230,MI,2024,740742ef,Rohit Sharma,16.0,No,Yes,India,36.0,Batsman,RHB,-,Capped,
231,MI,2024,271f83cd,Suryakumar Yadav,8.0,No,Yes,India,33.0,Batsman,RHB,-,Capped,
232,MI,2024,b0482a1d,Tilak Varma,1.7,No,Yes,India,21.0,All-Rounder,LHB,Right Arm Off Spin,Capped,
233,MI,2024,dbe50b21,Hardik Pandya,15.0,No,No,India,30.0,All-Rounder,RHB,Right Arm Fast Medium,Capped,0.0
234,MI,2024,f1f99156,Tim David,8.25,No,Yes,Australia,27.0,All-Rounder,RHB,Right Arm Off Spin,Capped,
235,MI,2024,d1a60072,Nehal Wadhera,0.2,No,Yes,India,23.0,All-Rounder,LHB,Right Arm Leg Spin,Uncapped,
236,MI,2024,fffa744b,Naman Dhir,0.2,No,No,India,24.0,All-Rounder,RHB,Right Arm Off Spin,Uncapped,0.2
237,MI,2024,fcc21ace,Anshul Kamboj,0.2,No,No,India,23.0,All-Rounder,RHB,Right Arm Fast Medium,Uncapped,0.2
238,MI,2024,98ae73b1,Piyush Chawla,0.5,No,Yes,India,34.0,Bowler,LHB,Right Arm Leg Spin,Capped,
239,MI,2024,462411b3,Jasprit Bumrah,12.0,No,Yes,India,30.0,Bowler,RHB,Right Arm Fast,Capped,
240,CSK,2022,1c17e270,Robin Uthappa,2.0,No,No,India,36.0,Batsman,RHB,-,Capped,2.0
241,CSK,2022,45a43fe2,Ruturaj Gaikwad,6.0,No,Yes,India,25.0,Batsman,RHB,-,Capped,
242,CSK,2022,bb351c23,Moeen Ali,8.0,No,Yes,England,34.0,All-Rounder,LHB,Right Arm Off Spin,Capped,
243,CSK,2022,a4e37e47,Shivam Dube,4.0,No,No,India,28.0,All-Rounder,LHB,Right Arm Fast Medium,Capped,0.5
244,CSK,2022,70d205c9,Ambati Rayudu,6.75,No,No,India,36.0,Wicketkeeper,RHB,-,Capped,2.0
245,CSK,2022,fe93fd9d,Ravindra Jadeja,16.0,No,Yes,India,33.0,All-Rounder,LHB,Left Arm Slow Orthodox,Capped,
246,CSK,2022,4a8a2e3b,MS Dhoni,12.0,No,Yes,India,40.0,Wicketkeeper,RHB,-,Capped,
247,CSK,2022,11614d87,Dwaine Pretorius,0.5,No,No,South Africa,33.0,All-Rounder,RHB,Right Arm Fast Medium,Capped,0.5
248,CSK,2022,87e562a9,Dwayne Bravo,4.4,No,No,West Indies,38.0,All-Rounder,RHB,Right Arm Fast Medium,Capped,2.0
249,CSK,2022,46a9bea1,Tushar Deshpande,0.2,No,No,India,26.0,Bowler,LHB,Right Arm Fast,Uncapped,0.2
250,CSK,2022,765a4731,Mukesh Choudhary,0.2,No,No,India,25.0,Bowler,LHB,Left Arm Fast,Uncapped,0.2
251,LSG,2022,b17e2f24,KL Rahul,17.0,No,Yes,India,29.0,Wicketkeeper,RHB,-,Capped,
252,LSG,2022,372455c4,Quinton de Kock,6.75,No,No,South Africa,29.0,Wicketkeeper,LHB,-,Capped,2.0
253,LSG,2022,93b4fc78,Manish Pandey,4.6,No,No,India,32.0,Batsman,RHB,Right Arm Off Spin,Capped,1.0
254,LSG,2022,0ebfb1ad,Evin Lewis,2.0,No,No,West Indies,30.0,Batsman,LHB,-,Capped,2.0
255,LSG,2022,73ad96ed,Deepak Hooda,5.75,No,No,India,26.0,All-Rounder,RHB,Right Arm Off Spin,Uncapped,0.4
256,LSG,2022,872b03f7,Ayush Badoni,0.2,No,No,India,22.0,All-Rounder,RHB,Right Arm Off Spin,Uncapped,0.2
257,LSG,2022,5b8c830e,Krunal Pandya,8.25,No,No,India,31.0,All-Rounder,LHB,Left Arm Slow Orthodox,Capped,2.0
258,LSG,2022,327b58d3,Dushmantha Chameera,2.0,No,No,Sri Lanka,30.0,Bowler,RHB,Right Arm Fast,Capped,0.5
259,LSG,2022,7c7d63a2,Andrew Tye,1.5,Yes,No,Australia,35.0,Bowler,RHB,Right Arm Fast Medium,Capped,1.0
260,LSG,2022,df064e1a,Ravi Bishnoi,4.0,No,Yes,India,21.0,Bowler,RHB,Right Arm Leg Spin,Uncapped,
261,LSG,2022,eef2536f,Avesh Khan,10.0,No,No,India,25.0,Bowler,RHB,Right Arm Fast,Uncapped,0.2
262,SRH,2022,bb965e9a,Priyam Garg,0.2,No,No,India,21.0,Batsman,RHB,Right Arm Off Spin,Uncapped,0.2
263,SRH,2022,c5aef772,Romario Shepherd,7.75,No,No,West Indies,27.0,All-Rounder,RHB,Right Arm Fast Medium,Capped,0.75
264,SRH,2022,4125d931,Jagadeesha Suchith,0.2,No,No,India,28.0,Bowler,LHB,Left Arm Slow Orthodox,Uncapped,0.2
265,SRH,2022,e9c7f0d0,Fazalhaq Farooqi,0.5,No,No,Afghanistan,21.0,Bowler,RHB,Left Arm Fast Medium,Capped,0.5
266,PBKS,2022,663b5e34,Prerak Mankad,0.2,No,No,India,27.0,All-Rounder,RHB,Right Arm Medium,Uncapped,0.2
267,PBKS,2022,c05edf8e,Harpreet Brar,3.8,No,No,India,26.0,All-Rounder,LHB,Left Arm Slow Orthodox,Uncapped,0.2
268,PBKS,2022,9eb1455b,Nathan Ellis,0.75,No,No,Australia,27.0,Bowler,RHB,Right Arm Fast Medium,Capped,0.75
269,MI,2025,9caf69a1,Will Jacks,5.25,No,No,England,26.0,All-Rounder,RHB,Right Arm Off Spin,Capped,2.0
270,MI,2025,172dff15,Corbin Bosch,0.75,Yes,No,South Africa,30.0,All-Rounder,RHB,Right Arm Fast,Uncapped,0.3
271,MI,2025,119678fd,Karn Sharma,0.5,No,No,India,37.0,Bowler,LHB,Right Arm Leg Spin,Uncapped,0.5
272,MI,2025,462411b3,Jasprit Bumrah,18.0,No,Yes,India,30.0,Bowler,RHB,Right Arm Fast,Capped,
273,MI,2025,d45c29b1,Ashwani Kumar,0.3,No,No,India,23.0,Bowler,LHB,Left Arm Fast,Uncapped,0.3
274,GT,2025,3204c99f,Gerald Coetzee,2.4,No,No,South Africa,24.0,Bowler,RHB,Right Arm Fast,Capped,1.25
275,GT,2025,12314277,Arshad Khan,1.3,No,No,India,27.0,All-Rounder,LHB,Left Arm Fast Medium,Uncapped,0.3
276,RR,2023,21d4e29b,Navdeep Saini,2.6,No,Yes,India,30.0,Bowler,RHB,Right Arm Fast,Capped,
277,RR,2023,04a418e8,Riyan Parag,3.8,No,Yes,India,21.0,All-Rounder,RHB,Right Arm Leg Spin,Uncapped,
278,RR,2023,a818c1be,Trent Boult,8.0,No,Yes,New Zealand,33.0,Bowler,RHB,Left Arm Fast,Capped,
279,RR,2023,798cc28e,KM Asif,0.3,No,No,India,29.0,Bowler,RHB,Right Arm Fast,Uncapped,0.3
280,SRH,2023,e9c7f0d0,Fazalhaq Farooqi,0.5,No,Yes,Afghanistan,22.0,Bowler,RHB,Left Arm Fast Medium,Capped,
281,SRH,2023,f29185a1,Abhishek Sharma,6.5,No,Yes,India,22.0,All-Rounder,LHB,Left Arm Slow Orthodox,Uncapped,
282,SRH,2023,00ea847a,Mayank Agarwal,8.25,No,No,India,32.0,Batsman,RHB,Right Arm Off Spin,Capped,1.0
283,SRH,2023,77255a9e,Rahul Tripathi,8.5,No,Yes,India,31.0,Batsman,RHB,-,Capped,
284,SRH,2023,4ae1755b,Harry Brook,13.25,No,No,England,24.0,Batsman,RHB,Right Arm Medium,Capped,1.5
285,SRH,2023,f19ccfad,Washington Sundar,8.75,No,Yes,India,23.0,All-Rounder,LHB,Right Arm Off Spin,Capped,
286,SRH,2023,9a46c4e5,Glenn Phillips,1.5,No,Yes,New Zealand,26.0,Wicketkeeper,RHB,-,Capped,
287,SRH,2023,8e514b4c,Abdul Samad,4.0,No,Yes,India,21.0,All-Rounder,RHB,Right Arm Leg Spin,Uncapped,
288,SRH,2023,249d60c9,Adil Rashid,2.0,No,No,England,35.0,Bowler,RHB,Right Arm Leg Spin,Capped,2.0
289,SRH,2023,2e81a32d,Bhuvneshwar Kumar,4.2,No,Yes,India,32.0,Bowler,RHB,Right Arm Fast Medium,Capped,
290,SRH,2023,81c08fa3,Umran Malik,4.0,No,Yes,India,23.0,Bowler,RHB,Right Arm Fast,Capped,
291,SRH,2023,ce794613,T Natarajan,4.0,No,Yes,India,31.0,Bowler,LHB,Left Arm Fast Medium,Capped,
292,GT,2023,efc04be7,Noor Ahmad,0.3,No,Yes,Afghanistan,17.0,Bowler,RHB,Left Arm Slow Unorthodox,Capped,
293,GT,2023,fe11caa6,Wriddhiman Saha,1.9,No,Yes,India,38.0,Wicketkeeper,RHB,-,Capped,
294,GT,2023,b4b99816,Shubman Gill,8.0,No,Yes,India,23.0,Batsman,RHB,-,Capped,
295,GT,2023,d5130a30,Sai Sudharsan,0.2,No,Yes,India,21.0,Batsman,LHB,-,Uncapped,
296,GT,2023,dbe50b21,Hardik Pandya,15.0,No,Yes,India,29.0,All-Rounder,RHB,Right Arm Fast Medium,Capped,
297,GT,2023,d67d5f00,David Miller,3.0,No,Yes,South Africa,33.0,Batsman,LHB,-,Capped,
298,GT,2023,0890552f,Abhinav Manohar,2.6,No,Yes,India,28.0,All-Rounder,RHB,Right Arm Leg Spin,Uncapped,
299,GT,2023,39a2dfa8,Rahul Tewatia,9.0,No,Yes,India,29.0,All-Rounder,LHB,Right Arm Leg Spin,Capped,
300,GT,2023,5f547c8b,Rashid Khan,15.0,No,Yes,Afghanistan,24.0,Bowler,RHB,Right Arm Leg Spin,Capped,
301,GT,2023,b0946605,Alzarri Joseph,2.4,No,Yes,West Indies,26.0,Bowler,RHB,Right Arm Fast,Capped,
302,GT,2023,8cf9814c,Mohammad Shami,6.25,No,Yes,India,32.0,Bowler,RHB,Right Arm Fast,Capped,
303,GT,2023,759ac88f,Mohit Sharma,0.5,No,No,India,34.0,Bowler,RHB,Right Arm Fast Medium,Capped,0.5
304,DC,2024,b8527c3d,Rasikh Dar,0.2,No,No,India,24.0,Bowler,RHB,Right Arm Fast Medium,Uncapped,0.2
305,DC,2024,8b3e9c7c,Prithvi Shaw,8.0,No,Yes,India,24.0,Batsman,RHB,-,Capped,
306,DC,2024,dcce6f09,David Warner,6.25,No,Yes,Australia,37.0,Batsman,LHB,-,Capped,
307,DC,2024,919a3be2,Rishabh Pant,16.0,No,Yes,India,26.0,Wicketkeeper,LHB,-,Capped,
308,DC,2024,3d8feaf8,Mitchell Marsh,6.5,No,Yes,Australia,32.0,All-Rounder,RHB,Right Arm Fast Medium,Capped,
309,DC,2024,85b3fab2,Tristan Stubbs,0.5,No,No,South Africa,23.0,Wicketkeeper,RHB,Right Arm Off Spin,Capped,0.5
310,DC,2024,2e171977,Axar Patel,12.0,No,Yes,India,29.0,All-Rounder,LHB,Left Arm Slow Orthodox,Capped,
311,DC,2024,ad3b6e95,Abishek Porel,0.2,No,Yes,India,21.0,Wicketkeeper,LHB,-,Uncapped,
312,DC,2024,acdc62f5,Anrich Nortje,6.5,No,Yes,South Africa,30.0,Bowler,RHB,Right Arm Fast,Capped,
313,DC,2024,2cffab74,Mukesh Kumar,5.5,No,Yes,India,30.0,Bowler,RHB,Right Arm Fast Medium,Capped,
314,DC,2024,5bb1a1c4,Ishant Sharma,0.5,No,Yes,India,35.0,Bowler,RHB,Right Arm Fast Medium,Capped,
315,DC,2024,a2f46292,Khaleel Ahmed,5.25,No,Yes,India,26.0,Bowler,RHB,Left Arm Fast Medium,Capped,
316,CSK,2024,ba5e1069,Rachin Ravindra,1.8,No,No,New Zealand,24.0,All-Rounder,LHB,Left Arm Slow Orthodox,Capped,0.5
317,CSK,2024,f89d3b11,Sameer Rizvi,8.4,No,No,India,20.0,Batsman,RHB,Right Arm Leg Spin,Uncapped,0.2
318,GT,2023,0994d0ae,Vijay Shankar,1.4,No,Yes,India,31.0,All-Rounder,RHB,Right Arm Medium,Capped,
319,GT,2023,9061a703,Josh Little,4.4,No,No,Ireland,23.0,Bowler,RHB,Left Arm Fast,Capped,0.5
320,CSK,2023,23eeb873,Deepak Chahar,14.0,No,Yes,India,30.0,Bowler,RHB,Right Arm Fast Medium,Capped,
321,DC,2023,a2f46292,Khaleel Ahmed,5.25,No,Yes,India,25.0,Bowler,RHB,Left Arm Fast Medium,Capped,
322,DC,2023,dcce6f09,David Warner,6.25,No,Yes,Australia,36.0,Batsman,LHB,-,Capped,
323,DC,2023,8b3e9c7c,Prithvi Shaw,8.0,No,Yes,India,23.0,Batsman,RHB,-,Capped,
324,DC,2023,3d8feaf8,Mitchell Marsh,6.5,No,Yes,Australia,31.0,All-Rounder,RHB,Right Arm Fast Medium,Capped,
325,DC,2023,f088b960,Sarfaraz Khan,0.2,No,Yes,India,25.0,Batsman,RHB,-,Uncapped,
326,DC,2023,cad00a4d,Rilee Rossouw,4.6,No,No,South Africa,33.0,Batsman,LHB,-,Capped,2.0
327,DC,2023,ad3b6e95,Abhishek Porel,0.2,Yes,No,India,20.0,Wicketkeeper,LHB,-,Uncapped,0.2
328,DC,2023,2e171977,Axar Patel,12.0,No,Yes,India,28.0,All-Rounder,LHB,Left Arm Slow Orthodox,Capped,
329,DC,2023,378daa89,Aman Khan,0.2,No,Yes,India,26.0,All-Rounder,RHB,Right Arm Fast Medium,Uncapped,
330,DC,2023,8d2c70ad,Kuldeep Yadav,2.0,No,Yes,India,28.0,Bowler,LHB,Left Arm Slow Unorthodox,Capped,
331,DC,2023,acdc62f5,Anrich Nortje,6.5,No,Yes,South Africa,29.0,Bowler,RHB,Right Arm Fast,Capped,
332,DC,2023,2cffab74,Mukesh Kumar,5.5,No,No,India,29.0,Bowler,RHB,Right Arm Fast Medium,Uncapped,0.2
333,GT,2023,7210d461,Yash Dayal,3.2,No,Yes,India,25.0,Bowler,LHB,Left Arm Fast Medium,Uncapped,
334,RR,2024,465aa633,Nandre Burger,0.5,No,No,South Africa,28.0,Bowler,LHB,Left Arm Fast,Uncapped,0.2
335,RR,2024,6c19c6e5,Yashasvi Jaiswal,4.0,No,Yes,India,21.0,Batsman,LHB,-,Capped,
336,RR,2024,99b75528,Jos Buttler,10.0,No,Yes,England,33.0,Wicketkeeper,RHB,-,Capped,
337,RR,2024,a4cc73aa,Sanju Samson,14.0,No,Yes,India,29.0,Wicketkeeper,RHB,-,Capped,
338,RR,2024,04a418e8,Riyan Parag,3.8,No,Yes,India,22.0,All-Rounder,RHB,Right Arm Leg Spin,Uncapped,
339,RR,2024,495d42a5,Ravichandran Ashwin,5.0,No,Yes,India,37.0,All-Rounder,RHB,Right Arm Off Spin,Capped,
340,RR,2024,bcf325d2,Dhruv Jurel,0.2,No,Yes,India,22.0,Wicketkeeper,RHB,-,Uncapped,
341,RR,2024,48a1d7b7,Shimron Hetmyer,8.5,No,Yes,West Indies,26.0,Batsman,LHB,-,Capped,
342,RR,2024,a818c1be,Trent Boult,8.0,No,Yes,New Zealand,34.0,Bowler,RHB,Left Arm Fast,Capped,
343,RR,2024,eef2536f,Avesh Khan,10.0,No,No,India,27.0,Bowler,RHB,Right Arm Fast Medium,Capped,0.0
344,RR,2024,ce820073,Sandeep Sharma,0.5,No,Yes,India,30.0,Bowler,RHB,Right Arm Medium,Capped,
345,RR,2024,57ee1fde,Yuzvendra Chahal,6.5,No,Yes,India,33.0,Bowler,RHB,Right Arm Leg Spin,Capped,
346,DC,2024,b63e358a,Ricky Bhui,0.2,No,No,India,27.0,Wicketkeeper,RHB,-,Uncapped,0.2
347,DC,2024,8998a68f,Sumit Kumar,1.0,No,No,India,28.0,All-Rounder,RHB,Right Arm Fast,Uncapped,0.2
348,DC,2024,8d2c70ad,Kuldeep Yadav,2.0,No,Yes,India,29.0,Bowler,LHB,Left Arm Slow Unorthodox,Capped,
349,RR,2022,6c19c6e5,Yashasvi Jaiswal,4.0,No,Yes,India,20.0,Batsman,LHB,-,Uncapped,
350,RR,2022,529eb9e0,Obed McCoy,0.75,No,No,West Indies,25.0,Bowler,LHB,Left Arm Fast,Capped,0.75
351,GT,2022,afa7e784,Matthew Wade,2.4,No,No,Australia,34.0,Wicketkeeper,LHB,-,Capped,2.0
352,GT,2022,c7a995d3,Sai Kishore,3.0,No,No,India,25.0,Bowler,LHB,Left Arm Slow Orthodox,Uncapped,0.2
353,,2022,ba607b88,,,,,,,,,,,
354,,2022,3355b542,,,,,,,,,,,
355,,2022,c740ea83,,,,,,,,,,,
356,,2022,b681e71e,,,,,,,,,,,
357,,2022,c03f1114,,,,,,,,,,,
358,,2022,da934ee8,,,,,,,,,,,
359,,2022,f9e6e7ef,,,,,,,,,,,
360,,2022,a97c8ec2,,,,,,,,,,,
361,,2022,f986ca1a,,,,,,,,,,,
362,,2022,03806cf8,,,,,,,,,,,
363,,2022,2f49c897,,,,,,,,,,,
364,SRH,2022,5d2eea49,Kartik Tyagi,4.0,No,No,India,21.0,Bowler,RHB,Right Arm Fast Medium,Uncapped,0.2
365,KKR,2025,7c3b3b78,Vaibhav Arora,1.8,No,No,India,27.0,Bowler,RHB,Right Arm Fast Medium,Uncapped,0.3
366,KKR,2025,0bacade8,Rahmanullah Gurbaz,2.0,No,No,Afghanistan,23.0,Wicketkeeper,RHB,-,Capped,2.0
367,KKR,2025,9d430b40,Sunil Narine,12.0,No,Yes,West Indies,36.0,All-Rounder,LHB,Right Arm Off Spin,Capped,
368,KKR,2025,29e95537,Ajinkya Rahane,1.5,No,No,India,36.0,Batsman,RHB,-,Capped,1.5
369,KKR,2025,d7017798,Angkrish Raghuvanshi,3.0,No,No,India,20.0,Batsman,RHB,Right Arm Off Spin,Uncapped,0.3
370,KKR,2025,a24be938,Venkatesh Iyer,23.75,No,No,India,30.0,All-Rounder,LHB,Right Arm Medium,Capped,2.0
371,KKR,2025,0a509d6b,Rinku Singh,13.0,No,Yes,India,27.0,Batsman,LHB,-,Capped,
372,KKR,2025,bbd41817,Andre Russell,12.0,No,Yes,West Indies,36.0,All-Rounder,RHB,Right Arm Fast,Capped,
373,KKR,2025,650d5e49,Rovman Powell,1.5,No,No,West Indies,31.0,Batsman,RHB,Right Arm Fast Medium,Capped,1.5
374,KKR,2025,e4cdf230,Anukul Roy,0.4,No,No,India,26.0,All-Rounder,LHB,Left Arm Slow Orthodox,Uncapped,0.3
375,KKR,2025,77b1aa15,Harshit Rana,4.0,No,Yes,India,22.0,All-Rounder,RHB,Right Arm Fast Medium,Capped,
376,KKR,2025,5b7ab5a9,Varun Chakaravarthy,12.0,No,Yes,India,33.0,Bowler,RHB,Right Arm Leg Spin,Capped,
377,DC,2025,2cffab74,Mukesh Kumar,8.0,No,No,India,31.0,Bowler,RHB,Right Arm Fast Medium,Capped,2.0
378,DC,2025,ad3b6e95,Abishek Porel,4.0,No,Yes,India,22.0,Wicketkeeper,LHB,-,Uncapped,
379,DC,2025,3355b542,Faf du Plessis,2.0,No,No,South Africa,40.0,Batsman,RHB,-,Capped,2.0
380,DC,2025,944533a5,Karun Nair,0.5,No,No,India,33.0,Batsman,RHB,Right Arm Off Spin,Uncapped,0.3
381,DC,2025,b17e2f24,KL Rahul,14.0,No,No,India,32.0,Wicketkeeper,RHB,-,Capped,2.0
382,DC,2025,2e171977,Axar Patel,16.5,No,Yes,India,30.0,All-Rounder,LHB,Left Arm Slow Orthodox,Capped,
383,DC,2025,85b3fab2,Tristan Stubbs,10.0,No,Yes,South Africa,24.0,Wicketkeeper,RHB,Right Arm Off Spin,Capped,
384,DC,2025,5ffc0565,Vipraj Nigam,0.5,No,No,India,20.0,All-Rounder,RHB,Right Arm Leg Spin,Uncapped,0.3
385,DC,2025,84d9c311,Ashutosh Sharma,3.8,No,No,India,26.0,All-Rounder,RHB,Right Arm Medium,Uncapped,0.3
386,DC,2025,3fb19989,Mitchell Starc,11.75,No,No,Australia,35.0,Bowler,LHB,Left Arm Fast,Capped,2.0
387,DC,2025,327b58d3,Dushmantha Chameera,0.75,No,No,Sri Lanka,33.0,Bowler,RHB,Right Arm Fast,Capped,0.75
388,DC,2025,8d2c70ad,Kuldeep Yadav,13.25,No,Yes,India,29.0,Bowler,LHB,Left Arm Slow Unorthodox,Capped,
389,LSG,2024,6b19d823,Amit Mishra,0.5,No,Yes,India,41.0,Bowler,RHB,Right Arm Leg Spin,Capped,
390,RR,2024,650d5e49,Rovman Powell,7.4,No,No,West Indies,30.0,Batsman,RHB,Right Arm Medium,Capped,1.0
391,DC,2022,8b3e9c7c,Prithvi Shaw,7.5,No,Yes,India,22.0,Batsman,RHB,-,Capped,
392,DC,2022,dcce6f09,David Warner,6.25,No,No,Australia,35.0,Batsman,LHB,-,Capped,2.0
393,DC,2022,919a3be2,Rishabh Pant,16.0,No,Yes,India,24.0,Wicketkeeper,LHB,-,Capped,
394,DC,2022,ad427b5c,Lalit Yadav,0.65,No,No,India,25.0,All-Rounder,RHB,Right Arm Off Spin,Uncapped,0.2
395,DC,2022,650d5e49,Rovman Powell,2.8,No,No,West Indies,28.0,Batsman,RHB,Right Arm Fast Medium,Capped,0.75
396,DC,2022,2e171977,Axar Patel,9.0,No,Yes,India,28.0,All-Rounder,LHB,Left Arm Slow Orthodox,Capped,
397,DC,2022,1abb78f8,Shardul Thakur,10.75,No,No,India,30.0,Bowler,RHB,Right Arm Fast Medium,Capped,2.0
398,DC,2022,f088b960,Sarfaraz Khan,0.2,No,No,India,24.0,All-Rounder,RHB,Right Arm Leg Spin,Uncapped,0.2
399,DC,2022,8d2c70ad,Kuldeep Yadav,2.0,No,No,India,27.0,Bowler,LHB,Left Arm Slow Unorthodox,Capped,1.0
400,DC,2022,0a8fce53,Mustafizur Rahman,2.0,No,No,Bangladesh,26.0,Bowler,LHB,Left Arm Fast Medium,Capped,2.0
401,DC,2022,a2f46292,Khaleel Ahmed,5.25,No,No,India,24.0,Bowler,RHB,Left Arm Fast,Capped,0.5
402,KKR,2022,29e95537,Ajinkya Rahane,1.0,No,No,India,33.0,Batsman,RHB,-,Capped,1.0
403,KKR,2022,a24be938,Venkatesh Iyer,8.0,No,Yes,India,27.0,All-Rounder,LHB,Right Arm Medium,Capped,
404,KKR,2022,85ec8e33,Shreyas Iyer,12.25,No,No,India,27.0,Batsman,RHB,Right Arm Leg Spin,Capped,2.0
405,KKR,2022,fb2d1dda,Nitish Rana,8.0,No,No,India,28.0,All-Rounder,LHB,Right Arm Off Spin,Capped,1.0
406,KKR,2022,bbd41817,Andre Russell,12.0,No,Yes,West Indies,33.0,All-Rounder,RHB,Right Arm Fast,Capped,
407,KKR,2022,c16d4035,Sam Billings,2.0,No,No,England,30.0,Wicketkeeper,RHB,-,Capped,2.0
408,KKR,2022,ded9240e,Pat Cummins,7.25,No,No,Australia,28.0,All-Rounder,RHB,Right Arm Fast,Capped,2.0
409,KKR,2022,9d430b40,Sunil Narine,6.0,No,Yes,West Indies,33.0,Bowler,LHB,Right Arm Off Spin,Capped,
410,KKR,2022,cc1e8c68,Umesh Yadav,2.0,No,No,India,34.0,Bowler,RHB,Right Arm Fast,Capped,2.0
411,KKR,2022,b8527c3d,Rasikh Dar,0.2,No,No,India,22.0,Bowler,RHB,Right Arm Fast Medium,Uncapped,0.2
412,KKR,2022,5b7ab5a9,Varun Chakravarthy,8.0,No,Yes,India,30.0,Bowler,RHB,Right Arm Leg Spin,Capped,
413,,2022,c8f5f961,,,,,,,,,,,
414,,2022,9385de2e,,,,,,,,,,,
415,DC,2022,3d8feaf8,Mitchell Marsh,6.5,No,No,Australia,30.0,All-Rounder,RHB,Right Arm Fast Medium,Capped,2.0
416,DC,2024,9b6e1b3f,Jake Fraser-McGurk,0.5,Yes,No,Australia,21.0,All-Rounder,RHB,Right Arm Leg Spin,Uncapped,0.2
417,DC,2024,1fc6ef83,Shai Hope,0.75,No,No,West Indies,30.0,Wicketkeeper,RHB,-,Capped,0.75
418,DC,2024,9f77963a,Gulbadin Naib,0.5,Yes,No,Afghanistan,32.0,All-Rounder,RHB,Right Arm Fast Medium,Capped,0.5
419,RR,2024,6b2ff18f,Shubham Dubey,5.8,No,No,India,29.0,Batsman,LHB,-,Uncapped,0.2
420,RR,2024,f0af99a7,Donovan Ferreira,0.5,No,Yes,South Africa,25.0,Wicketkeeper,RHB,-,Uncapped,
421,SRH,2025,2ed569a0,Rahul Chahar,3.2,No,No,India,25.0,Bowler,RHB,Right Arm Leg Spin,Capped,1.0
422,SRH,2025,8cf9814c,Mohammed Shami,10.0,No,No,India,34.0,Bowler,RHB,Right Arm Fast,Capped,2.0
423,SRH,2025,36619795,Zeeshan Ansari,0.4,No,No,India,25.0,Bowler,RHB,Right Arm Leg Spin,Uncapped,0.3
424,KKR,2024,0bacade8,Rahmanullah Gurbaz,0.5,No,Yes,Afghanistan,22.0,Wicketkeeper,RHB,-,Capped,
425,MI,2023,4bd09374,Akash Madhwal,0.2,No,Yes,India,29.0,Bowler,RHB,Right Arm Fast Medium,Uncapped,
426,MI,2023,752f7486,Ishan Kishan,15.25,No,Yes,India,24.0,Wicketkeeper,LHB,-,Capped,
427,MI,2023,740742ef,Rohit Sharma,16.0,No,Yes,India,35.0,Batsman,RHB,-,Capped,
428,MI,2023,271f83cd,Suryakumar Yadav,8.0,No,Yes,India,32.0,Batsman,RHB,-,Capped,
429,MI,2023,d1a60072,Nehal Wadhera,0.2,No,No,India,22.0,All-Rounder,LHB,Right Arm Leg Spin,Uncapped,0.2
430,MI,2023,0494fa6e,Vishnu Vinod,0.2,No,No,India,29.0,Wicketkeeper,RHB,-,Uncapped,0.2
431,MI,2023,f1f99156,Tim David,8.25,No,Yes,Australia,26.0,All-Rounder,RHB,Right Arm Off Spin,Capped,
432,MI,2023,eaa76d3c,Cameron Green,17.5,No,No,Australia,23.0,All-Rounder,RHB,Right Arm Fast,Capped,2.0
433,MI,2023,ffe699c0,Chris Jordan,2.0,Yes,No,England,34.0,Bowler,RHB,Right Arm Fast Medium,Capped,2.0
434,MI,2023,98ae73b1,Piyush Chawla,0.5,No,No,India,34.0,Bowler,LHB,Right Arm Leg Spin,Capped,0.5
435,MI,2023,4933f499,Jason Behrendorff,0.75,No,Yes,Australia,32.0,Bowler,RHB,Left Arm Fast Medium,Capped,
436,MI,2023,f6d8a7ab,Kumar Kartikeya,0.2,No,Yes,India,24.0,Bowler,RHB,Left Arm Slow Orthodox,Uncapped,
437,PBKS,2023,9eb1455b,Nathan Ellis,0.75,No,Yes,Australia,28.0,Bowler,RHB,Right Arm Fast Medium,Capped,
438,PBKS,2023,9418198b,Arshdeep Singh,4.0,No,Yes,India,23.0,Bowler,LHB,Left Arm Fast Medium,Capped,
439,PBKS,2023,0a476045,Shikhar Dhawan,8.25,No,Yes,India,37.0,Batsman,LHB,-,Capped,
440,PBKS,2023,6c882e9a,Bhanuka Rajapaksa,0.5,No,Yes,Sri Lanka,31.0,Batsman,LHB,-,Capped,
441,PBKS,2023,50c6bc2b,Liam Livingstone,11.5,No,Yes,England,29.0,All-Rounder,RHB,Right Arm Leg Spin,Capped,
442,PBKS,2023,800d2d97,Jitesh Sharma,0.2,No,Yes,India,29.0,Wicketkeeper,RHB,-,Uncapped,
443,PBKS,2023,e94915e6,Sam Curran,18.5,No,No,England,24.0,All-Rounder,LHB,Left Arm Fast Medium,Capped,2.0
444,PBKS,2023,26a85969,Shikhar Dhawan,8.25,No,Yes,India,37.0,Batsman,LHB,-,Capped,
445,PBKS,2023,7dcb9bc9,Shahrukh Khan,9.0,No,Yes,India,27.0,All-Rounder,RHB,Right Arm Off Spin,Uncapped,
446,PBKS,2023,c05edf8e,Harpreet Brar,3.8,No,Yes,India,27.0,Bowler,LHB,Left Arm Slow Orthodox,Uncapped,
447,PBKS,2023,2ed569a0,Rahul Chahar,5.25,No,Yes,India,23.0,Bowler,RHB,Right Arm Leg Spin,Capped,
448,PBKS,2023,244048f6,Arshdeep Singh,4.0,No,Yes,India,23.0,Bowler,LHB,Left Arm Fast Medium,Capped,
449,KKR,2023,0bacade8,Rahmanullah Gurbaz,0.5,No,Yes,Afghanistan,21.0,Wicketkeeper,RHB,-,Capped,
450,KKR,2023,1abb78f8,Shardul Thakur,10.75,No,Yes,India,31.0,Bowler,RHB,Right Arm Fast Medium,Capped,
451,KKR,2023,77b1aa15,Harshit Rana,0.2,No,Yes,India,21.0,Bowler,RHB,Right Arm Fast Medium,Uncapped,
452,KKR,2023,7c3b3b78,Vaibhav Arora,0.6,No,No,India,25.0,Bowler,RHB,Right Arm Fast Medium,Uncapped,0.2
453,RCB,2025,3c55c703,Jacob Bethell,2.6,No,No,England,21.0,All-Rounder,LHB,Left Arm Slow Orthodox,Capped,1.25
454,RCB,2025,2c25d4f5,Devdutt Padikkal,2.0,No,No,India,24.0,Batsman,LHB,-,Capped,2.0
455,CSK,2025,64839cb3,Matheesha Pathirana,13.0,No,Yes,Sri Lanka,21.0,Bowler,RHB,Right Arm Fast,Capped,
456,CSK,2025,b2b4f545,Ayush Mhatre,0.75,Yes,No,India,17.0,Batsman,RHB,Right Arm Off Spin,Uncapped,0.3
457,CSK,2025,cbf58a86,Shaik Rasheed,0.3,No,No,India,20.0,Batsman,RHB,Right Arm Leg Spin,Uncapped,0.3
458,CSK,2025,e94915e6,Sam Curran,2.4,No,No,England,26.0,All-Rounder,LHB,Left Arm Fast Medium,Capped,2.0
459,CSK,2025,fe93fd9d,Ravindra Jadeja,18.0,No,Yes,India,35.0,All-Rounder,LHB,Left Arm Slow Orthodox,Capped,
460,CSK,2025,844e79d1,Dewald Brevis,2.2,Yes,No,South Africa,21.0,Batsman,RHB,Right Arm Leg Spin,Capped,0.75
461,CSK,2025,4a8a2e3b,MS Dhoni,4.0,No,Yes,India,43.0,Wicketkeeper,RHB,-,Capped,
462,CSK,2025,a4e37e47,Shivam Dube,12.0,No,Yes,India,31.0,All-Rounder,LHB,Right Arm Medium,Capped,
463,CSK,2025,73ad96ed,Deepak Hooda,1.7,No,No,India,29.0,All-Rounder,RHB,Right Arm Off Spin,Capped,0.75
464,CSK,2025,efc04be7,Noor Ahmad,10.0,No,No,Afghanistan,20.0,Bowler,RHB,Left Arm Slow Unorthodox,Capped,2.0
465,CSK,2025,a2f46292,Khaleel Ahmed,4.8,No,No,India,27.0,Bowler,RHB,Left Arm Fast Medium,Capped,2.0
466,CSK,2025,fcc21ace,Anshul Kamboj,3.4,No,No,India,24.0,All-Rounder,RHB,Right Arm Fast Medium,Uncapped,0.3
467,DC,2025,9b6e1b3f,Jake Fraser-McGurk,9.0,No,No,Australia,22.0,Batsman,RHB,-,Capped,2.0
468,DC,2025,759ac88f,Mohit Sharma,2.2,No,No,India,36.0,Bowler,RHB,Right Arm Fast,Uncapped,0.5
469,,2022,d014d5ac,,,,,,,,,,,
470,,2022,7f048519,,,,,,,,,,,
471,,2022,0a67aec0,,,,,,,,,,,
472,PBKS,2022,6c882e9a,Bhanuka Rajapaksa,0.5,No,No,Sri Lanka,30.0,Batsman,LHB,-,Capped,0.5
473,PBKS,2022,ba6b2f91,Raj Bawa,2.0,No,No,India,19.0,All-Rounder,LHB,Right Arm Fast Medium,Uncapped,0.2
474,PBKS,2022,ce820073,Sandeep Sharma,0.5,No,No,India,28.0,Bowler,RHB,Right Arm Fast Medium,Capped,0.5
475,MI,2022,1399b39c,Anmolpreet Singh,0.2,No,No,India,24.0,Batsman,RHB,Right Arm Off Spin,Uncapped,0.2
476,DC,2022,4663bd23,Tim Seifert,0.5,No,No,New Zealand,27.0,Wicketkeeper,RHB,-,Capped,0.5
477,DC,2022,c3a96caf,Mandeep Singh,1.1,No,No,India,30.0,Batsman,RHB,Right Arm Medium,Capped,0.5
478,DC,2022,b4f5c2d9,Kamlesh Nagarkoti,1.1,No,No,India,22.0,All-Rounder,RHB,Right Arm Fast Medium,Uncapped,0.4
479,GT,2025,f19ccfad,Washington Sundar,3.2,No,No,India,25.0,All-Rounder,LHB,Right Arm Off Spin,Capped,2.0
480,SRH,2025,08548b13,Kamindu Mendis,0.75,No,No,Sri Lanka,26.0,All-Rounder,LHB,Left Arm Slow Orthodox,Capped,0.75
481,LSG,2025,0a67aec0,Akash Deep,8.0,No,No,India,28.0,Bowler,RHB,Right Arm Fast,Capped,1.0
482,CSK,2025,ba5e1069,Rachin Ravindra,4.0,No,No,New Zealand,25.0,All-Rounder,LHB,Left Arm Slow Orthodox,Capped,1.5
483,CSK,2025,77255a9e,Rahul Tripathi,3.4,No,No,India,34.0,Batsman,RHB,Right Arm Medium,Capped,0.75
484,CSK,2025,0994d0ae,Vijay Shankar,1.2,No,No,India,34.0,All-Rounder,RHB,Right Arm Medium,Uncapped,0.3
485,CSK,2025,59559bc2,Jamie Overton,1.5,No,No,England,30.0,All-Rounder,RHB,Right Arm Fast,Capped,1.5
486,LSG,2024,c0c411cb,Naveen-ul-Haq,0.5,No,Yes,Afghanistan,24.0,Bowler,RHB,Right Arm Fast Medium,Capped,
487,LSG,2024,12314277,Arshad Khan,0.2,No,No,India,26.0,All-Rounder,LHB,Left Arm Fast,Uncapped,0.2
488,MI,2024,844e79d1,Dewald Brevis,3.0,No,Yes,South Africa,20.0,All-Rounder,RHB,Right Arm Leg Spin,Capped,
489,MI,2024,c5aef772,Romario Shepherd,0.5,No,No,West Indies,29.0,All-Rounder,RHB,Right Arm Fast Medium,Capped,0.0
490,MI,2024,44aac2f0,Arjun Tendulkar,0.3,No,Yes,India,24.0,All-Rounder,LHB,Left Arm Fast Medium,Uncapped,
491,RR,2023,529eb9e0,Obed McCoy,0.75,No,Yes,West Indies,25.0,Bowler,LHB,Left Arm Fast Medium,Capped,
492,RR,2023,a343262c,Joe Root,1.0,No,No,England,32.0,Batsman,RHB,Right Arm Off Spin,Capped,1.0
493,RR,2023,e2db2409,Murugan Ashwin,0.2,No,No,India,32.0,Bowler,RHB,Right Arm Leg Spin,Uncapped,0.2
494,SRH,2023,1399b39c,Anmolpreet Singh,0.2,No,No,India,25.0,Batsman,RHB,Right Arm Off Spin,Uncapped,0.2
495,SRH,2023,235c2bb6,Heinrich Klaasen,5.25,No,No,South Africa,31.0,Wicketkeeper,RHB,-,Capped,1.0
496,SRH,2023,6a26221c,Aiden Markram,2.6,No,Yes,South Africa,28.0,Batsman,RHB,Right Arm Off Spin,Capped,
497,SRH,2023,81c36ee9,Marco Jansen,4.2,No,Yes,South Africa,22.0,All-Rounder,RHB,Left Arm Fast,Capped,
498,SRH,2023,1b7b0fa7,Vivrant Sharma,2.6,No,No,India,23.0,All-Rounder,LHB,Right Arm Leg Spin,Uncapped,0.2
499,SRH,2023,a9fd84fb,Mayank Markande,0.5,No,No,India,25.0,Bowler,RHB,Right Arm Leg Spin,Capped,0.5
500,CSK,2023,e087956b,Ben Stokes,16.25,No,No,England,31.0,All-Rounder,LHB,Right Arm Fast Medium,Capped,2.0
501,CSK,2023,e4a0deae,Mitchell Santner,1.9,No,Yes,New Zealand,30.0,All-Rounder,LHB,Left Arm Slow Orthodox,Capped,
502,CSK,2023,c3c92b42,Rajvardhan Hangargekar,1.5,No,Yes,India,20.0,All-Rounder,RHB,Right Arm Fast Medium,Uncapped,
503,GT,2023,d027ba9f,Kane Williamson,2.0,No,No,New Zealand,32.0,Batsman,RHB,-,Capped,2.0
504,KKR,2023,e4cdf230,Anukul Roy,0.2,No,Yes,India,24.0,All-Rounder,LHB,Left Arm Slow Orthodox,Uncapped,
505,RCB,2025,50c6bc2b,Liam Livingstone,8.75,No,No,England,31.0,All-Rounder,RHB,Right Arm Leg Spin,Capped,2.0
506,RCB,2025,e96801ea,Manoj Bhandage,0.3,No,No,India,26.0,All-Rounder,LHB,Right Arm Fast Medium,Uncapped,0.3
507,RCB,2025,03806cf8,Josh Hazlewood,12.5,No,No,Australia,34.0,Bowler,LHB,Right Arm Fast Medium,Capped,2.0
508,PBKS,2025,989889ff,Josh Inglis,2.6,No,No,Australia,30.0,Wicketkeeper,RHB,-,Capped,2.0
509,PBKS,2025,c05edf8e,Harpreet Brar,1.5,No,No,India,29.0,All-Rounder,LHB,Left Arm Slow Orthodox,Uncapped,0.3
510,PBKS,2025,3b53243a,Xavier Bartlett,0.8,No,No,Australia,26.0,Bowler,RHB,Right Arm Fast Medium,Capped,0.75
511,LSG,2024,90de905a,Krishnappa Gowtham,0.9,No,Yes,India,35.0,All-Rounder,RHB,Right Arm Off Spin,Capped,
512,SRH,2024,b0f2baf4,Sanvir Singh,0.2,No,Yes,India,27.0,All-Rounder,LHB,Right Arm Medium,Uncapped,
513,SRH,2024,03a83c50,Vijayakanth Viyaskanth,0.5,Yes,No,Sri Lanka,22.0,Bowler,RHB,Right Arm Leg Spin,Uncapped,0.5
514,LSG,2022,d9273ee7,Marcus Stoinis,9.2,No,Yes,Australia,32.0,All-Rounder,RHB,Right Arm Medium,Capped,
515,LSG,2022,0f721006,Jason Holder,8.75,No,No,West Indies,30.0,All-Rounder,RHB,Right Arm Fast,Capped,1.5
516,MI,2022,b52ffbbd,Fabian Allen,0.75,No,No,West Indies,26.0,All-Rounder,RHB,Left Arm Slow Orthodox,Capped,0.75
517,MI,2022,be24ead0,Ramandeep Singh,0.2,No,No,India,24.0,All-Rounder,RHB,Right Arm Fast,Uncapped,0.2
518,GT,2024,cdc6bdba,Sandeep Warrier,0.5,Yes,No,India,33.0,Bowler,RHB,Right Arm Fast,Capped,0.5
519,GT,2024,fe11caa6,Wriddhiman Saha,1.9,No,Yes,India,39.0,Wicketkeeper,RHB,-,Capped,
520,GT,2024,b4b99816,Shubman Gill,8.0,No,Yes,India,24.0,Batsman,RHB,-,Capped,
521,GT,2024,d5130a30,Sai Sudharsan,0.2,No,Yes,India,22.0,Batsman,LHB,-,Uncapped,
522,GT,2024,7dcb9bc9,Shahrukh Khan,7.4,No,No,India,28.0,All-Rounder,RHB,Right Arm Off Spin,Uncapped,0.4
523,GT,2024,d67d5f00,David Miller,3.0,No,Yes,South Africa,34.0,Batsman,LHB,-,Capped,
524,GT,2024,8f6dd463,Azmatullah Omarzai,0.5,No,No,Afghanistan,24.0,All-Rounder,RHB,Right Arm Fast Medium,Capped,0.5
525,GT,2024,39a2dfa8,Rahul Tewatia,9.0,No,Yes,India,30.0,All-Rounder,LHB,Right Arm Leg Spin,Capped,
526,GT,2024,5f547c8b,Rashid Khan,15.0,No,Yes,Afghanistan,25.0,Bowler,RHB,Right Arm Leg Spin,Capped,
527,GT,2024,c7a995d3,Sai Kishore,3.0,No,Yes,India,27.0,Bowler,LHB,Left Arm Slow Orthodox,Capped,
528,GT,2024,759ac88f,Mohit Sharma,0.5,No,Yes,India,35.0,Bowler,RHB,Right Arm Fast Medium,Capped,
529,GT,2024,efc04be7,Noor Ahmad,0.3,No,Yes,Afghanistan,18.0,Bowler,RHB,Left Arm Slow Unorthodox,Capped,
530,RCB,2024,ba607b88,Virat Kohli,15.0,No,Yes,India,35.0,Batsman,RHB,-,Capped,
531,RCB,2024,3355b542,Faf du Plessis,7.0,No,Yes,South Africa,39.0,Batsman,RHB,-,Capped,
532,RCB,2024,9caf69a1,Will Jacks,3.2,No,Yes,England,25.0,All-Rounder,RHB,Right Arm Off Spin,Capped,
533,RCB,2024,c740ea83,Rajat Patidar,0.2,No,Yes,India,30.0,Batsman,RHB,-,Uncapped,
534,RCB,2024,b681e71e,Glenn Maxwell,11.0,No,Yes,Australia,35.0,All-Rounder,RHB,Right Arm Off Spin,Capped,
535,RCB,2024,eaa76d3c,Cameron Green,17.5,No,No,Australia,24.0,All-Rounder,RHB,Right Arm Fast Medium,Capped,0.0
536,RCB,2024,c03f1114,Dinesh Karthik,5.5,No,Yes,India,38.0,Wicketkeeper,RHB,-,Capped,
537,RCB,2024,119678fd,Karn Sharma,0.5,No,Yes,India,36.0,Bowler,LHB,Right Arm Leg Spin,Capped,
538,RCB,2024,2f49c897,Mohammed Siraj,7.0,No,Yes,India,29.0,Bowler,RHB,Right Arm Fast,Capped,
539,RCB,2024,7210d461,Yash Dayal,5.0,No,No,India,26.0,Bowler,RHB,Left Arm Fast,Uncapped,0.2
540,RCB,2024,983f2f61,Swapnil Singh,0.2,No,No,India,33.0,All-Rounder,RHB,Left Arm Slow Orthodox,Uncapped,0.2
541,GT,2025,62175638,Karim Janat,0.75,No,No,Afghanistan,26.0,All-Rounder,RHB,Right Arm Fast Medium,Capped,0.75
542,RR,2025,6c19c6e5,Yashasvi Jaiswal,18.0,No,Yes,India,22.0,Batsman,LHB,-,Capped,
543,RR,2025,470f446b,Vaibhav Suryavanshi,1.1,No,No,India,14.0,Batsman,LHB,Left Arm Slow Orthodox,Uncapped,0.3
544,RR,2025,fb2d1dda,Nitish Rana,4.2,No,No,India,31.0,All-Rounder,LHB,Right Arm Off Spin,Capped,1.5
545,RR,2025,04a418e8,Riyan Parag,14.0,No,Yes,India,23.0,All-Rounder,RHB,Right Arm Leg Spin,Capped,
546,RR,2025,bcf325d2,Dhruv Jurel,14.0,No,Yes,India,23.0,Wicketkeeper,RHB,-,Capped,
547,RR,2025,48a1d7b7,Shimron Hetmyer,11.0,No,Yes,West Indies,27.0,Batsman,LHB,-,Capped,
548,RR,2025,a97c8ec2,Wanindu Hasaranga,5.25,No,No,Sri Lanka,27.0,Bowler,RHB,Right Arm Leg Spin,Capped,2.0
549,RR,2025,5574750c,Jofra Archer,12.5,No,No,England,30.0,Bowler,RHB,Right Arm Fast,Capped,2.0
550,RR,2025,f24c6701,Maheesh Theekshana,4.4,No,No,Sri Lanka,24.0,Bowler,RHB,Right Arm Off Spin,Capped,2.0
551,RR,2025,ce820073,Sandeep Sharma,4.0,No,Yes,India,31.0,Bowler,RHB,Right Arm Medium,Capped,
552,RR,2025,4885bbe6,Yudhvir Singh,0.35,No,No,India,27.0,All-Rounder,RHB,Right Arm Fast Medium,Uncapped,0.3
553,CSK,2022,df5a6881,Devon Conway,1.0,No,No,New Zealand,30.0,Batsman,LHB,Right Arm Medium,Capped,1.0
554,CSK,2022,30df8c66,Simarjeet Singh,0.2,No,No,India,24.0,Bowler,RHB,Right Arm Fast,Uncapped,0.2
555,CSK,2022,f24c6701,Maheesh Theekshana,0.7,No,No,Sri Lanka,21.0,Bowler,RHB,Right Arm Off Spin,Capped,0.5
556,DC,2022,44a89551,KS Bharat,2.0,No,No,India,28.0,Wicketkeeper,RHB,-,Uncapped,0.2
557,DC,2022,60500956,Ripal Patel,0.2,No,No,India,26.0,All-Rounder,RHB,Right Arm Fast Medium,Uncapped,0.2
558,DC,2022,acdc62f5,Anrich Nortje,6.5,No,Yes,South Africa,28.0,Bowler,RHB,Right Arm Fast,Capped,
559,SRH,2024,81c08fa3,Umran Malik,4.0,No,Yes,India,24.0,Bowler,RHB,Right Arm Fast,Capped,
560,SRH,2024,00ea847a,Mayank Agarwal,8.25,No,Yes,India,32.0,Batsman,RHB,-,Capped,
561,SRH,2024,a9fd84fb,Mayank Markande,0.5,No,Yes,India,26.0,Bowler,RHB,Right Arm Leg Spin,Capped,
562,MI,2024,107c26fb,Kwena Maphaka,0.5,Yes,No,South Africa,17.0,Bowler,LHB,Left Arm Fast,Uncapped,0.2
563,MI,2024,3204c99f,Gerald Coetzee,5.0,No,No,South Africa,23.0,All-Rounder,RHB,Right Arm Fast,Capped,2.0
564,MI,2024,9d704f6f,Shams Mulani,0.2,No,Yes,India,26.0,All-Rounder,LHB,Left Arm Slow Orthodox,Uncapped,
565,MI,2023,b0482a1d,Tilak Varma,1.7,No,Yes,India,20.0,All-Rounder,LHB,Right Arm Off Spin,Uncapped,
566,LSG,2023,eef2536f,Avesh Khan,10.0,No,Yes,India,26.0,Bowler,RHB,Right Arm Fast Medium,Capped,
567,LSG,2023,b17e2f24,KL Rahul,17.0,No,Yes,India,30.0,Wicketkeeper,RHB,-,Capped,
568,LSG,2023,73c18486,Kyle Mayers,0.5,No,Yes,West Indies,30.0,All-Rounder,LHB,Right Arm Medium,Capped,
569,LSG,2023,73ad96ed,Deepak Hooda,5.75,No,Yes,India,27.0,All-Rounder,RHB,Right Arm Off Spin,Capped,
570,LSG,2023,5b8c830e,Krunal Pandya,8.25,No,Yes,India,31.0,All-Rounder,LHB,Left Arm Slow Orthodox,Capped,
571,LSG,2023,d9273ee7,Marcus Stoinis,10.0,No,Yes,Australia,33.0,All-Rounder,RHB,Right Arm Medium,Capped,
572,LSG,2023,3241e3fd,Nicholas Pooran,16.0,No,No,West Indies,27.0,Wicketkeeper,LHB,-,Capped,2.0
573,LSG,2023,872b03f7,Ayush Badoni,0.2,No,Yes,India,23.0,All-Rounder,RHB,Right Arm Off Spin,Uncapped,
574,LSG,2023,90de905a,Krishnappa Gowtham,0.9,No,Yes,India,34.0,All-Rounder,RHB,Right Arm Off Spin,Capped,
575,LSG,2023,8d92a2c3,Mark Wood,7.5,No,Yes,England,32.0,Bowler,RHB,Right Arm Fast,Capped,
576,LSG,2023,4b31f3a3,Yash Thakur,0.45,No,No,India,24.0,Bowler,RHB,Right Arm Fast Medium,Uncapped,0.2
577,LSG,2023,df064e1a,Ravi Bishnoi,4.0,No,Yes,India,22.0,Bowler,RHB,Right Arm Leg Spin,Capped,
578,SRH,2024,f19ccfad,Washington Sundar,8.75,No,Yes,India,24.0,All-Rounder,LHB,Right Arm Off Spin,Capped,
579,GT,2024,0994d0ae,Vijay Shankar,1.4,No,Yes,India,32.0,All-Rounder,RHB,Right Arm Medium,Capped,
580,GT,2024,cc1e8c68,Umesh Yadav,5.8,No,No,India,36.0,Bowler,RHB,Right Arm Fast Medium,Capped,2.0
581,GT,2024,cd8d2859,Darshan Nalkande,0.2,No,Yes,India,25.0,Bowler,RHB,Right Arm Fast Medium,Uncapped,
582,MI,2023,0c9652b0,Hrithik Shokeen,0.2,No,Yes,India,22.0,All-Rounder,RHB,Right Arm Off Spin,Uncapped,
583,MI,2023,12314277,Arshad Khan,0.2,No,Yes,India,25.0,All-Rounder,LHB,Left Arm Fast Medium,Uncapped,
584,MI,2023,5574750c,Jofra Archer,8.0,No,Yes,England,27.0,Bowler,RHB,Right Arm Fast,Capped,
585,,2023,ba607b88,,,,,,,,,,,
586,,2023,3355b542,,,,,,,,,,,
587,,2023,c03f1114,,,,,,,,,,,
588,,2023,b681e71e,,,,,,,,,,,
589,,2023,e38bce7a,,,,,,,,,,,
590,,2023,f9e6e7ef,,,,,,,,,,,
591,,2023,f986ca1a,,,,,,,,,,,
592,,2023,0a67aec0,,,,,,,,,,,
593,,2023,8db7f47f,,,,,,,,,,,
594,,2023,2f49c897,,,,,,,,,,,
595,,2023,119678fd,,,,,,,,,,,
596,KKR,2023,2f9d0389,Lockie Ferguson,10.0,No,Yes,New Zealand,31.0,Bowler,RHB,Right Arm Fast,Capped,
597,MI,2023,64775749,Riley Meredith,1.5,Yes,No,Australia,26.0,Bowler,RHB,Right Arm Fast,Capped,1.5
598,MI,2023,44aac2f0,Arjun Tendulkar,0.3,No,Yes,India,23.0,All-Rounder,LHB,Left Arm Fast Medium,Uncapped,
599,MI,2023,8dc152d1,Duan Jansen,0.2,No,No,South Africa,22.0,All-Rounder,RHB,Left Arm Fast,Uncapped,0.2
600,DC,2025,ce794613,T Natarajan,10.75,No,No,India,33.0,Bowler,LHB,Left Arm Fast Medium,Capped,2.0
601,SRH,2025,dc9dd038,Sachin Baby,0.3,No,No,India,36.0,Batsman,LHB,Right Arm Off Spin,Uncapped,0.3
602,KKR,2022,acc1aeda,Sheldon Jackson,0.6,No,No,India,35.0,Wicketkeeper,RHB,-,Uncapped,0.3
603,KKR,2022,13c35c9e,Tim Southee,1.5,No,No,New Zealand,33.0,Bowler,RHB,Right Arm Fast,Capped,1.5
604,MI,2024,62af8546,Mohammad Nabi,1.5,No,No,Afghanistan,39.0,All-Rounder,RHB,Right Arm Off Spin,Capped,1.5
605,,2023,da934ee8,,,,,,,,,,,
606,,2023,9385de2e,,,,,,,,,,,
607,,2023,a97c8ec2,,,,,,,,,,,
608,,2023,7f048519,,,,,,,,,,,
609,,2023,54e52590,,,,,,,,,,,
610,CSK,2024,30df8c66,Simarjeet Singh,0.2,No,Yes,India,25.0,Bowler,RHB,Right Arm Fast Medium,Uncapped,
611,CSK,2024,f24c6701,Maheesh Theekshana,0.7,No,Yes,Sri Lanka,23.0,Bowler,RHB,Right Arm Off Spin,Capped,
612,RCB,2025,b8527c3d,Rasikh Dar,6.0,No,No,India,25.0,Bowler,RHB,Right Arm Fast Medium,Uncapped,0.3
613,LSG,2022,c33d8116,Mohsin Khan,0.2,No,No,India,23.0,Bowler,LHB,Left Arm Fast Medium,Uncapped,0.2
614,LSG,2022,90de905a,Krishnappa Gowtham,0.9,No,No,India,33.0,All-Rounder,RHB,Right Arm Off Spin,Capped,0.5
615,DC,2022,2cdce1be,Chetan Sakariya,4.2,No,No,India,24.0,Bowler,LHB,Left Arm Fast Medium,Capped,0.5
616,SRH,2025,c96f6ac5,Wiaan Mulder,0.75,Yes,No,South Africa,27.0,All-Rounder,RHB,Right Arm Medium,Capped,0.75
617,LSG,2025,ebcfef83,Himmat Singh,0.3,No,No,India,28.0,Batsman,RHB,Right Arm Off Spin,Uncapped,0.3
618,LSG,2025,f9e6e7ef,Shahbaz Ahmed,2.4,No,No,India,29.0,All-Rounder,LHB,Left Arm Slow Orthodox,Capped,1.0
619,LSG,2025,cb9b8664,Will O'Rourke,3.0,Yes,No,New Zealand,23.0,Bowler,RHB,Right Arm Fast,Capped,1.5
620,LSG,2025,b483905d,Akash Singh,0.3,No,No,India,22.0,Bowler,RHB,Left Arm Fast,Uncapped,0.3
621,KKR,2022,b8d490fd,Aaron Finch,1.5,Yes,No,Australia,35.0,Batsman,RHB,Left Arm Slow Orthodox,Capped,1.5
622,KKR,2022,ff1e68fa,Baba Indrajith,0.2,No,No,India,27.0,Wicketkeeper,RHB,-,Uncapped,0.2
623,KKR,2022,0a509d6b,Rinku Singh,0.55,No,No,India,24.0,Batsman,LHB,Right Arm Off Spin,Uncapped,0.2
624,KKR,2022,77b1aa15,Harshit Rana,0.2,Yes,No,India,21.0,All-Rounder,RHB,Right Arm Fast Medium,Uncapped,
625,CSK,2022,ffe699c0,Chris Jordan,3.6,No,No,England,33.0,All-Rounder,RHB,Right Arm Fast Medium,Capped,2.0
626,RR,2023,cc777ffa,Abdul Basith,0.2,No,No,India,24.0,All-Rounder,RHB,Right Arm Off Spin,Uncapped,0.2
627,KKR,2024,d7017798,Angkrish Raghuvanshi,0.2,No,No,India,19.0,Batsman,RHB,Right Arm Off Spin,Uncapped,0.2
628,KKR,2024,e4cdf230,Anukul Roy,0.2,No,Yes,India,25.0,All-Rounder,LHB,Left Arm Slow Orthodox,Uncapped,
629,SRH,2024,1399b39c,Anmolpreet Singh,0.2,No,Yes,India,25.0,Batsman,RHB,-,Uncapped,
630,MI,2025,abb83e27,Jonny Bairstow,5.25,Yes,No,England,35.0,Wicketkeeper,RHB,Right Arm Medium,Capped,2.0
631,MI,2025,ba6b2f91,Raj Bawa,0.3,No,No,India,22.0,All-Rounder,LHB,Right Arm Fast Medium,Uncapped,0.3
632,MI,2025,402f8494,Richard Gleeson,1.0,Yes,No,England,37.0,Bowler,RHB,Right Arm Fast,Capped,0.75
633,GT,2025,5d1e7582,Kusal Mendis,0.75,Yes,No,Sri Lanka,30.0,Wicketkeeper,RHB,Right Arm Leg Spin,Capped,0.75
634,GT,2022,0994d0ae,Vijay Shankar,1.4,No,No,India,31.0,All-Rounder,RHB,Right Arm Fast Medium,Capped,0.5
635,LSG,2024,2d140b79,Arshin Kulkarni,0.2,No,No,India,19.0,All-Rounder,RHB,Right Arm Fast Medium,Uncapped,0.2
636,LSG,2024,ff1e12a0,Ashton Turner,1.0,No,No,Australia,31.0,Batsman,RHB,Right Arm Off Spin,Capped,1.0
637,LSG,2024,4885bbe6,Yudhvir Singh,0.2,No,Yes,India,26.0,All-Rounder,RHB,Right Arm Fast,Uncapped,
638,SRH,2025,1ac746c8,Atharva Taide,0.3,No,No,India,24.0,Batsman,LHB,Left Arm Slow Orthodox,Uncapped,0.3
639,KKR,2025,be24ead0,Ramandeep Singh,4.0,No,Yes,India,27.0,All-Rounder,RHB,Right Arm Medium,Uncapped,
640,KKR,2025,bb351c23,Moeen Ali,2.0,No,No,England,37.0,All-Rounder,LHB,Right Arm Off Spin,Capped,2.0
641,RR,2022,21d4e29b,Navdeep Saini,2.6,No,No,India,29.0,Bowler,RHB,Right Arm Fast,Capped,0.75
642,LSG,2023,372455c4,Quinton de Kock,6.75,No,Yes,South Africa,30.0,Wicketkeeper,LHB,-,Capped,
643,LSG,2023,663b5e34,Prerak Mankad,0.2,No,No,India,28.0,All-Rounder,RHB,Right Arm Medium,Uncapped,0.2
644,LSG,2023,c0c411cb,Naveen-ul-Haq,0.5,No,No,Afghanistan,23.0,Bowler,RHB,Right Arm Fast Medium,Capped,0.5
645,LSG,2023,983f2f61,Swapnil Singh,0.2,No,No,India,32.0,All-Rounder,RHB,Left Arm Slow Orthodox,Uncapped,0.2
646,LSG,2023,c33d8116,Mohsin Khan,0.2,No,Yes,India,24.0,Bowler,LHB,Left Arm Fast Medium,Uncapped,
647,SRH,2023,5d2eea49,Kartik Tyagi,4.0,No,Yes,India,22.0,Bowler,RHB,Right Arm Fast,Uncapped,
648,GT,2025,fa2f1dde,Kulwant Khejroliya,0.3,No,No,India,33.0,Bowler,LHB,Left Arm Fast Medium,Uncapped,0.3
649,RR,2025,e9c7f0d0,Fazalhaq Farooqi,2.0,No,No,Afghanistan,24.0,Bowler,RHB,Left Arm Fast Medium,Capped,2.0
650,RR,2025,a4cc73aa,Sanju Samson,18.0,No,Yes,India,30.0,Wicketkeeper,RHB,-,Capped,
651,RR,2025,6b2ff18f,Shubham Dubey,0.8,No,No,India,30.0,Batsman,LHB,Right Arm Off Spin,Uncapped,0.3
652,RR,2025,46a9bea1,Tushar Deshpande,6.5,No,No,India,29.0,Bowler,LHB,Right Arm Fast,Capped,1.0
653,MI,2024,4bd09374,Akash Madhwal,0.2,No,Yes,India,30.0,Bowler,RHB,Right Arm Fast Medium,Uncapped,
654,MI,2024,7a8bd078,Shreyas Gopal,0.2,No,No,India,30.0,Bowler,RHB,Right Arm Leg Spin,Uncapped,0.2
655,,2023,3a60e0b5,,,,,,,,,,,
656,PBKS,2023,1ac746c8,Atharva Taide,0.2,No,Yes,India,22.0,All-Rounder,LHB,Left Arm Slow Orthodox,Uncapped,
657,PBKS,2023,a90e53ec,Matthew Short,0.2,Yes,No,Australia,27.0,All-Rounder,RHB,Right Arm Off Spin,Uncapped,0.2
658,PBKS,2023,28c78fb3,Harpreet Singh,0.4,No,No,India,31.0,Batsman,LHB,Right Arm Medium,Uncapped,0.2
659,SRH,2024,81c36ee9,Marco Jansen,4.2,No,Yes,South Africa,23.0,All-Rounder,RHB,Left Arm Fast,Capped,
660,RR,2022,944533a5,Karun Nair,1.4,No,No,India,30.0,Batsman,RHB,Right Arm Off Spin,Capped,0.5
661,MI,2025,1e030637,Vignesh Puthur,0.3,No,No,India,24.0,All-Rounder,RHB,Left Arm Slow Unorthodox,Uncapped,0.3
662,CSK,2025,45a43fe2,Ruturaj Gaikwad,18.0,No,Yes,India,27.0,Batsman,RHB,-,Capped,
663,CSK,2025,495d42a5,Ravichandran Ashwin,9.75,No,No,India,38.0,All-Rounder,RHB,Right Arm Off Spin,Capped,2.0
664,CSK,2025,9eb1455b,Nathan Ellis,2.0,No,No,Australia,30.0,Bowler,RHB,Right Arm Fast Medium,Capped,1.25
665,KKR,2025,372455c4,Quinton de Kock,3.6,No,No,South Africa,32.0,Wicketkeeper,LHB,-,Capped,2.0
666,KKR,2025,93b4fc78,Manish Pandey,0.75,No,No,India,35.0,Batsman,RHB,-,Capped,0.75
667,KKR,2025,acdc62f5,Anrich Nortje,6.5,No,No,South Africa,31.0,Bowler,RHB,Right Arm Fast,Capped,2.0
668,PBKS,2023,e62dd25d,Kagiso Rabada,9.25,No,Yes,South Africa,27.0,Bowler,LHB,Right Arm Fast,Capped,
669,SRH,2022,1a2676c5,Sean Abbott,2.4,No,No,Australia,30.0,Bowler,RHB,Right Arm Fast,Capped,0.75
670,SRH,2022,7a8bd078,Shreyas Gopal,0.75,No,No,India,28.0,Bowler,RHB,Right Arm Leg Spin,Uncapped,0.2
671,CSK,2022,e4a0deae,Mitchell Santner,1.9,No,No,New Zealand,30.0,All-Rounder,LHB,Left Arm Slow Orthodox,Capped,1.0
672,KKR,2025,83c3e8e3,Spencer Johnson,2.8,No,No,Australia,29.0,Bowler,LHB,Left Arm Fast,Capped,2.0
673,,2023,c8f5f961,,,,,,,,,,,
674,,2023,03806cf8,,,,,,,,,,,
675,LSG,2023,6b19d823,Amit Mishra,0.5,No,No,India,40.0,Bowler,RHB,Right Arm Leg Spin,Capped,0.5
676,PBKS,2024,cad00a4d,Rilee Rossouw,8.0,No,No,South Africa,34.0,Batsman,LHB,-,Capped,2.0
677,PBKS,2024,50c6bc2b,Liam Livingstone,11.5,No,Yes,England,30.0,All-Rounder,RHB,Right Arm Leg Spin,Capped,
678,PBKS,2024,28c78fb3,Harpreet Singh,0.4,No,Yes,India,32.0,Batsman,LHB,-,Uncapped,
679,PBKS,2022,26a85969,Shikhar Dhawan,8.25,No,No,India,36.0,Batsman,LHB,-,Capped,2.0
680,PBKS,2025,8f6dd463,Azmatullah Omarzai,2.4,No,No,Afghanistan,25.0,All-Rounder,RHB,Right Arm Fast Medium,Capped,1.5
681,DC,2025,f89d3b11,Sameer Rizvi,0.95,No,No,India,21.0,All-Rounder,RHB,Right Arm Leg Spin,Uncapped,0.3
682,DC,2025,fb5f69e4,Madhav Tiwari,0.4,No,No,India,21.0,All-Rounder,RHB,Right Arm Fast Medium,Uncapped,0.3
683,RR,2023,2e78f685,Kuldeep Sen,0.2,No,Yes,India,26.0,Bowler,RHB,Right Arm Fast,Uncapped,
684,CSK,2023,8361e524,Sisanda Magala,0.5,Yes,No,South Africa,32.0,All-Rounder,RHB,Right Arm Fast,Capped,0.5
685,RCB,2024,52294a79,Himanshu Sharma,0.2,No,Yes,India,25.0,Bowler,RHB,Right Arm Leg Spin,Uncapped,
686,RCB,2024,9e7225b0,Saurav Chuahan,0.2,No,No,India,23.0,Batsman,LHB,Right Arm Off Spin,Uncapped,0.2
687,RCB,2024,8db7f47f,Reece Topley,1.9,No,Yes,England,29.0,Bowler,RHB,Left Arm Fast Medium,Capped,
688,RCB,2024,a457cfb5,Mayank Dagar,1.8,No,No,India,27.0,Bowler,RHB,Left Arm Slow Orthodox,Uncapped,0.0
689,KKR,2024,9440ef41,Suyash Sharma,0.2,No,Yes,India,20.0,Bowler,RHB,Right Arm Leg Spin,Uncapped,
690,LSG,2025,80b2fb19,Prince Yadav,0.3,No,No,India,23.0,Bowler,RHB,Right Arm Fast,Uncapped,0.3
691,LSG,2025,b1ad996b,Mayank Yadav,11.0,No,Yes,India,22.0,Bowler,RHB,Right Arm Fast Medium,Uncapped,
692,PBKS,2024,2ed569a0,Rahul Chahar,5.25,No,Yes,India,24.0,Bowler,RHB,Right Arm Leg Spin,Capped,
693,MI,2023,85b3fab2,Tristan Stubbs,0.2,No,Yes,South Africa,22.0,Wicketkeeper,RHB,-,Capped,
694,CSK,2023,11614d87,Dwaine Pretorius,0.5,No,Yes,South Africa,33.0,All-Rounder,RHB,Right Arm Fast Medium,Capped,
695,CSK,2024,765a4731,Mukesh Choudhary,0.2,No,Yes,India,27.0,Bowler,LHB,Left Arm Fast Medium,Uncapped,
696,DC,2023,93b4fc78,Manish Pandey,2.4,No,No,India,33.0,Batsman,RHB,-,Capped,1.0
697,DC,2023,dd7e9b3b,Yash Dhull,0.5,No,Yes,India,20.0,Batsman,RHB,-,Uncapped,
698,DC,2023,650d5e49,Rovman Powell,2.8,No,Yes,West Indies,29.0,All-Rounder,RHB,Right Arm Fast Medium,Capped,
699,DC,2023,ad427b5c,Lalit Yadav,0.65,No,Yes,India,26.0,All-Rounder,RHB,Right Arm Off Spin,Uncapped,
700,DC,2023,0a8fce53,Mustafizur Rahman,2.0,No,Yes,Bangladesh,27.0,Bowler,LHB,Left Arm Fast Medium,Capped,
701,CSK,2025,df5a6881,Devon Conway,6.25,No,No,New Zealand,33.0,Batsman,LHB,-,Capped,2.0
702,CSK,2025,cf59b3f0,Urvil Patel,0.3,Yes,No,India,26.0,Wicketkeeper,RHB,-,Uncapped,0.3
703,KKR,2022,c38d3503,Shivam Mavi,7.25,No,No,India,23.0,All-Rounder,RHB,Right Arm Fast Medium,Uncapped,0.4
704,MI,2022,85b3fab2,Tristan Stubbs,0.2,Yes,No,South Africa,23.0,Wicketkeeper,RHB,Right Arm Off Spin,Capped,
705,MI,2022,33ffc3dd,Suryakumar Yadav,8.0,No,Yes,India,31.0,Batsman,RHB,-,Capped,
706,MI,2022,a9fd84fb,Mayank Markande,0.65,No,No,India,24.0,Bowler,RHB,Right Arm Leg Spin,Capped,0.5
707,GT,2024,0890552f,Abhinav Manohar,2.6,No,Yes,India,29.0,All-Rounder,RHB,Right Arm Leg Spin,Uncapped,
708,GT,2024,83c3e8e3,Spencer Johnson,10.0,No,No,Australia,28.0,Bowler,LHB,Left Arm Fast Medium,Capped,0.5
709,SRH,2025,30df8c66,Simarjeet Singh,1.5,No,No,India,27.0,Bowler,RHB,Right Arm Fast,Uncapped,0.3
710,DC,2023,3d284ca3,Philip Salt,2.0,No,No,England,26.0,Wicketkeeper,RHB,-,Capped,2.0
711,DC,2023,2cdce1be,Chetan Sakariya,4.2,No,Yes,India,24.0,Bowler,LHB,Left Arm Fast Medium,Capped,
712,GT,2022,d5130a30,Sai Sudharsan,0.2,No,No,India,20.0,All-Rounder,LHB,Right Arm Leg Spin,Uncapped,0.2
713,GT,2022,9fc0ef64,Pradeep Sangwan,0.2,No,No,India,31.0,All-Rounder,RHB,Left Arm Fast,Uncapped,0.2
714,PBKS,2025,ed5a5510,Pravin Dubey,0.3,No,No,India,31.0,All-Rounder,RHB,Right Arm Leg Spin,Uncapped,0.3
715,DC,2025,3c28853f,Sediqullah Atal,1.25,Yes,No,Afghanistan,23.0,Batsman,LHB,-,Capped,0.75
716,DC,2025,0a8fce53,Mustafizur Rahman,6.0,Yes,No,Bangladesh,29.0,Bowler,LHB,Left Arm Fast,Capped,2.0
717,LSG,2023,4885bbe6,Yudhvir Singh,0.2,No,No,India,25.0,All-Rounder,RHB,Right Arm Fast Medium,Uncapped,0.2
718,LSG,2024,97290faf,Shamar Joseph,3.0,Yes,No,West Indies,24.0,Bowler,LHB,Right Arm Fast,Uncapped,0.2
719,KKR,2024,93b4fc78,Manish Pandey,0.5,No,No,India,34.0,Batsman,RHB,-,Capped,0.5
720,RR,2024,f836b33d,Tom Kohler-Cadmore,0.4,No,No,England,29.0,Wicketkeeper,RHB,-,Uncapped,0.4
721,PBKS,2024,9eb1455b,Nathan Ellis,0.75,No,Yes,Australia,29.0,Bowler,RHB,Right Arm Fast Medium,Capped,
722,GT,2023,3ff033bb,Dasun Shanaka,0.5,Yes,No,Sri Lanka,31.0,All-Rounder,RHB,Right Arm Medium,Capped,0.5
723,SRH,2023,b0f2baf4,Sanvir Singh,0.2,No,No,India,26.0,All-Rounder,RHB,Right Arm Fast,Uncapped,0.2
724,SRH,2022,8e514b4c,Abdul Samad,4.0,No,Yes,India,20.0,All-Rounder,RHB,Right Arm Leg Spin,Uncapped,
725,PBKS,2022,9418198b,Arshdeep Singh,4.0,No,Yes,India,23.0,Bowler,LHB,Left Arm Fast Medium,Uncapped,
726,GT,2022,cd8d2859,Darshan Nalkande,0.2,No,No,India,23.0,All-Rounder,RHB,Right Arm Fast Medium,Uncapped,0.2
727,PBKS,2025,d621b427,Musheer Khan,0.3,No,No,India,20.0,All-Rounder,RHB,Left Arm Slow Orthodox,Uncapped,0.3
728,PBKS,2025,68c56d09,Kyle Jamieson,2.0,Yes,No,New Zealand,30.0,Bowler,RHB,Right Arm Fast,Capped,1.5
729,DC,2024,57ca01b3,Kumar Kushagra,7.2,No,No,India,19.0,Wicketkeeper,RHB,-,Uncapped,0.2
730,DC,2024,a1d95bd8,Lizaad Williams,0.5,Yes,No,South Africa,30.0,Bowler,LHB,Right Arm Fast,Capped,0.5
731,CSK,2022,bd54eef5,Narayan Jagadeesan,0.2,No,No,India,26.0,Wicketkeeper,RHB,-,Uncapped,0.2
732,CSK,2022,c695b423,Prashant Solanki,1.2,No,No,India,22.0,Bowler,RHB,Right Arm Leg Spin,Uncapped,0.2
733,CSK,2022,64839cb3,Matheesha Pathirana,0.2,Yes,No,Sri Lanka,19.0,Bowler,RHB,Right Arm Fast,Uncapped,0.2
734,MI,2023,266849c1,Raghav Goyal,0.2,No,No,India,21.0,Bowler,LHB,Left Arm Slow Orthodox,Uncapped,0.2
735,LSG,2023,1e66c162,Jaydev Unadkat,0.5,No,No,India,31.0,Bowler,RHB,Left Arm Fast Medium,Capped,0.5
736,RCB,2024,da934ee8,Mahipal Lomror,0.95,No,Yes,India,24.0,All-Rounder,LHB,Left Arm Slow Orthodox,Uncapped,
737,RCB,2024,2f9d0389,Lockie Ferguson,2.0,No,No,New Zealand,32.0,Bowler,RHB,Right Arm Fast,Capped,2.0
738,LSG,2024,cf0ccafa,Manimaran Siddharth,2.4,No,No,India,25.0,Bowler,RHB,Left Arm Slow Orthodox,Uncapped,0.2
739,LSG,2024,b1ad996b,Mayank Yadav,0.2,No,Yes,India,21.0,Bowler,RHB,Right Arm Fast Medium,Uncapped,
740,GT,2024,d027ba9f,Kane Williamson,2.0,No,Yes,New Zealand,33.0,Batsman,RHB,-,Capped,
741,GT,2024,c2dd89ea,BR Sharath,0.2,Yes,No,India,27.0,Wicketkeeper,RHB,-,Uncapped,0.2
742,GT,2024,025c4400,Manav Suthar,0.2,No,No,India,21.0,Bowler,LHB,Left Arm Slow Orthodox,Uncapped,0.2
743,GT,2024,9061a703,Joshua Little,4.4,No,Yes,Ireland,24.0,Bowler,RHB,Left Arm Fast Medium,Capped,
744,RCB,2024,54e52590,Vijaykumar Vyshak,0.2,No,Yes,India,27.0,Bowler,RHB,Right Arm Medium,Uncapped,
745,LSG,2023,c03e2850,Manan Vohra,0.2,No,Yes,India,29.0,Batsman,RHB,-,Uncapped,
746,LSG,2023,39ed0d2f,Karan Sharma,0.2,No,Yes,India,24.0,All-Rounder,RHB,Right Arm Off Spin,Uncapped,
747,RR,2024,2e78f685,Kuldeep Sen,0.2,No,Yes,India,27.0,Bowler,RHB,Right Arm Fast,Uncapped,
748,KKR,2025,2cdce1be,Chetan Sakariya,0.75,Yes,No,India,27.0,Bowler,LHB,Left Arm Medium,Capped,0.75
749,RR,2022,9948e262,Rassie van der Dussen,1.0,No,No,South Africa,33.0,Batsman,RHB,Right Arm Off Spin,Capped,1.0
750,SRH,2025,14f96089,Adam Zampa,2.4,No,No,Australia,32.0,Bowler,RHB,Right Arm Leg Spin,Capped,2.0
751,MI,2024,65b6943c,Luke Wood,0.5,Yes,No,England,28.0,Bowler,LHB,Left Arm Fast,Capped,0.5
752,SRH,2023,a457cfb5,Mayank Dagar,1.8,No,No,India,26.0,All-Rounder,RHB,Left Arm Slow Orthodox,Uncapped,0.2
753,SRH,2023,aad0c365,Nitish Kumar Reddy,0.2,No,No,India,19.0,Wicketkeeper,RHB,Right Arm Fast Medium,Uncapped,0.2
754,PBKS,2025,f2c936d7,Mitchell Owen,3.0,Yes,No,Australia,23.0,All-Rounder,RHB,Right Arm Fast Medium,Uncapped,0.0
755,RR,2025,107c26fb,Kwena Maphaka,1.5,No,No,South Africa,18.0,Bowler,LHB,Left Arm Fast,Capped,0.75
756,RR,2025,4bd09374,Akash Madhwal,1.2,No,No,India,31.0,Bowler,RHB,Right Arm Fast,Uncapped,0.3
757,LSG,2022,c03e2850,Manan Vohra,0.2,No,No,India,28.0,Batsman,RHB,-,Uncapped,0.2
758,KKR,2022,aa5d8c9e,Abhijeet Tomar,0.4,No,No,India,27.0,Batsman,RHB,Right Arm Off Spin,Uncapped,0.2
759,RCB,2024,c8f5f961,Anuj Rawat,3.4,No,Yes,India,24.0,Wicketkeeper,LHB,-,Uncapped,
760,RCB,2024,b0946605,Alzarri Joseph,11.5,No,No,West Indies,27.0,Bowler,RHB,Right Arm Fast,Capped,1.0
761,DC,2024,ad427b5c,Lalit Yadav,0.65,No,Yes,India,28.0,Bowler,RHB,Right Arm Fast,Uncapped,
762,PBKS,2023,26d041c4,Sikandar Raza,0.5,No,No,Zimbabwe,36.0,All-Rounder,RHB,Right Arm Off Spin,Capped,0.5
763,PBKS,2025,54e52590,Vijaykumar Vyshak,1.8,No,No,India,28.0,Bowler,RHB,Right Arm Fast Medium,Uncapped,0.3
764,CSK,2025,765a4731,Mukesh Choudhary,0.3,No,No,India,28.0,Bowler,LHB,Left Arm Fast,Uncapped,0.3
765,LSG,2025,35f173a0,Matthew Breetzke,0.75,No,No,South Africa,26.0,Batsman,RHB,-,Capped,0.75
766,RCB,2025,ee1b6c27,Nuwan Thushara,1.6,No,No,Sri Lanka,30.0,Bowler,RHB,Right Arm Fast,Capped,0.75
767,PBKS,2024,1ac746c8,Atharva Taide,0.2,No,Yes,India,23.0,All-Rounder,LHB,Left Arm Slow Orthodox,Uncapped,
768,RR,2024,5724e517,Tanush Kotian,0.2,Yes,No,India,25.0,All-Rounder,RHB,Right Arm Off Spin,Uncapped,0.2
769,RR,2024,0b60eb09,Keshav Maharaj,0.5,Yes,No,South Africa,34.0,All-Rounder,RHB,Left Arm Slow Orthodox,Capped,0.5
770,KKR,2023,0404d43c,Litton Das,0.5,No,No,Bangladesh,28.0,Wicketkeeper,RHB,-,Capped,0.5
771,KKR,2023,c3a96caf,Mandeep Singh,0.5,No,No,India,31.0,Batsman,RHB,-,Capped,0.5
772,DC,2023,5bb1a1c4,Ishant Sharma,0.5,No,No,India,34.0,Bowler,RHB,Right Arm Fast,Capped,0.5
773,MI,2025,8db7f47f,Reece Topley,0.75,No,No,England,31.0,Bowler,RHB,Left Arm Fast,Capped,0.75
774,RR,2025,f6d8a7ab,Kumar Kartikeya,0.3,No,No,India,27.0,Bowler,RHB,Left Arm Slow Orthodox,Uncapped,0.3
775,SRH,2023,4d7f517e,Akeal Hosein,1.0,No,No,West Indies,29.0,Bowler,LHB,Left Arm Slow Orthodox,Capped,1.0
776,DC,2023,bb965e9a,Priyam Garg,0.2,Yes,No,India,22.0,All-Rounder,RHB,Right Arm Off Spin,Uncapped,0.2
777,DC,2023,60500956,Ripal Patel,0.2,No,Yes,India,27.0,All-Rounder,RHB,Right Arm Medium,Uncapped,
778,,2022,dcf81436,,,,,,,,,,,
779,GT,2022,0a3d54b9,Varun Aaron,0.5,No,No,India,32.0,Bowler,RHB,Right Arm Fast,Capped,0.5
780,LSG,2023,c5aef772,Romario Shepherd,0.5,No,No,West Indies,28.0,All-Rounder,RHB,Right Arm Fast,Capped,0.5
781,CSK,2024,402f8494,Richard Gleeson,0.5,Yes,No,England,36.0,Bowler,RHB,Right Arm Fast,Capped,0.5
782,PBKS,2025,4b31f3a3,Yash Thakur,1.6,No,No,India,26.0,Bowler,RHB,Right Arm Fast Medium,Uncapped,0.3
783,KKR,2022,e4cdf230,Anukul Roy,0.2,No,No,India,23.0,All-Rounder,LHB,Left Arm Slow Orthodox,Uncapped,0.2
784,CSK,2024,e4a0deae,Mitchell Santner,1.9,No,Yes,New Zealand,31.0,All-Rounder,LHB,Left Arm Slow Orthodox,Capped,
785,DC,2024,1ee08e9a,Jhye Richardson,5.0,No,No,Australia,27.0,Bowler,RHB,Right Arm Fast,Capped,1.5
786,PBKS,2023,9a5f2863,Mohit Rathee,0.2,No,No,India,24.0,All-Rounder,RHB,Right Arm Leg Spin,Uncapped,0.2
787,RR,2022,9219eff0,James Neesham,1.5,No,No,New Zealand,31.0,All-Rounder,LHB,Right Arm Fast Medium,Capped,1.5
788,CSK,2022,350bb1b1,Adam Milne,1.9,No,No,New Zealand,29.0,Bowler,RHB,Right Arm Fast,Capped,1.5
789,KKR,2023,13c35c9e,Tim Southee,1.5,No,Yes,New Zealand,34.0,Bowler,RHB,Right Arm Fast Medium,Capped,
790,RR,2022,56ab442f,Nathan Coulter-Nile,2.0,No,No,Australia,34.0,Bowler,RHB,Right Arm Fast Medium,Capped,2.0
791,,2023,52294a79,,,,,,,,,,,
792,RCB,2024,0a67aec0,Akash Deep,0.2,No,Yes,India,27.0,Bowler,RHB,Right Arm Fast Medium,Uncapped,
793,DC,2023,ed5a5510,Pravin Dubey,0.5,No,Yes,India,29.0,All-Rounder,RHB,Right Arm Leg Spin,Uncapped,
794,DC,2025,f0af99a7,Donovan Ferreira,0.75,No,No,South Africa,26.0,Wicketkeeper,RHB,Right Arm Off Spin,Capped,0.75
795,PBKS,2024,d4d929b0,Vidwath Kaverappa,0.2,No,Yes,India,24.0,Bowler,RHB,Right Arm Fast Medium,Uncapped,
796,KKR,2022,378daa89,Aman Khan,0.2,No,No,India,25.0,All-Rounder,RHB,Right Arm Fast Medium,Uncapped,0.2
797,KKR,2024,327b58d3,Dushmantha Chameera,0.5,Yes,No,Sri Lanka,31.0,Bowler,RHB,Right Arm Fast,Capped,0.5
798,GT,2024,afa7e784,Matthew Wade,2.4,No,Yes,Australia,35.0,Wicketkeeper,LHB,-,Capped,
799,GT,2024,5d2eea49,Kartik Tyagi,0.6,No,No,India,23.0,Bowler,RHB,Right Arm Fast,Uncapped,0.2
800,,2023,99d63244,,,,,,,,,,,
801,PBKS,2024,e1d9ae9c,Shivam Singh,0.2,No,Yes,India,27.0,All-Rounder,RHB,Right Arm Off Spin,Uncapped,
802,PBKS,2024,26a85969,Shikhar Dhawan,8.25,No,Yes,India,38.0,Batsman,LHB,-,Capped,
803,GT,2023,81049310,Jayant Yadav,1.7,No,Yes,India,32.0,All-Rounder,RHB,Right Arm Off Spin,Capped,
804,PBKS,2023,99258814,Gurnoor Brar,0.2,Yes,No,India,22.0,Bowler,LHB,Right Arm Fast,Uncapped,0.2
805,RCB,2024,9385de2e,Suyash Prabhudessai,0.3,No,Yes,India,26.0,All-Rounder,RHB,Right Arm Medium,Uncapped,
806,RR,2025,e3851766,Kunal Singh Rathore,0.3,No,No,India,22.0,Wicketkeeper,LHB,Right Arm Off Spin,Uncapped,0.3
807,GT,2023,cd8d2859,Darshan Nalkande,0.2,No,Yes,India,24.0,Bowler,RHB,Right Arm Fast Medium,Uncapped,
808,LSG,2022,39ed0d2f,Karan Sharma,0.2,No,No,India,23.0,All-Rounder,RHB,Right Arm Off Spin,Uncapped,0.2
