,Player Name,Team,Year,Price,Replacement,Retained,Country,Age,Role,Batting Style,Bowling Style,C/U/A,Base Price
0,Ravindra Jadeja,CSK,2022,16.0,No,Yes,India,33,All-Rounder,LHB,Left Arm Slow Orthodox,Capped,
1,Deepak Chahar,CSK,2022,14.0,No,No,India,29,Bowler,RHB,Right Arm Fast Medium,Capped,2.0
2,MS Dhoni,CSK,2022,12.0,No,Yes,India,40,Wicketkeeper,RHB,-,Capped,
3,Moeen Ali,CSK,2022,8.0,No,Yes,England,34,All-Rounder,LHB,Right Arm Off Spin,Capped,
4,Ambati Rayudu,CSK,2022,6.75,No,No,India,36,Wicketkeeper,RHB,-,Capped,2.0
5,Ruturaj Gaikwad,CSK,2022,6.0,No,Yes,India,25,Batsman,RHB,-,Capped,
6,Dwayne Bravo,CSK,2022,4.4,No,No,West Indies,38,All-Rounder,RHB,Right Arm Fast Medium,Capped,2.0
7,Shivam Dube,CSK,2022,4.0,No,No,India,28,All-Rounder,LHB,Right Arm Fast Medium,Capped,0.5
8,Chris Jordan,CSK,2022,3.6,No,No,England,33,All-Rounder,RHB,Right Arm Fast Medium,Capped,2.0
9,Robin Uthappa,CSK,2022,2.0,No,No,India,36,Batsman,RHB,-,Capped,2.0
10,Mitchell Santner,CSK,2022,1.9,No,No,New Zealand,30,All-Rounder,LHB,Left Arm Slow Orthodox,Capped,1.0
11,Adam Milne,CSK,2022,1.9,No,No,New Zealand,29,Bowler,RHB,Right Arm Fast,Capped,1.5
12,Rajvardhan Hangargekar,CSK,2022,1.5,No,No,India,19,All-Rounder,RHB,Right Arm Fast,Uncapped,0.3
13,Prashant Solanki,CSK,2022,1.2,No,No,India,22,Bowler,RHB,Right Arm Leg Spin,Uncapped,0.2
14,Devon Conway,CSK,2022,1.0,No,No,New Zealand,30,Batsman,LHB,Right Arm Medium,Capped,1.0
15,Maheesh Theekshana,CSK,2022,0.7,No,No,Sri Lanka,21,Bowler,RHB,Right Arm Off Spin,Capped,0.5
16,Dwaine Pretorius,CSK,2022,0.5,No,No,South Africa,33,All-Rounder,RHB,Right Arm Fast Medium,Capped,0.5
17,Narayan Jagadeesan,CSK,2022,0.2,No,No,India,26,Wicketkeeper,RHB,-,Uncapped,0.2
18,KM Asif,CSK,2022,0.2,No,No,India,28,Bowler,RHB,Right Arm Fast,Uncapped,0.2
19,Tushar Deshpande,CSK,2022,0.2,No,No,India,26,Bowler,LHB,Right Arm Fast,Uncapped,0.2
20,Subhranshu Senapati,CSK,2022,0.2,No,No,India,25,Batsman,RHB,Right Arm Fast Medium,Uncapped,0.2
21,Bhagath Varma,CSK,2022,0.2,No,No,India,23,All-Rounder,RHB,Right Arm Off Spin,Uncapped,0.2
22,Simarjeet Singh,CSK,2022,0.2,No,No,India,24,Bowler,RHB,Right Arm Fast,Uncapped,0.2
23,Hari Nishaanth,CSK,2022,0.2,No,No,India,25,Batsman,LHB,Right Arm Off Spin,Uncapped,0.2
24,Mukesh Choudhary,CSK,2022,0.2,No,No,India,25,Bowler,LHB,Left Arm Fast,Uncapped,0.2
25,Rishabh Pant,DC,2022,16.0,No,Yes,India,24,Wicketkeeper,LHB,-,Capped,
26,Shardul Thakur,DC,2022,10.75,No,No,India,30,Bowler,RHB,Right Arm Fast Medium,Capped,2.0
27,Axar Patel,DC,2022,9.0,No,Yes,India,28,All-Rounder,LHB,Left Arm Slow Orthodox,Capped,
28,Prithvi Shaw,DC,2022,7.5,No,Yes,India,22,Batsman,RHB,-,Capped,
29,Mitchell Marsh,DC,2022,6.5,No,No,Australia,30,All-Rounder,RHB,Right Arm Fast Medium,Capped,2.0
30,Anrich Nortje,DC,2022,6.5,No,Yes,South Africa,28,Bowler,RHB,Right Arm Fast,Capped,
31,David Warner,DC,2022,6.25,No,No,Australia,35,Batsman,LHB,-,Capped,2.0
32,Khaleel Ahmed,DC,2022,5.25,No,No,India,24,Bowler,RHB,Left Arm Fast,Capped,0.5
33,Chetan Sakariya,DC,2022,4.2,No,No,India,24,Bowler,LHB,Left Arm Fast Medium,Capped,0.5
34,Rovman Powell,DC,2022,2.8,No,No,West Indies,28,Batsman,RHB,Right Arm Fast Medium,Capped,0.75
35,Kuldeep Yadav,DC,2022,2.0,No,No,India,27,Bowler,LHB,Left Arm Slow Unorthodox,Capped,1.0
36,KS Bharat,DC,2022,2.0,No,No,India,28,Wicketkeeper,RHB,-,Uncapped,0.2
37,Mustafizur Rahman,DC,2022,2.0,No,No,Bangladesh,26,Bowler,LHB,Left Arm Fast Medium,Capped,2.0
38,Kamlesh Nagarkoti,DC,2022,1.1,No,No,India,22,All-Rounder,RHB,Right Arm Fast Medium,Uncapped,0.4
39,Mandeep Singh,DC,2022,1.1,No,No,India,30,Batsman,RHB,Right Arm Medium,Capped,0.5
40,Lalit Yadav,DC,2022,0.65,No,No,India,25,All-Rounder,RHB,Right Arm Off Spin,Uncapped,0.2
41,Yash Dhull,DC,2022,0.5,No,No,India,19,All-Rounder,RHB,Right Arm Off Spin,Uncapped,0.2
42,Lungi Ngidi,DC,2022,0.5,No,No,South Africa,26,Bowler,RHB,Right Arm Fast,Capped,0.5
43,Tim Seifert,DC,2022,0.5,No,No,New Zealand,27,Wicketkeeper,RHB,-,Capped,0.5
44,Pravin Dubey,DC,2022,0.5,No,No,India,28,All-Rounder,RHB,Right Arm Leg Spin,Uncapped,0.2
45,Ashwin Hebbar,DC,2022,0.2,No,No,India,26,Batsman,RHB,Right Arm Medium,Uncapped,0.2
46,Ripal Patel,DC,2022,0.2,No,No,India,26,All-Rounder,RHB,Right Arm Fast Medium,Uncapped,0.2
47,Vicky Ostwal,DC,2022,0.2,No,No,India,19,All-Rounder,RHB,Left Arm Slow Orthodox,Uncapped,0.2
48,Sarfaraz Khan,DC,2022,0.2,No,No,India,24,All-Rounder,RHB,Right Arm Leg Spin,Uncapped,0.2
49,Rohit Sharma,MI,2022,16.0,No,Yes,India,34,Batsman,RHB,-,Capped,
50,Ishan Kishan,MI,2022,15.25,No,No,India,23,Wicketkeeper,LHB,-,Capped,2.0
51,Jasprit Bumrah,MI,2022,12.0,No,Yes,India,28,Bowler,RHB,Right Arm Fast,Capped,
52,Tim David,MI,2022,8.25,No,No,Australia,26,All-Rounder,RHB,Right Arm Off Spin,Uncapped,0.4
53,Jofra Archer,MI,2022,8.0,No,No,England,27,All-Rounder,RHB,Right Arm Fast,Capped,2.0
54,Suryakumar Yadav,MI,2022,8.0,No,Yes,India,31,Batsman,RHB,-,Capped,
55,Kieron Pollard,MI,2022,6.0,No,Yes,West Indies,34,All-Rounder,RHB,Right Arm Medium,Capped,
56,Dewald Brevis,MI,2022,3.0,No,No,South Africa,18,Batsman,RHB,Right Arm Leg Spin,Uncapped,0.2
57,Daniel Sams,MI,2022,2.6,No,No,Australia,29,All-Rounder,RHB,Left Arm Fast Medium,Capped,1.0
58,Tilak Varma,MI,2022,1.7,No,No,India,19,All-Rounder,LHB,Right Arm Off Spin,Uncapped,0.2
59,Murugan Ashwin,MI,2022,1.6,No,No,India,31,Bowler,RHB,Right Arm Leg Spin,Uncapped,0.2
60,Tymal Mills,MI,2022,1.5,No,No,England,29,Bowler,RHB,Left Arm Fast,Capped,1.0
61,Jaydev Unadkat,MI,2022,1.3,No,No,India,30,Bowler,RHB,Left Arm Fast Medium,Capped,0.75
62,Riley Meredith,MI,2022,1.0,No,No,Australia,25,Bowler,RHB,Right Arm Fast,Capped,1.0
63,Fabian Allen,MI,2022,0.75,No,No,West Indies,26,All-Rounder,RHB,Left Arm Slow Orthodox,Capped,0.75
64,Mayank Markande,MI,2022,0.65,No,No,India,24,Bowler,RHB,Right Arm Leg Spin,Capped,0.5
65,Sanjay Yadav,MI,2022,0.5,No,No,India,26,All-Rounder,LHB,Left Arm Slow Orthodox,Uncapped,0.2
66,Basil Thampi,MI,2022,0.3,No,No,India,28,Bowler,RHB,Right Arm Fast Medium,Uncapped,0.3
67,Arjun Tendulkar,MI,2022,0.3,No,No,India,22,All-Rounder,LHB,Left Arm Fast Medium,Uncapped,0.2
68,Ramandeep Singh,MI,2022,0.2,No,No,India,24,All-Rounder,RHB,Right Arm Fast,Uncapped,0.2
69,Anmolpreet Singh,MI,2022,0.2,No,No,India,24,Batsman,RHB,Right Arm Off Spin,Uncapped,0.2
70,Aryan Juyal,MI,2022,0.2,No,No,India,20,Wicketkeeper,RHB,-,Uncapped,0.2
71,Arshad Khan,MI,2022,0.2,No,No,India,24,All-Rounder,LHB,Left Arm Fast Medium,Uncapped,0.2
72,Rahul Buddhi,MI,2022,0.2,No,No,India,24,Batsman,LHB,Right Arm Leg Spin,Uncapped,0.2
73,Hrithik Shokeen,MI,2022,0.2,No,No,India,21,All-Rounder,RHB,Right Arm Off Spin,Uncapped,0.2
74,KL Rahul,LSG,2022,17.0,No,Yes,India,29,Wicketkeeper,RHB,-,Capped,
75,Avesh Khan,LSG,2022,10.0,No,No,India,25,Bowler,RHB,Right Arm Fast,Uncapped,0.2
76,Marcus Stoinis,LSG,2022,9.2,No,Yes,Australia,32,All-Rounder,RHB,Right Arm Medium,Capped,
77,Jason Holder,LSG,2022,8.75,No,No,West Indies,30,All-Rounder,RHB,Right Arm Fast,Capped,1.5
78,Krunal Pandya,LSG,2022,8.25,No,No,India,31,All-Rounder,LHB,Left Arm Slow Orthodox,Capped,2.0
79,Mark Wood,LSG,2022,7.5,No,No,England,32,Bowler,RHB,Right Arm Fast,Capped,2.0
80,Quinton de Kock,LSG,2022,6.75,No,No,South Africa,29,Wicketkeeper,LHB,-,Capped,2.0
81,Deepak Hooda,LSG,2022,5.75,No,No,India,26,All-Rounder,RHB,Right Arm Off Spin,Uncapped,0.4
82,Manish Pandey,LSG,2022,4.6,No,No,India,32,Batsman,RHB,Right Arm Off Spin,Capped,1.0
83,Ravi Bishnoi,LSG,2022,4.0,No,Yes,India,21,Bowler,RHB,Right Arm Leg Spin,Uncapped,
84,Evin Lewis,LSG,2022,2.0,No,No,West Indies,30,Batsman,LHB,-,Capped,2.0
85,Dushmantha Chameera,LSG,2022,2.0,No,No,Sri Lanka,30,Bowler,RHB,Right Arm Fast,Capped,0.5
86,Krishnappa Gowtham,LSG,2022,0.9,No,No,India,33,All-Rounder,RHB,Right Arm Off Spin,Capped,0.5
87,Kyle Mayers,LSG,2022,0.5,No,No,West Indies,29,All-Rounder,LHB,Right Arm Fast Medium,Capped,0.5
88,Shahbaz Nadeem,LSG,2022,0.5,No,No,India,32,Bowler,RHB,Left Arm Slow Orthodox,Capped,0.5
89,Ankit Rajpoot,LSG,2022,0.5,No,No,India,28,Bowler,RHB,Right Arm Fast Medium,Uncapped,0.2
90,Mohsin Khan,LSG,2022,0.2,No,No,India,23,Bowler,LHB,Left Arm Fast Medium,Uncapped,0.2
91,Ayush Badoni,LSG,2022,0.2,No,No,India,22,All-Rounder,RHB,Right Arm Off Spin,Uncapped,0.2
92,Karan Sharma,LSG,2022,0.2,No,No,India,23,All-Rounder,RHB,Right Arm Off Spin,Uncapped,0.2
93,Mayank Yadav,LSG,2022,0.2,No,No,India,19,Bowler,RHB,Right Arm Fast Medium,Uncapped,0.2
94,Manan Vohra,LSG,2022,0.2,No,No,India,28,Batsman,RHB,-,Uncapped,0.2
95,Rashid Khan,GT,2022,15.0,No,Yes,Afghanistan,23,Bowler,RHB,Right Arm Leg Spin,Capped,
96,Hardik Pandya,GT,2022,15.0,No,Yes,India,28,All-Rounder,RHB,Right Arm Fast Medium,Capped,
97,Lockie Ferguson,GT,2022,10.0,No,No,New Zealand,30,Bowler,RHB,Right Arm Fast,Capped,2.0
98,Rahul Tewatia,GT,2022,9.0,No,No,India,28,All-Rounder,LHB,Right Arm Leg Spin,Uncapped,0.4
99,Shubman Gill,GT,2022,8.0,No,Yes,India,22,Batsman,RHB,-,Capped,
100,Mohammed Shami,GT,2022,6.25,No,No,India,32,Bowler,RHB,Right Arm Fast,Capped,2.0
101,Yash Dayal,GT,2022,3.2,No,No,India,24,Bowler,RHB,Left Arm Fast,Uncapped,0.2
102,Sai Kishore,GT,2022,3.0,No,No,India,25,Bowler,LHB,Left Arm Slow Orthodox,Uncapped,0.2
103,David Miller,GT,2022,3.0,No,No,South Africa,32,Batsman,LHB,-,Capped,1.0
104,Abhinav Manohar,GT,2022,2.6,No,No,India,27,Batsman,RHB,Right Arm Leg Spin,Uncapped,0.2
105,Alzarri Joseph,GT,2022,2.4,No,No,West Indies,25,Bowler,RHB,Right Arm Fast,Capped,0.75
106,Matthew Wade,GT,2022,2.4,No,No,Australia,34,Wicketkeeper,LHB,-,Capped,2.0
107,Jason Roy,GT,2022,2.0,No,No,England,31,Batsman,RHB,-,Capped,2.0
108,Wriddhiman Saha,GT,2022,1.9,No,No,India,37,Wicketkeeper,RHB,-,Capped,1.0
109,Jayant Yadav,GT,2022,1.7,No,No,India,32,All-Rounder,RHB,Right Arm Off Spin,Capped,1.0
110,Vijay Shankar,GT,2022,1.4,No,No,India,31,All-Rounder,RHB,Right Arm Fast Medium,Capped,0.5
111,Dominic Drakes,GT,2022,1.1,No,No,West Indies,24,All-Rounder,LHB,Left Arm Fast,Capped,0.75
112,Varun Aaron,GT,2022,0.5,No,No,India,32,Bowler,RHB,Right Arm Fast,Capped,0.5
113,Gurkeerat Singh Mann,GT,2022,0.5,No,No,India,31,All-Rounder,RHB,Right Arm Off Spin,Capped,0.5
114,Noor Ahmad,GT,2022,0.3,No,No,Afghanistan,17,Bowler,RHB,Left Arm Slow Unorthodox,Uncapped,0.3
115,Darshan Nalkande,GT,2022,0.2,No,No,India,23,All-Rounder,RHB,Right Arm Fast Medium,Uncapped,0.2
116,Sai Sudharsan,GT,2022,0.2,No,No,India,20,All-Rounder,LHB,Right Arm Leg Spin,Uncapped,0.2
117,Pradeep Sangwan,GT,2022,0.2,No,No,India,31,All-Rounder,RHB,Left Arm Fast,Uncapped,0.2
118,Shreyas Iyer,KKR,2022,12.25,No,No,India,27,Batsman,RHB,Right Arm Leg Spin,Capped,2.0
119,Andre Russell,KKR,2022,12.0,No,Yes,West Indies,33,All-Rounder,RHB,Right Arm Fast,Capped,
120,Nitish Rana,KKR,2022,8.0,No,No,India,28,All-Rounder,LHB,Right Arm Off Spin,Capped,1.0
121,Varun Chakravarthy,KKR,2022,8.0,No,Yes,India,30,Bowler,RHB,Right Arm Leg Spin,Capped,
122,Venkatesh Iyer,KKR,2022,8.0,No,Yes,India,27,All-Rounder,LHB,Right Arm Medium,Capped,
123,Shivam Mavi,KKR,2022,7.25,No,No,India,23,All-Rounder,RHB,Right Arm Fast Medium,Uncapped,0.4
124,Pat Cummins,KKR,2022,7.25,No,No,Australia,28,All-Rounder,RHB,Right Arm Fast,Capped,2.0
125,Sunil Narine,KKR,2022,6.0,No,Yes,West Indies,33,Bowler,LHB,Right Arm Off Spin,Capped,
126,Umesh Yadav,KKR,2022,2.0,No,No,India,34,Bowler,RHB,Right Arm Fast,Capped,2.0
127,Sam Billings,KKR,2022,2.0,No,No,England,30,Wicketkeeper,RHB,-,Capped,2.0
128,Tim Southee,KKR,2022,1.5,No,No,New Zealand,33,Bowler,RHB,Right Arm Fast,Capped,1.5
129,Alex Hales,KKR,2022,1.5,No,No,England,33,Batsman,RHB,-,Capped,1.5
130,Mohammad Nabi,KKR,2022,1.0,No,No,Afghanistan,37,All-Rounder,RHB,Right Arm Off Spin,Capped,1.0
131,Ajinkya Rahane,KKR,2022,1.0,No,No,India,33,Batsman,RHB,-,Capped,1.0
132,Sheldon Jackson,KKR,2022,0.6,No,No,India,35,Wicketkeeper,RHB,-,Uncapped,0.3
133,Rinku Singh,KKR,2022,0.55,No,No,India,24,Batsman,LHB,Right Arm Off Spin,Uncapped,0.2
134,Ashok Sharma,KKR,2022,0.55,No,No,India,19,Bowler,RHB,Right Arm Fast Medium,Uncapped,0.2
135,Chamika Karunaratne,KKR,2022,0.5,No,No,Sri Lanka,25,All-Rounder,RHB,Right Arm Fast Medium,Capped,0.5
136,Abhijeet Tomar,KKR,2022,0.4,No,No,India,27,Batsman,RHB,Right Arm Off Spin,Uncapped,0.2
137,Anukul Roy,KKR,2022,0.2,No,No,India,23,All-Rounder,LHB,Left Arm Slow Orthodox,Uncapped,0.2
138,Pratham Singh,KKR,2022,0.2,No,No,India,29,Batsman,LHB,Right Arm Off Spin,Uncapped,0.2
139,Rasikh Dar,KKR,2022,0.2,No,No,India,22,Bowler,RHB,Right Arm Fast Medium,Uncapped,0.2
140,Ramesh Kumar,KKR,2022,0.2,No,No,India,23,Batsman,LHB,-,Uncapped,0.2
141,Aman Khan,KKR,2022,0.2,No,No,India,25,All-Rounder,RHB,Right Arm Fast Medium,Uncapped,0.2
142,Baba Indrajith,KKR,2022,0.2,No,No,India,27,Wicketkeeper,RHB,-,Uncapped,0.2
143,Mayank Agarwal,PBKS,2022,12.0,No,Yes,India,30,Batsman,RHB,-,Capped,
144,Liam Livingstone,PBKS,2022,11.5,No,No,England,28,All-Rounder,RHB,Right Arm Leg Spin,Capped,1.0
145,Kagiso Rabada,PBKS,2022,9.25,No,No,South Africa,26,Bowler,LHB,Right Arm Fast,Capped,2.0
146,Shahrukh Khan,PBKS,2022,9.0,No,No,India,26,All-Rounder,RHB,Right Arm Off Spin,Uncapped,0.4
147,Shikhar Dhawan,PBKS,2022,8.25,No,No,India,36,Batsman,LHB,-,Capped,2.0
148,Jonny Bairstow,PBKS,2022,6.75,No,No,England,32,Wicketkeeper,RHB,-,Capped,1.5
149,Odean Smith,PBKS,2022,6.0,No,No,West Indies,25,All-Rounder,RHB,Right Arm Fast,Capped,1.0
150,Rahul Chahar,PBKS,2022,5.25,No,No,India,22,Bowler,RHB,Right Arm Leg Spin,Capped,0.75
151,Arshdeep Singh,PBKS,2022,4.0,No,Yes,India,23,Bowler,LHB,Left Arm Fast Medium,Uncapped,
152,Harpreet Brar,PBKS,2022,3.8,No,No,India,26,All-Rounder,LHB,Left Arm Slow Orthodox,Uncapped,0.2
153,Vaibhav Arora,PBKS,2022,2.0,No,No,India,24,Bowler,RHB,Right Arm Fast Medium,Uncapped,0.2
154,Raj Bawa,PBKS,2022,2.0,No,No,India,19,All-Rounder,LHB,Right Arm Fast Medium,Uncapped,0.2
155,Nathan Ellis,PBKS,2022,0.75,No,No,Australia,27,Bowler,RHB,Right Arm Fast Medium,Capped,0.75
156,Prabhsimran Singh,PBKS,2022,0.6,No,No,India,21,Wicketkeeper,RHB,-,Uncapped,0.2
157,Rishi Dhawan,PBKS,2022,0.55,No,No,India,32,All-Rounder,RHB,Right Arm Fast Medium,Capped,0.5
158,Bhanuka Rajapaksa,PBKS,2022,0.5,No,No,Sri Lanka,30,Batsman,LHB,-,Capped,0.5
159,Sandeep Sharma,PBKS,2022,0.5,No,No,India,28,Bowler,RHB,Right Arm Fast Medium,Capped,0.5
160,Benny Howell,PBKS,2022,0.4,No,No,England,33,All-Rounder,RHB,Right Arm Medium,Uncapped,0.4
161,Ishan Porel,PBKS,2022,0.25,No,No,India,23,Bowler,RHB,Right Arm Fast Medium,Uncapped,0.2
162,Prerak Mankad,PBKS,2022,0.2,No,No,India,27,All-Rounder,RHB,Right Arm Medium,Uncapped,0.2
163,Atharva Taide,PBKS,2022,0.2,No,No,India,21,All-Rounder,LHB,Left Arm Slow Orthodox,Uncapped,0.2
164,Ansh Patel,PBKS,2022,0.2,No,No,India,20,All-Rounder,RHB,Left Arm Slow Unorthodox,Uncapped,0.2
165,Jitesh Sharma,PBKS,2022,0.2,No,No,India,28,Wicketkeeper,RHB,-,Uncapped,0.2
166,Writtick Chatterjee,PBKS,2022,0.2,No,No,India,29,All-Rounder,RHB,Right Arm Off Spin,Uncapped,0.2
167,Baltej Singh,PBKS,2022,0.2,No,No,India,31,Bowler,RHB,Right Arm Fast Medium,Uncapped,0.2
168,Sanju Samson,RR,2022,14.0,No,Yes,India,27,Wicketkeeper,RHB,-,Capped,
169,Prasidh Krishna,RR,2022,10.0,No,No,India,26,Bowler,RHB,Right Arm Fast,Capped,1.0
170,Jos Buttler,RR,2022,10.0,No,Yes,England,31,Wicketkeeper,RHB,-,Capped,
171,Shimron Hetmyer,RR,2022,8.5,No,No,West Indies,25,Batsman,LHB,Right Arm Leg Spin,Capped,1.5
172,Trent Boult,RR,2022,8.0,No,No,New Zealand,32,Bowler,RHB,Left Arm Fast Medium,Capped,2.0
173,Devdutt Padikkal,RR,2022,7.75,No,No,India,21,Batsman,LHB,Right Arm Off Spin,Capped,2.0
174,Yuzvendra Chahal,RR,2022,6.5,No,No,India,31,Bowler,RHB,Right Arm Leg Spin,Capped,2.0
175,Ravichandran Ashwin,RR,2022,5.0,No,No,India,35,All-Rounder,RHB,Right Arm Off Spin,Capped,2.0
176,Yashasvi Jaiswal,RR,2022,4.0,No,Yes,India,20,Batsman,LHB,-,Uncapped,
177,Riyan Parag,RR,2022,3.8,No,No,India,20,All-Rounder,RHB,Right Arm Off Spin,Uncapped,0.3
178,Navdeep Saini,RR,2022,2.6,No,No,India,29,Bowler,RHB,Right Arm Fast,Capped,0.75
179,Nathan Coulter-Nile,RR,2022,2.0,No,No,Australia,34,Bowler,RHB,Right Arm Fast Medium,Capped,2.0
180,James Neesham,RR,2022,1.5,No,No,New Zealand,31,All-Rounder,LHB,Right Arm Fast Medium,Capped,1.5
181,Karun Nair,RR,2022,1.4,No,No,India,30,Batsman,RHB,Right Arm Off Spin,Capped,0.5
182,Rassie van der Dussen,RR,2022,1.0,No,No,South Africa,33,Batsman,RHB,Right Arm Off Spin,Capped,1.0
183,Obed McCoy,RR,2022,0.75,No,No,West Indies,25,Bowler,LHB,Left Arm Fast,Capped,0.75
184,Daryl Mitchell,RR,2022,0.75,No,No,New Zealand,30,All-Rounder,RHB,Right Arm Medium,Capped,0.75
185,KC Cariappa,RR,2022,0.3,No,No,India,27,Bowler,RHB,Right Arm Leg Spin,Uncapped,0.2
186,Tejas Baroka,RR,2022,0.2,No,No,India,26,Bowler,RHB,Right Arm Leg Spin,Uncapped,0.2
187,Kuldip Yadav,RR,2022,0.2,No,No,India,25,Bowler,LHB,Left Arm Fast,Uncapped,0.2
188,Dhruv Jurel,RR,2022,0.2,No,No,India,21,Wicketkeeper,RHB,-,Uncapped,0.2
189,Kuldeep Sen,RR,2022,0.2,No,No,India,25,Bowler,RHB,Right Arm Fast Medium,Uncapped,0.2
190,Shubham Garhwal,RR,2022,0.2,No,No,India,26,All-Rounder,LHB,Left Arm Slow Orthodox,Uncapped,0.2
191,Anunay Singh,RR,2022,0.2,No,No,India,29,All-Rounder,RHB,Right Arm Fast Medium,Uncapped,0.2
192,Virat Kohli,RCB,2022,15.0,No,Yes,India,33,Batsman,RHB,-,Capped,
193,Glenn Maxwell,RCB,2022,11.0,No,Yes,Australia,33,All-Rounder,RHB,Right Arm Off Spin,Capped,
194,Harshal Patel,RCB,2022,10.75,No,No,India,31,All-Rounder,RHB,Right Arm Fast Medium,Capped,2.0
195,Wanindu Hasaranga,RCB,2022,10.75,No,No,Sri Lanka,24,All-Rounder,RHB,Right Arm Leg Spin,Capped,1.0
196,Josh Hazlewood,RCB,2022,7.75,No,No,Australia,31,Bowler,LHB,Right Arm Fast,Capped,2.0
197,Faf du Plessis,RCB,2022,7.0,No,No,South Africa,37,Batsman,RHB,Right Arm Leg Spin,Capped,2.0
198,Mohammed Siraj,RCB,2022,7.0,No,Yes,India,27,Bowler,RHB,Right Arm Fast,Capped,
199,Dinesh Karthik,RCB,2022,5.5,No,No,India,36,Wicketkeeper,RHB,-,Capped,2.0
200,Anuj Rawat,RCB,2022,3.4,No,No,India,22,Wicketkeeper,LHB,-,Uncapped,0.2
201,Shahbaz Ahmed,RCB,2022,2.4,No,No,India,27,All-Rounder,LHB,Left Arm Slow Orthodox,Uncapped,0.3
202,David Willey,RCB,2022,2.0,No,No,England,32,All-Rounder,LHB,Left Arm Fast Medium,Capped,2.0
203,Sherfane Rutherford,RCB,2022,1.0,No,No,West Indies,23,All-Rounder,LHB,Right Arm Medium,Capped,1.0
204,Mahipal Lomror,RCB,2022,0.95,No,No,India,22,All-Rounder,LHB,Left Arm Slow Orthodox,Uncapped,0.4
205,Finn Allen,RCB,2022,0.8,No,No,New Zealand,22,Batsman,RHB,Right Arm Off Spin,Capped,0.5
206,Jason Behrendorff,RCB,2022,0.75,No,No,Australia,31,Bowler,RHB,Left Arm Fast Medium,Capped,0.75
207,Siddarth Kaul,RCB,2022,0.75,No,No,India,31,Bowler,RHB,Right Arm Fast Medium,Capped,0.75
208,Karn Sharma,RCB,2022,0.5,No,No,India,34,Bowler,LHB,Right Arm Leg Spin,Capped,0.5
209,Suyash Prabhudessai,RCB,2022,0.3,No,No,India,24,All-Rounder,RHB,Right Arm Fast Medium,Uncapped,0.2
210,Chama Milind,RCB,2022,0.25,No,No,India,27,Bowler,LHB,Left Arm Fast,Uncapped,0.2
211,Aneeshwar Gautam,RCB,2022,0.2,No,No,India,19,All-Rounder,LHB,Left Arm Slow Orthodox,Uncapped,0.2
212,Akash Deep,RCB,2022,0.2,No,No,India,25,Bowler,RHB,Right Arm Fast Medium,Uncapped,0.2
213,Luvnith Sisodia,RCB,2022,0.2,No,No,India,22,Wicketkeeper,LHB,Right Arm Off Spin,Uncapped,0.2
214,Kane Williamson,SRH,2022,14.0,No,Yes,New Zealand,31,Batsman,RHB,-,Capped,
215,Nicholas Pooran,SRH,2022,10.75,No,No,West Indies,26,Wicketkeeper,LHB,-,Capped,1.5
216,Washington Sundar,SRH,2022,8.75,No,No,India,22,All-Rounder,LHB,Right Arm Off Spin,Capped,1.5
217,Rahul Tripathi,SRH,2022,8.5,No,No,India,31,Batsman,RHB,Right Arm Medium,Uncapped,0.4
218,Romario Shepherd,SRH,2022,7.75,No,No,West Indies,27,All-Rounder,RHB,Right Arm Fast Medium,Capped,0.75
219,Abhishek Sharma,SRH,2022,6.5,No,No,India,21,All-Rounder,LHB,Left Arm Slow Orthodox,Uncapped,0.2
220,Bhuvneshwar Kumar,SRH,2022,4.2,No,No,India,32,Bowler,RHB,Right Arm Fast Medium,Capped,2.0
221,Marco Jansen,SRH,2022,4.2,No,No,South Africa,21,All-Rounder,RHB,Left Arm Fast,Capped,0.5
222,Umran Malik,SRH,2022,4.0,No,Yes,India,22,Bowler,RHB,Right Arm Fast,Uncapped,
223,Abdul Samad,SRH,2022,4.0,No,Yes,India,20,All-Rounder,RHB,Right Arm Leg Spin,Uncapped,
224,T Natarajan,SRH,2022,4.0,No,No,India,30,Bowler,LHB,Left Arm Fast,Capped,1.0
225,Kartik Tyagi,SRH,2022,4.0,No,No,India,21,Bowler,RHB,Right Arm Fast Medium,Uncapped,0.2
226,Aiden Markram,SRH,2022,2.6,No,No,South Africa,27,Batsman,RHB,Right Arm Off Spin,Capped,1.0
227,Sean Abbott,SRH,2022,2.4,No,No,Australia,30,Bowler,RHB,Right Arm Fast,Capped,0.75
228,Glenn Phillips,SRH,2022,1.5,No,No,New Zealand,25,Wicketkeeper,RHB,Right Arm Off Spin,Capped,1.5
229,Shreyas Gopal,SRH,2022,0.75,No,No,India,28,Bowler,RHB,Right Arm Leg Spin,Uncapped,0.2
230,Fazalhaq Farooqi,SRH,2022,0.5,No,No,Afghanistan,21,Bowler,RHB,Left Arm Fast Medium,Capped,0.5
231,Vishnu Vinod,SRH,2022,0.5,No,No,India,28,Wicketkeeper,RHB,-,Uncapped,0.2
232,Priyam Garg,SRH,2022,0.2,No,No,India,21,Batsman,RHB,Right Arm Off Spin,Uncapped,0.2
233,Saurabh Dubey,SRH,2022,0.2,No,No,India,24,Bowler,RHB,Left Arm Fast Medium,Uncapped,0.2
234,Jagadeesha Suchith,SRH,2022,0.2,No,No,India,28,Bowler,LHB,Left Arm Slow Orthodox,Uncapped,0.2
235,Shashank Singh,SRH,2022,0.2,No,No,India,30,All-Rounder,RHB,Right Arm Medium,Uncapped,0.2
236,Ravikumar Samarth,SRH,2022,0.2,No,No,India,29,Batsman,RHB,Right Arm Off Spin,Uncapped,0.2
237,Rahmanullah Gurbaz,GT,2022,0.5,Yes,No,Afghanistan,20,Wicketkeeper,RHB,-,Capped,0.5
238,Aaron Finch,KKR,2022,1.5,Yes,No,Australia,35,Batsman,RHB,Left Arm Slow Orthodox,Capped,1.5
239,Andrew Tye,LSG,2022,1.5,Yes,No,Australia,35,Bowler,RHB,Right Arm Fast Medium,Capped,1.0
240,Rajat Patidar,RCB,2022,0.2,Yes,No,India,28,Batsman,RHB,Right Arm Off Spin,Uncapped,0.2
241,Corbin Bosch,RR,2022,0.2,Yes,No,South Africa,27,All-Rounder,RHB,Right Arm Fast,Uncapped,0.2
242,Harshit Rana,KKR,2022,0.2,Yes,No,India,21,All-Rounder,RHB,Right Arm Fast Medium,Uncapped,
243,Matheesha Pathirana,CSK,2022,0.2,Yes,No,Sri Lanka,19,Bowler,RHB,Right Arm Fast,Uncapped,0.2
244,Kumar Kartikeya,MI,2022,0.2,Yes,No,India,24,All-Rounder,RHB,Left Arm Slow Orthodox,Uncapped,0.2
245,Sushant Mishra,SRH,2022,0.2,Yes,No,India,21,Bowler,LHB,Left Arm Fast Medium,Uncapped,0.2
246,Tristan Stubbs,MI,2022,0.2,Yes,No,South Africa,23,Wicketkeeper,RHB,Right Arm Off Spin,Capped,
247,Akash Madhwal,MI,2022,0.2,Yes,No,India,28,Bowler,RHB,Right Arm Fast Medium,Uncapped,0.2
248,Ben Stokes,CSK,2023,16.25,No,No,England,31,All-Rounder,LHB,Right Arm Fast Medium,Capped,2.0
249,Ravindra Jadeja,CSK,2023,16.0,No,Yes,India,34,All-Rounder,LHB,Left Arm Slow Orthodox,Capped,
250,Deepak Chahar,CSK,2023,14.0,No,Yes,India,30,Bowler,RHB,Right Arm Fast Medium,Capped,
251,MS Dhoni,CSK,2023,12.0,No,Yes,India,41,Wicketkeeper,RHB,-,Capped,
252,Moeen Ali,CSK,2023,8.0,No,Yes,England,35,All-Rounder,LHB,Right Arm Off Spin,Capped,
253,Ambati Rayudu,CSK,2023,6.75,No,Yes,India,37,Batsman,RHB,-,Capped,
254,Ruturaj Gaikwad,CSK,2023,6.0,No,Yes,India,25,Batsman,RHB,-,Capped,
255,Shivam Dube,CSK,2023,4.0,No,Yes,India,29,All-Rounder,LHB,Right Arm Medium,Capped,
256,Mitchell Santner,CSK,2023,1.9,No,Yes,New Zealand,30,All-Rounder,LHB,Left Arm Slow Orthodox,Capped,
257,Rajvardhan Hangargekar,CSK,2023,1.5,No,Yes,India,20,All-Rounder,RHB,Right Arm Fast Medium,Uncapped,
258,Prashant Solanki,CSK,2023,1.2,No,Yes,India,22,Bowler,RHB,Right Arm Leg Spin,Uncapped,
259,Kyle Jamieson,CSK,2023,1.0,No,No,New Zealand,28,Bowler,RHB,Right Arm Fast,Capped,1.0
260,Devon Conway,CSK,2023,1.0,No,Yes,New Zealand,31,Wicketkeeper,LHB,-,Capped,
261,Maheesh Theekshana,CSK,2023,0.7,No,Yes,Sri Lanka,22,Bowler,RHB,Right Arm Off Spin,Capped,
262,Nishant Sindhu,CSK,2023,0.6,No,No,India,18,All-Rounder,LHB,Left Arm Slow Orthodox,Uncapped,0.2
263,Ajinkya Rahane,CSK,2023,0.5,No,No,India,34,Batsman,RHB,-,Capped,0.5
264,Dwaine Pretorius,CSK,2023,0.5,No,Yes,South Africa,33,All-Rounder,RHB,Right Arm Fast Medium,Capped,
265,Matheesha Pathirana,CSK,2023,0.2,No,Yes,Sri Lanka,20,Bowler,RHB,Right Arm Fast,Capped,
266,Mukesh Choudhary,CSK,2023,0.2,No,Yes,India,26,Bowler,LHB,Left Arm Fast Medium,Uncapped,
267,Shaik Rasheed,CSK,2023,0.2,No,No,India,18,Batsman,RHB,Right Arm Leg Spin,Uncapped,0.2
268,Simarjeet Singh,CSK,2023,0.2,No,Yes,India,24,Bowler,RHB,Right Arm Fast Medium,Uncapped,
269,Subhranshu Senapati,CSK,2023,0.2,No,Yes,India,26,Batsman,RHB,-,Uncapped,
270,Bhagath Varma,CSK,2023,0.2,No,No,India,24,All-Rounder,RHB,Right Arm Off Spin,Uncapped,0.2
271,Ajay Mandal,CSK,2023,0.2,No,No,India,27,All-Rounder,LHB,Left Arm Slow Unorthodox,Uncapped,0.2
272,Tushar Deshpande,CSK,2023,0.2,No,Yes,India,27,Bowler,LHB,Right Arm Medium,Uncapped,
273,Rishabh Pant,DC,2023,16.0,No,Yes,India,25,Wicketkeeper,LHB,-,Capped,
274,Axar Patel,DC,2023,12.0,No,Yes,India,28,All-Rounder,LHB,Left Arm Slow Orthodox,Capped,
275,Prithvi Shaw,DC,2023,8.0,No,Yes,India,23,Batsman,RHB,-,Capped,
276,Mitchell Marsh,DC,2023,6.5,No,Yes,Australia,31,All-Rounder,RHB,Right Arm Fast Medium,Capped,
277,Anrich Nortje,DC,2023,6.5,No,Yes,South Africa,29,Bowler,RHB,Right Arm Fast,Capped,
278,David Warner,DC,2023,6.25,No,Yes,Australia,36,Batsman,LHB,-,Capped,
279,Mukesh Kumar,DC,2023,5.5,No,No,India,29,Bowler,RHB,Right Arm Fast Medium,Uncapped,0.2
280,Khaleel Ahmed,DC,2023,5.25,No,Yes,India,25,Bowler,RHB,Left Arm Fast Medium,Capped,
281,Rilee Rossouw,DC,2023,4.6,No,No,South Africa,33,Batsman,LHB,-,Capped,2.0
282,Chetan Sakariya,DC,2023,4.2,No,Yes,India,24,Bowler,LHB,Left Arm Fast Medium,Capped,
283,Rovman Powell,DC,2023,2.8,No,Yes,West Indies,29,All-Rounder,RHB,Right Arm Fast Medium,Capped,
284,Manish Pandey,DC,2023,2.4,No,No,India,33,Batsman,RHB,-,Capped,1.0
285,Mustafizur Rahman,DC,2023,2.0,No,Yes,Bangladesh,27,Bowler,LHB,Left Arm Fast Medium,Capped,
286,Kuldeep Yadav,DC,2023,2.0,No,Yes,India,28,Bowler,LHB,Left Arm Slow Unorthodox,Capped,
287,Phil Salt,DC,2023,2.0,No,No,England,26,Wicketkeeper,RHB,-,Capped,2.0
288,Kamlesh Nagarkoti,DC,2023,1.1,No,Yes,India,22,Bowler,RHB,Right Arm Fast,Uncapped,
289,Lalit Yadav,DC,2023,0.65,No,Yes,India,26,All-Rounder,RHB,Right Arm Off Spin,Uncapped,
290,Ishant Sharma,DC,2023,0.5,No,No,India,34,Bowler,RHB,Right Arm Fast,Capped,0.5
291,Lungi Ngidi,DC,2023,0.5,No,Yes,South Africa,26,Bowler,RHB,Right Arm Fast,Capped,
292,Pravin Dubey,DC,2023,0.5,No,Yes,India,29,All-Rounder,RHB,Right Arm Leg Spin,Uncapped,
293,Yash Dhull,DC,2023,0.5,No,Yes,India,20,Batsman,RHB,-,Uncapped,
294,Ripal Patel,DC,2023,0.2,No,Yes,India,27,All-Rounder,RHB,Right Arm Medium,Uncapped,
295,Aman Khan,DC,2023,0.2,No,Yes,India,26,All-Rounder,RHB,Right Arm Fast Medium,Uncapped,
296,Vicky Ostwal,DC,2023,0.2,No,Yes,India,20,Bowler,LHB,Left Arm Slow Orthodox,Uncapped,
297,Sarfaraz Khan,DC,2023,0.2,No,Yes,India,25,Batsman,RHB,-,Uncapped,
298,Cameron Green,MI,2023,17.5,No,No,Australia,23,All-Rounder,RHB,Right Arm Fast,Capped,2.0
299,Rohit Sharma,MI,2023,16.0,No,Yes,India,35,Batsman,RHB,-,Capped,
300,Ishan Kishan,MI,2023,15.25,No,Yes,India,24,Wicketkeeper,LHB,-,Capped,
301,Jasprit Bumrah,MI,2023,12.0,No,Yes,India,29,Bowler,RHB,Right Arm Fast,Capped,
302,Tim David,MI,2023,8.25,No,Yes,Australia,26,All-Rounder,RHB,Right Arm Off Spin,Capped,
303,Jofra Archer,MI,2023,8.0,No,Yes,England,27,Bowler,RHB,Right Arm Fast,Capped,
304,Suryakumar Yadav,MI,2023,8.0,No,Yes,India,32,Batsman,RHB,-,Capped,
305,Dewald Brevis,MI,2023,3.0,No,Yes,South Africa,19,Batsman,RHB,Right Arm Leg Spin,Uncapped,
306,Tilak Varma,MI,2023,1.7,No,Yes,India,20,All-Rounder,LHB,Right Arm Off Spin,Uncapped,
307,Jhye Richardson,MI,2023,1.5,No,No,Australia,26,Bowler,RHB,Right Arm Fast,Capped,1.5
308,Jason Behrendorff,MI,2023,0.75,No,Yes,Australia,32,Bowler,RHB,Left Arm Fast Medium,Capped,
309,Piyush Chawla,MI,2023,0.5,No,No,India,34,Bowler,LHB,Right Arm Leg Spin,Capped,0.5
310,Arjun Tendulkar,MI,2023,0.3,No,Yes,India,23,All-Rounder,LHB,Left Arm Fast Medium,Uncapped,
311,Kumar Kartikeya,MI,2023,0.2,No,Yes,India,24,Bowler,RHB,Left Arm Slow Orthodox,Uncapped,
312,Duan Jansen,MI,2023,0.2,No,No,South Africa,22,All-Rounder,RHB,Left Arm Fast,Uncapped,0.2
313,Arshad Khan,MI,2023,0.2,No,Yes,India,25,All-Rounder,LHB,Left Arm Fast Medium,Uncapped,
314,Hrithik Shokeen,MI,2023,0.2,No,Yes,India,22,All-Rounder,RHB,Right Arm Off Spin,Uncapped,
315,Akash Madhwal,MI,2023,0.2,No,Yes,India,29,Bowler,RHB,Right Arm Fast Medium,Uncapped,
316,Raghav Goyal,MI,2023,0.2,No,No,India,21,Bowler,LHB,Left Arm Slow Orthodox,Uncapped,0.2
317,Tristan Stubbs,MI,2023,0.2,No,Yes,South Africa,22,Wicketkeeper,RHB,-,Capped,
318,Nehal Wadhera,MI,2023,0.2,No,No,India,22,All-Rounder,LHB,Right Arm Leg Spin,Uncapped,0.2
319,Shams Mulani,MI,2023,0.2,No,No,India,26,All-Rounder,LHB,Left Arm Slow Orthodox,Uncapped,0.2
320,Ramandeep Singh,MI,2023,0.2,No,Yes,India,25,All-Rounder,RHB,Right Arm Medium,Uncapped,
321,Vishnu Vinod,MI,2023,0.2,No,No,India,29,Wicketkeeper,RHB,-,Uncapped,0.2
322,KL Rahul,LSG,2023,17.0,No,Yes,India,30,Wicketkeeper,RHB,-,Capped,
323,Nicholas Pooran,LSG,2023,16.0,No,No,West Indies,27,Wicketkeeper,LHB,-,Capped,2.0
324,Avesh Khan,LSG,2023,10.0,No,Yes,India,26,Bowler,RHB,Right Arm Fast Medium,Capped,
325,Marcus Stoinis,LSG,2023,10.0,No,Yes,Australia,33,All-Rounder,RHB,Right Arm Medium,Capped,
326,Krunal Pandya,LSG,2023,8.25,No,Yes,India,31,All-Rounder,LHB,Left Arm Slow Orthodox,Capped,
327,Mark Wood,LSG,2023,7.5,No,Yes,England,32,Bowler,RHB,Right Arm Fast,Capped,
328,Quinton de Kock,LSG,2023,6.75,No,Yes,South Africa,30,Wicketkeeper,LHB,-,Capped,
329,Deepak Hooda,LSG,2023,5.75,No,Yes,India,27,All-Rounder,RHB,Right Arm Off Spin,Capped,
330,Ravi Bishnoi,LSG,2023,4.0,No,Yes,India,22,Bowler,RHB,Right Arm Leg Spin,Capped,
331,Krishnappa Gowtham,LSG,2023,0.9,No,Yes,India,34,All-Rounder,RHB,Right Arm Off Spin,Capped,
332,Daniel Sams,LSG,2023,0.75,No,No,Australia,30,All-Rounder,RHB,Left Arm Fast,Capped,0.75
333,Amit Mishra,LSG,2023,0.5,No,No,India,40,Bowler,RHB,Right Arm Leg Spin,Capped,0.5
334,Jaydev Unadkat,LSG,2023,0.5,No,No,India,31,Bowler,RHB,Left Arm Fast Medium,Capped,0.5
335,Kyle Mayers,LSG,2023,0.5,No,Yes,West Indies,30,All-Rounder,LHB,Right Arm Medium,Capped,
336,Naveen-ul-Haq,LSG,2023,0.5,No,No,Afghanistan,23,Bowler,RHB,Right Arm Fast Medium,Capped,0.5
337,Romario Shepherd,LSG,2023,0.5,No,No,West Indies,28,All-Rounder,RHB,Right Arm Fast,Capped,0.5
338,Yash Thakur,LSG,2023,0.45,No,No,India,24,Bowler,RHB,Right Arm Fast Medium,Uncapped,0.2
339,Mohsin Khan,LSG,2023,0.2,No,Yes,India,24,Bowler,LHB,Left Arm Fast Medium,Uncapped,
340,Ayush Badoni,LSG,2023,0.2,No,Yes,India,23,All-Rounder,RHB,Right Arm Off Spin,Uncapped,
341,Karan Sharma,LSG,2023,0.2,No,Yes,India,24,All-Rounder,RHB,Right Arm Off Spin,Uncapped,
342,Yudhvir Singh,LSG,2023,0.2,No,No,India,25,All-Rounder,RHB,Right Arm Fast Medium,Uncapped,0.2
343,Mayank Yadav,LSG,2023,0.2,No,Yes,India,20,Bowler,RHB,Right Arm Fast Medium,Uncapped,
344,Prerak Mankad,LSG,2023,0.2,No,No,India,28,All-Rounder,RHB,Right Arm Medium,Uncapped,0.2
345,Swapnil Singh,LSG,2023,0.2,No,No,India,32,All-Rounder,RHB,Left Arm Slow Orthodox,Uncapped,0.2
346,Manan Vohra,LSG,2023,0.2,No,Yes,India,29,Batsman,RHB,-,Uncapped,
347,Hardik Pandya,GT,2023,15.0,No,Yes,India,29,All-Rounder,RHB,Right Arm Fast Medium,Capped,
348,Rashid Khan,GT,2023,15.0,No,Yes,Afghanistan,24,Bowler,RHB,Right Arm Leg Spin,Capped,
349,Rahul Tewatia,GT,2023,9.0,No,Yes,India,29,All-Rounder,LHB,Right Arm Leg Spin,Capped,
350,Shubman Gill,GT,2023,8.0,No,Yes,India,23,Batsman,RHB,-,Capped,
351,Mohammed Shami,GT,2023,6.25,No,Yes,India,32,Bowler,RHB,Right Arm Fast,Capped,
352,Shivam Mavi,GT,2023,6.0,No,No,India,24,Bowler,RHB,Right Arm Fast,Uncapped,0.4
353,Joshua Little,GT,2023,4.4,No,No,Ireland,23,Bowler,RHB,Left Arm Fast,Capped,0.5
354,Yash Dayal,GT,2023,3.2,No,Yes,India,25,Bowler,LHB,Left Arm Fast Medium,Uncapped,
355,Sai Kishore,GT,2023,3.0,No,Yes,India,26,Bowler,LHB,Left Arm Slow Orthodox,Uncapped,
356,David Miller,GT,2023,3.0,No,Yes,South Africa,33,Batsman,LHB,-,Capped,
357,Abhinav Manohar,GT,2023,2.6,No,Yes,India,28,All-Rounder,RHB,Right Arm Leg Spin,Uncapped,
358,Alzarri Joseph,GT,2023,2.4,No,Yes,West Indies,26,Bowler,RHB,Right Arm Fast,Capped,
359,Matthew Wade,GT,2023,2.4,No,Yes,Australia,34,Wicketkeeper,LHB,-,Capped,
360,Kane Williamson,GT,2023,2.0,No,No,New Zealand,32,Batsman,RHB,-,Capped,2.0
361,Wriddhiman Saha,GT,2023,1.9,No,Yes,India,38,Wicketkeeper,RHB,-,Capped,
362,Jayant Yadav,GT,2023,1.7,No,Yes,India,32,All-Rounder,RHB,Right Arm Off Spin,Capped,
363,Vijay Shankar,GT,2023,1.4,No,Yes,India,31,All-Rounder,RHB,Right Arm Medium,Capped,
364,KS Bharat,GT,2023,1.2,No,No,India,29,Wicketkeeper,RHB,-,Uncapped,0.2
365,Mohit Sharma,GT,2023,0.5,No,No,India,34,Bowler,RHB,Right Arm Fast Medium,Capped,0.5
366,Odean Smith,GT,2023,0.5,No,No,West Indies,26,All-Rounder,RHB,Right Arm Fast Medium,Capped,0.5
367,Noor Ahmad,GT,2023,0.3,No,Yes,Afghanistan,17,Bowler,RHB,Left Arm Slow Unorthodox,Capped,
368,Darshan Nalkande,GT,2023,0.2,No,Yes,India,24,Bowler,RHB,Right Arm Fast Medium,Uncapped,
369,Urvil Patel,GT,2023,0.2,No,No,India,24,Wicketkeeper,RHB,-,Uncapped,0.2
370,Sai Sudharsan,GT,2023,0.2,No,Yes,India,21,Batsman,LHB,-,Uncapped,
371,Pradeep Sangwan,GT,2023,0.2,No,Yes,India,32,Bowler,RHB,Left Arm Fast Medium,Uncapped,
372,Andre Russell,KKR,2023,16.0,No,Yes,West Indies,34,All-Rounder,RHB,Right Arm Fast,Capped,
373,Shreyas Iyer,KKR,2023,12.25,No,Yes,India,28,Batsman,RHB,-,Capped,
374,Varun Chakaravarthy,KKR,2023,12.0,No,Yes,India,31,Bowler,RHB,Right Arm Leg Spin,Capped,
375,Shardul Thakur,KKR,2023,10.75,No,Yes,India,31,Bowler,RHB,Right Arm Fast Medium,Capped,
376,Lockie Ferguson,KKR,2023,10.0,No,Yes,New Zealand,31,Bowler,RHB,Right Arm Fast,Capped,
377,Venkatesh Iyer,KKR,2023,8.0,No,Yes,India,28,All-Rounder,LHB,Right Arm Medium,Capped,
378,Nitish Rana,KKR,2023,8.0,No,Yes,India,28,All-Rounder,LHB,Right Arm Off Spin,Capped,
379,Sunil Narine,KKR,2023,6.0,No,Yes,West Indies,34,Bowler,LHB,Right Arm Off Spin,Capped,
380,Umesh Yadav,KKR,2023,2.0,No,Yes,India,35,Bowler,RHB,Right Arm Fast,Capped,
381,Shakib Al Hasan,KKR,2023,1.5,No,No,Bangladesh,36,All-Rounder,LHB,Left Arm Slow Orthodox,Capped,1.5
382,Tim Southee,KKR,2023,1.5,No,Yes,New Zealand,34,Bowler,RHB,Right Arm Fast Medium,Capped,
383,David Wiese,KKR,2023,1.0,No,No,Namibia,37,All-Rounder,RHB,Right Arm Medium,Associate,1.0
384,Narayan Jagadeesan,KKR,2023,0.9,No,No,India,27,Wicketkeeper,RHB,-,Uncapped,0.2
385,Vaibhav Arora,KKR,2023,0.6,No,No,India,25,Bowler,RHB,Right Arm Fast Medium,Uncapped,0.2
386,Rinku Singh,KKR,2023,0.55,No,Yes,India,25,Batsman,LHB,-,Uncapped,
387,Mandeep Singh,KKR,2023,0.5,No,No,India,31,Batsman,RHB,-,Capped,0.5
388,Litton Das,KKR,2023,0.5,No,No,Bangladesh,28,Wicketkeeper,RHB,-,Capped,0.5
389,Rahmanullah Gurbaz,KKR,2023,0.5,No,Yes,Afghanistan,21,Wicketkeeper,RHB,-,Capped,
390,Suyash Sharma,KKR,2023,0.2,No,No,India,19,Bowler,RHB,Right Arm Leg Spin,Uncapped,0.2
391,Harshit Rana,KKR,2023,0.2,No,Yes,India,21,Bowler,RHB,Right Arm Fast Medium,Uncapped,
392,Anukul Roy,KKR,2023,0.2,No,Yes,India,24,All-Rounder,LHB,Left Arm Slow Orthodox,Uncapped,
393,Kulwant Khejroliya,KKR,2023,0.2,No,No,India,31,Bowler,LHB,Left Arm Fast,Uncapped,0.2
394,Sam Curran,PBKS,2023,18.5,No,No,England,24,All-Rounder,LHB,Left Arm Fast Medium,Capped,2.0
395,Liam Livingstone,PBKS,2023,11.5,No,Yes,England,29,All-Rounder,RHB,Right Arm Leg Spin,Capped,
396,Kagiso Rabada,PBKS,2023,9.25,No,Yes,South Africa,27,Bowler,LHB,Right Arm Fast,Capped,
397,Shahrukh Khan,PBKS,2023,9.0,No,Yes,India,27,All-Rounder,RHB,Right Arm Off Spin,Uncapped,
398,Shikhar Dhawan,PBKS,2023,8.25,No,Yes,India,37,Batsman,LHB,-,Capped,
399,Jonny Bairstow,PBKS,2023,6.75,No,Yes,England,33,Wicketkeeper,RHB,-,Capped,
400,Rahul Chahar,PBKS,2023,5.25,No,Yes,India,23,Bowler,RHB,Right Arm Leg Spin,Capped,
401,Arshdeep Singh,PBKS,2023,4.0,No,Yes,India,23,Bowler,LHB,Left Arm Fast Medium,Capped,
402,Harpreet Brar,PBKS,2023,3.8,No,Yes,India,27,Bowler,LHB,Left Arm Slow Orthodox,Uncapped,
403,Raj Bawa,PBKS,2023,2.0,No,Yes,India,20,All-Rounder,LHB,Right Arm Fast Medium,Uncapped,
404,Nathan Ellis,PBKS,2023,0.75,No,Yes,Australia,28,Bowler,RHB,Right Arm Fast Medium,Capped,
405,Prabhsimran Singh,PBKS,2023,0.6,No,Yes,India,22,Wicketkeeper,RHB,-,Uncapped,
406,Rishi Dhawan,PBKS,2023,0.55,No,Yes,India,32,All-Rounder,RHB,Right Arm Fast Medium,Capped,
407,Sikandar Raza,PBKS,2023,0.5,No,No,Zimbabwe,36,All-Rounder,RHB,Right Arm Off Spin,Capped,0.5
408,Bhanuka Rajapaksa,PBKS,2023,0.5,No,Yes,Sri Lanka,31,Batsman,LHB,-,Capped,
409,Harpreet Singh,PBKS,2023,0.4,No,No,India,31,Batsman,LHB,Right Arm Medium,Uncapped,0.2
410,Atharva Taide,PBKS,2023,0.2,No,Yes,India,22,All-Rounder,LHB,Left Arm Slow Orthodox,Uncapped,
411,Mohit Rathee,PBKS,2023,0.2,No,No,India,24,All-Rounder,RHB,Right Arm Leg Spin,Uncapped,0.2
412,Shivam Singh,PBKS,2023,0.2,No,No,India,26,All-Rounder,RHB,Right Arm Off Spin,Uncapped,0.2
413,Vidhwath Kaverappa,PBKS,2023,0.2,No,No,India,24,Bowler,RHB,Right Arm Fast Medium,Uncapped,0.2
414,Jitesh Sharma,PBKS,2023,0.2,No,Yes,India,29,Wicketkeeper,RHB,-,Uncapped,
415,Baltej Singh,PBKS,2023,0.2,No,Yes,India,32,Bowler,RHB,Right Arm Medium,Uncapped,
416,Sanju Samson,RR,2023,14.0,No,Yes,India,28,Wicketkeeper,RHB,-,Capped,
417,Prasidh Krishna,RR,2023,10.0,No,Yes,India,26,Bowler,RHB,Right Arm Fast,Capped,
418,Jos Buttler,RR,2023,10.0,No,Yes,England,32,Wicketkeeper,RHB,-,Capped,
419,Shimron Hetmyer,RR,2023,8.5,No,Yes,West Indies,25,Batsman,LHB,-,Capped,
420,Trent Boult,RR,2023,8.0,No,Yes,New Zealand,33,Bowler,RHB,Left Arm Fast,Capped,
421,Devdutt Padikkal,RR,2023,7.75,No,Yes,India,22,Batsman,LHB,-,Capped,
422,Yuzvendra Chahal,RR,2023,6.5,No,Yes,India,32,Bowler,RHB,Right Arm Leg Spin,Capped,
423,Jason Holder,RR,2023,5.75,No,No,West Indies,31,All-Rounder,RHB,Right Arm Fast,Capped,2.0
424,Ravichandran Ashwin,RR,2023,5.0,No,Yes,India,36,All-Rounder,RHB,Right Arm Off Spin,Capped,
425,Yashasvi Jaiswal,RR,2023,4.0,No,Yes,India,21,Batsman,LHB,-,Uncapped,
426,Riyan Parag,RR,2023,3.8,No,Yes,India,21,All-Rounder,RHB,Right Arm Leg Spin,Uncapped,
427,Navdeep Saini,RR,2023,2.6,No,Yes,India,30,Bowler,RHB,Right Arm Fast,Capped,
428,Adam Zampa,RR,2023,1.5,No,No,Australia,30,Bowler,RHB,Right Arm Leg Spin,Capped,1.5
429,Joe Root,RR,2023,1.0,No,No,England,32,Batsman,RHB,Right Arm Off Spin,Capped,1.0
430,Obed McCoy,RR,2023,0.75,No,Yes,West Indies,25,Bowler,LHB,Left Arm Fast Medium,Capped,
431,Donovan Ferreira,RR,2023,0.5,No,No,South Africa,24,Wicketkeeper,RHB,-,Uncapped,0.2
432,KM Asif,RR,2023,0.3,No,No,India,29,Bowler,RHB,Right Arm Fast,Uncapped,0.3
433,KC Cariappa,RR,2023,0.3,No,Yes,India,28,Bowler,RHB,Right Arm Leg Spin,Uncapped,
434,Kuldeep Sen,RR,2023,0.2,No,Yes,India,26,Bowler,RHB,Right Arm Fast,Uncapped,
435,Dhruv Jurel,RR,2023,0.2,No,Yes,India,21,Wicketkeeper,RHB,-,Uncapped,
436,Kunal Singh Rathore,RR,2023,0.2,No,No,India,20,Wicketkeeper,LHB,-,Uncapped,0.2
437,Abdul Basith,RR,2023,0.2,No,No,India,24,All-Rounder,RHB,Right Arm Off Spin,Uncapped,0.2
438,Akash Vasisht,RR,2023,0.2,No,No,India,28,All-Rounder,LHB,Left Arm Slow Orthodox,Uncapped,0.2
439,Murugan Ashwin,RR,2023,0.2,No,No,India,32,Bowler,RHB,Right Arm Leg Spin,Uncapped,0.2
440,Kuldip Yadav,RR,2023,0.2,No,Yes,India,26,Bowler,RHB,Left Arm Fast Medium,Uncapped,
441,Virat Kohli,RCB,2023,15.0,No,Yes,India,34,Batsman,RHB,-,Capped,
442,Glenn Maxwell,RCB,2023,11.0,No,Yes,Australia,34,All-Rounder,RHB,Right Arm Off Spin,Capped,
443,Harshal Patel,RCB,2023,10.75,No,Yes,India,32,Bowler,RHB,Right Arm Fast Medium,Capped,
444,Wanindu Hasaranga,RCB,2023,10.75,No,Yes,Sri Lanka,25,All-Rounder,RHB,Right Arm Leg Spin,Capped,
445,Josh Hazlewood,RCB,2023,7.75,No,Yes,Australia,31,Bowler,LHB,Right Arm Fast Medium,Capped,
446,Faf du Plessis,RCB,2023,7.0,No,Yes,South Africa,38,Batsman,RHB,-,Capped,
447,Mohammed Siraj,RCB,2023,7.0,No,Yes,India,28,Bowler,RHB,Right Arm Fast,Capped,
448,Dinesh Karthik,RCB,2023,5.5,No,Yes,India,37,Wicketkeeper,RHB,-,Capped,
449,Anuj Rawat,RCB,2023,3.4,No,Yes,India,23,Wicketkeeper,LHB,-,Uncapped,
450,Will Jacks,RCB,2023,3.2,No,No,England,24,Batsman,RHB,Right Arm Off Spin,Capped,1.5
451,Shahbaz Ahmed,RCB,2023,2.4,No,Yes,India,28,All-Rounder,LHB,Left Arm Slow Orthodox,Uncapped,
452,David Willey,RCB,2023,2.0,No,Yes,England,32,All-Rounder,LHB,Left Arm Fast Medium,Capped,
453,Reece Topley,RCB,2023,1.9,No,No,England,29,Bowler,RHB,Left Arm Fast,Capped,0.75
454,Mahipal Lomror,RCB,2023,0.95,No,Yes,India,23,All-Rounder,LHB,Left Arm Slow Orthodox,Uncapped,
455,Finn Allen,RCB,2023,0.8,No,Yes,New Zealand,23,Wicketkeeper,RHB,-,Capped,
456,Siddarth Kaul,RCB,2023,0.75,No,Yes,India,32,Bowler,RHB,Right Arm Fast Medium,Capped,
457,Rajan Kumar,RCB,2023,0.7,No,No,India,26,Bowler,LHB,Left Arm Fast,Uncapped,0.2
458,Avinash Singh,RCB,2023,0.6,No,No,India,24,Bowler,RHB,Right Arm Fast,Uncapped,0.2
459,Karn Sharma,RCB,2023,0.5,No,Yes,India,35,Bowler,LHB,Right Arm Leg Spin,Capped,
460,Suyash Prabhudessai,RCB,2023,0.3,No,Yes,India,25,All-Rounder,RHB,Right Arm Medium,Uncapped,
461,Sonu Yadav,RCB,2023,0.2,No,No,India,23,All-Rounder,RHB,Right Arm Fast Medium,Uncapped,0.2
462,Manoj Bhandage,RCB,2023,0.2,No,No,India,24,All-Rounder,LHB,Right Arm Fast Medium,Uncapped,0.2
463,Akash Deep,RCB,2023,0.2,No,Yes,India,26,Bowler,RHB,Right Arm Fast Medium,Uncapped,
464,Himanshu Sharma,RCB,2023,0.2,No,No,India,24,Bowler,RHB,Right Arm Leg Spin,Uncapped,0.2
465,Rajat Patidar,RCB,2023,0.2,No,Yes,India,29,Batsman,RHB,-,Uncapped,
466,Harry Brook,SRH,2023,13.25,No,No,England,24,Batsman,RHB,Right Arm Medium,Capped,1.5
467,Washington Sundar,SRH,2023,8.75,No,Yes,India,23,All-Rounder,LHB,Right Arm Off Spin,Capped,
468,Rahul Tripathi,SRH,2023,8.5,No,Yes,India,31,Batsman,RHB,-,Capped,
469,Mayank Agarwal,SRH,2023,8.25,No,No,India,32,Batsman,RHB,Right Arm Off Spin,Capped,1.0
470,Abhishek Sharma,SRH,2023,6.5,No,Yes,India,22,All-Rounder,LHB,Left Arm Slow Orthodox,Uncapped,
471,Heinrich Klaasen,SRH,2023,5.25,No,No,South Africa,31,Wicketkeeper,RHB,-,Capped,1.0
472,Bhuvneshwar Kumar,SRH,2023,4.2,No,Yes,India,32,Bowler,RHB,Right Arm Fast Medium,Capped,
473,Marco Jansen,SRH,2023,4.2,No,Yes,South Africa,22,All-Rounder,RHB,Left Arm Fast,Capped,
474,Abdul Samad,SRH,2023,4.0,No,Yes,India,21,All-Rounder,RHB,Right Arm Leg Spin,Uncapped,
475,Umran Malik,SRH,2023,4.0,No,Yes,India,23,Bowler,RHB,Right Arm Fast,Capped,
476,T Natarajan,SRH,2023,4.0,No,Yes,India,31,Bowler,LHB,Left Arm Fast Medium,Capped,
477,Kartik Tyagi,SRH,2023,4.0,No,Yes,India,22,Bowler,RHB,Right Arm Fast,Uncapped,
478,Aiden Markram,SRH,2023,2.6,No,Yes,South Africa,28,Batsman,RHB,Right Arm Off Spin,Capped,
479,Vivrant Sharma,SRH,2023,2.6,No,No,India,23,All-Rounder,LHB,Right Arm Leg Spin,Uncapped,0.2
480,Adil Rashid,SRH,2023,2.0,No,No,England,35,Bowler,RHB,Right Arm Leg Spin,Capped,2.0
481,Mayank Dagar,SRH,2023,1.8,No,No,India,26,All-Rounder,RHB,Left Arm Slow Orthodox,Uncapped,0.2
482,Glenn Phillips,SRH,2023,1.5,No,Yes,New Zealand,26,Wicketkeeper,RHB,-,Capped,
483,Akeal Hosein,SRH,2023,1.0,No,No,West Indies,29,Bowler,LHB,Left Arm Slow Orthodox,Capped,1.0
484,Mayank Markande,SRH,2023,0.5,No,No,India,25,Bowler,RHB,Right Arm Leg Spin,Capped,0.5
485,Fazalhaq Farooqi,SRH,2023,0.5,No,Yes,Afghanistan,22,Bowler,RHB,Left Arm Fast Medium,Capped,
486,Upendra Yadav,SRH,2023,0.25,No,No,India,26,Wicketkeeper,RHB,-,Uncapped,0.2
487,Sanvir Singh,SRH,2023,0.2,No,No,India,26,All-Rounder,RHB,Right Arm Fast,Uncapped,0.2
488,Samarth Vyas,SRH,2023,0.2,No,No,India,27,All-Rounder,RHB,Right Arm Leg Spin,Uncapped,0.2
489,Nitish Kumar Reddy,SRH,2023,0.2,No,No,India,19,Wicketkeeper,RHB,Right Arm Fast Medium,Uncapped,0.2
490,Anmolpreet Singh,SRH,2023,0.2,No,No,India,25,Batsman,RHB,Right Arm Off Spin,Uncapped,0.2
491,Abishek Porel,DC,2023,0.2,Yes,No,India,20,Wicketkeeper,LHB,-,Uncapped,0.2
492,Sandeep Sharma,RR,2023,0.5,Yes,No,India,29,Bowler,RHB,Right Arm Fast Medium,Capped,0.5
493,Sisanda Magala,CSK,2023,0.5,Yes,No,South Africa,32,All-Rounder,RHB,Right Arm Fast,Capped,0.5
494,Sandeep Warrier,MI,2023,0.5,Yes,No,India,32,All-Rounder,RHB,Right Arm Fast,Capped,0.5
495,Riley Meredith,MI,2023,1.5,Yes,No,Australia,26,Bowler,RHB,Right Arm Fast,Capped,1.5
496,Michael Bracewell,RCB,2023,1.0,Yes,No,New Zealand,32,All-Rounder,LHB,Right Arm Off Spin,Capped,1.0
497,Matthew Short,PBKS,2023,0.2,Yes,No,Australia,27,All-Rounder,RHB,Right Arm Off Spin,Uncapped,0.2
498,Akash Singh,CSK,2023,0.2,Yes,No,India,20,Bowler,RHB,Left Arm Fast,Uncapped,0.2
499,Dasun Shanaka,GT,2023,0.5,Yes,No,Sri Lanka,31,All-Rounder,RHB,Right Arm Medium,Capped,0.5
500,Aarya Desai,KKR,2023,0.2,Yes,No,India,19,Batsman,LHB,-,Uncapped,0.2
501,Vijaykumar Vyshak,RCB,2023,0.2,Yes,No,India,26,Bowler,RHB,Right Arm Fast,Uncapped,0.2
502,Jason Roy,KKR,2023,2.8,Yes,No,England,32,Batsman,RHB,-,Capped,1.5
503,Gurnoor Brar,PBKS,2023,0.2,Yes,No,India,22,Bowler,LHB,Right Arm Fast,Uncapped,0.2
504,Wayne Parnell,RCB,2023,0.75,Yes,No,South Africa,33,All-Rounder,LHB,Left Arm Fast,Capped,0.75
505,Arpit Guleria,LSG,2023,0.2,Yes,No,India,25,Bowler,RHB,Right Arm Fast Medium,Uncapped,0.2
506,Priyam Garg,DC,2023,0.2,Yes,No,India,22,All-Rounder,RHB,Right Arm Off Spin,Uncapped,0.2
507,Johnson Charles,KKR,2023,0.5,Yes,No,West Indies,34,Wicketkeeper,RHB,-,Capped,0.5
508,Kedar Jadhav,RCB,2023,1.0,Yes,No,India,37,All-Rounder,RHB,Right Arm Off Spin,Capped,1.0
509,Suryansh Shedge,LSG,2023,0.2,Yes,No,India,20,All-Rounder,RHB,Right Arm Fast Medium,Uncapped,0.2
510,Karun Nair,LSG,2023,0.5,Yes,No,India,31,Batsman,RHB,Right Arm Off Spin,Capped,0.5
511,Chris Jordan,MI,2023,2.0,Yes,No,England,34,Bowler,RHB,Right Arm Fast Medium,Capped,2.0
512,Ravindra Jadeja,CSK,2024,16.0,No,Yes,India,35,All-Rounder,LHB,Left Arm Slow Orthodox,Capped,
513,Daryl Mitchell,CSK,2024,14.0,No,No,New Zealand,32,All-Rounder,RHB,Right Arm Fast Medium,Capped,1.0
514,Deepak Chahar,CSK,2024,14.0,No,Yes,India,31,Bowler,RHB,Right Arm Fast Medium,Capped,
515,MS Dhoni,CSK,2024,12.0,No,Yes,India,42,Wicketkeeper,RHB,-,Capped,
516,Sameer Rizvi,CSK,2024,8.4,No,No,India,20,Batsman,RHB,Right Arm Leg Spin,Uncapped,0.2
517,Ruturaj Gaikwad,CSK,2024,8.0,No,Yes,India,26,Batsman,RHB,-,Capped,
518,Moeen Ali,CSK,2024,6.0,No,Yes,England,36,All-Rounder,LHB,Right Arm Off Spin,Capped,
519,Shivam Dube,CSK,2024,4.0,No,Yes,India,30,All-Rounder,LHB,Right Arm Medium,Capped,
520,Shardul Thakur,CSK,2024,4.0,No,No,India,32,All-Rounder,RHB,Right Arm Fast Medium,Capped,2.0
521,Mustafizur Rahman,CSK,2024,2.0,No,No,Bangladesh,28,Bowler,LHB,Left Arm Fast Medium,Capped,2.0
522,Mitchell Santner,CSK,2024,1.9,No,Yes,New Zealand,31,All-Rounder,LHB,Left Arm Slow Orthodox,Capped,
523,Rachin Ravindra,CSK,2024,1.8,No,No,New Zealand,24,All-Rounder,LHB,Left Arm Slow Orthodox,Capped,0.5
524,Rajvardhan Hangargekar,CSK,2024,1.5,No,Yes,India,21,All-Rounder,RHB,Right Arm Fast Medium,Uncapped,
525,Prashant Solanki,CSK,2024,1.2,No,Yes,India,23,Bowler,RHB,Right Arm Leg Spin,Uncapped,
526,Devon Conway,CSK,2024,1.0,No,Yes,New Zealand,32,Wicketkeeper,LHB,-,Capped,
527,Maheesh Theekshana,CSK,2024,0.7,No,Yes,Sri Lanka,23,Bowler,RHB,Right Arm Off Spin,Capped,
528,Nishant Sindhu,CSK,2024,0.6,No,Yes,India,19,All-Rounder,LHB,Left Arm Slow Orthodox,Uncapped,
529,Ajinkya Rahane,CSK,2024,0.5,No,Yes,India,35,Batsman,RHB,-,Capped,
530,Matheesha Pathirana,CSK,2024,0.2,No,Yes,Sri Lanka,21,Bowler,RHB,Right Arm Fast,Capped,
531,Shaik Rasheed,CSK,2024,0.2,No,Yes,India,19,Batsman,RHB,-,Uncapped,
532,Ajay Mandal,CSK,2024,0.2,No,Yes,India,27,All-Rounder,LHB,Left Arm Slow Orthodox,Uncapped,
533,Simarjeet Singh,CSK,2024,0.2,No,Yes,India,25,Bowler,RHB,Right Arm Fast Medium,Uncapped,
534,Mukesh Choudhary,CSK,2024,0.2,No,Yes,India,27,Bowler,LHB,Left Arm Fast Medium,Uncapped,
535,Tushar Deshpande,CSK,2024,0.2,No,Yes,India,28,Bowler,LHB,Right Arm Medium,Uncapped,
536,Aravelly Rao,CSK,2024,0.2,No,No,India,18,Wicketkeeper,LHB,-,Uncapped,0.2
537,Rishabh Pant,DC,2024,16.0,No,Yes,India,26,Wicketkeeper,LHB,-,Capped,
538,Axar Patel,DC,2024,12.0,No,Yes,India,29,All-Rounder,LHB,Left Arm Slow Orthodox,Capped,
539,Prithvi Shaw,DC,2024,8.0,No,Yes,India,24,Batsman,RHB,-,Capped,
540,Kumar Kushagra,DC,2024,7.2,No,No,India,19,Wicketkeeper,RHB,-,Uncapped,0.2
541,Mitchell Marsh,DC,2024,6.5,No,Yes,Australia,32,All-Rounder,RHB,Right Arm Fast Medium,Capped,
542,Anrich Nortje,DC,2024,6.5,No,Yes,South Africa,30,Bowler,RHB,Right Arm Fast,Capped,
543,David Warner,DC,2024,6.25,No,Yes,Australia,37,Batsman,LHB,-,Capped,
544,Mukesh Kumar,DC,2024,5.5,No,Yes,India,30,Bowler,RHB,Right Arm Fast Medium,Capped,
545,Khaleel Ahmed,DC,2024,5.25,No,Yes,India,26,Bowler,RHB,Left Arm Fast Medium,Capped,
546,Jhye Richardson,DC,2024,5.0,No,No,Australia,27,Bowler,RHB,Right Arm Fast,Capped,1.5
547,Harry Brook,DC,2024,4.0,No,No,England,25,Batsman,RHB,-,Capped,2.0
548,Kuldeep Yadav,DC,2024,2.0,No,Yes,India,29,Bowler,LHB,Left Arm Slow Unorthodox,Capped,
549,Sumit Kumar,DC,2024,1.0,No,No,India,28,All-Rounder,RHB,Right Arm Fast,Uncapped,0.2
550,Shai Hope,DC,2024,0.75,No,No,West Indies,30,Wicketkeeper,RHB,-,Capped,0.75
551,Lalit Yadav,DC,2024,0.65,No,Yes,India,28,Bowler,RHB,Right Arm Fast,Uncapped,
552,Ishant Sharma,DC,2024,0.5,No,Yes,India,35,Bowler,RHB,Right Arm Fast Medium,Capped,
553,Lungi Ngidi,DC,2024,0.5,No,Yes,South Africa,27,Bowler,RHB,Right Arm Fast,Capped,
554,Pravin Dubey,DC,2024,0.5,No,Yes,India,30,All-Rounder,RHB,Right Arm Leg Spin,Uncapped,
555,Yash Dhull,DC,2024,0.5,No,Yes,India,21,Batsman,RHB,-,Uncapped,
556,Tristan Stubbs,DC,2024,0.5,No,No,South Africa,23,Wicketkeeper,RHB,Right Arm Off Spin,Capped,0.5
557,Rasikh Dar,DC,2024,0.2,No,No,India,24,Bowler,RHB,Right Arm Fast Medium,Uncapped,0.2
558,Abishek Porel,DC,2024,0.2,No,Yes,India,21,Wicketkeeper,LHB,-,Uncapped,
559,Vicky Ostwal,DC,2024,0.2,No,Yes,India,21,Bowler,LHB,Left Arm Slow Orthodox,Uncapped,
560,Ricky Bhui,DC,2024,0.2,No,No,India,27,Wicketkeeper,RHB,-,Uncapped,0.2
561,Swastik Chikara,DC,2024,0.2,No,No,India,18,Batsman,RHB,-,Uncapped,0.2
562,Rohit Sharma,MI,2024,16.0,No,Yes,India,36,Batsman,RHB,-,Capped,
563,Ishan Kishan,MI,2024,15.25,No,Yes,India,25,Wicketkeeper,LHB,-,Capped,
564,Hardik Pandya,MI,2024,15.0,No,No,India,30,All-Rounder,RHB,Right Arm Fast Medium,Capped,0.0
565,Jasprit Bumrah,MI,2024,12.0,No,Yes,India,30,Bowler,RHB,Right Arm Fast,Capped,
566,Tim David,MI,2024,8.25,No,Yes,Australia,27,All-Rounder,RHB,Right Arm Off Spin,Capped,
567,Suryakumar Yadav,MI,2024,8.0,No,Yes,India,33,Batsman,RHB,-,Capped,
568,Gerald Coetzee,MI,2024,5.0,No,No,South Africa,23,All-Rounder,RHB,Right Arm Fast,Capped,2.0
569,Nuwan Thushara,MI,2024,4.8,No,No,Sri Lanka,29,Bowler,RHB,Right Arm Fast Medium,Capped,0.5
570,Dilshan Madushanka,MI,2024,4.6,No,No,Sri Lanka,23,Bowler,RHB,Left Arm Fast,Capped,0.5
571,Dewald Brevis,MI,2024,3.0,No,Yes,South Africa,20,All-Rounder,RHB,Right Arm Leg Spin,Capped,
572,Tilak Varma,MI,2024,1.7,No,Yes,India,21,All-Rounder,LHB,Right Arm Off Spin,Capped,
573,Mohammad Nabi,MI,2024,1.5,No,No,Afghanistan,39,All-Rounder,RHB,Right Arm Off Spin,Capped,1.5
574,Jason Behrendorff,MI,2024,0.75,No,Yes,Australia,33,Bowler,RHB,Left Arm Fast Medium,Capped,
575,Piyush Chawla,MI,2024,0.5,No,Yes,India,34,Bowler,LHB,Right Arm Leg Spin,Capped,
576,Romario Shepherd,MI,2024,0.5,No,No,West Indies,29,All-Rounder,RHB,Right Arm Fast Medium,Capped,0.0
577,Arjun Tendulkar,MI,2024,0.3,No,Yes,India,24,All-Rounder,LHB,Left Arm Fast Medium,Uncapped,
578,Shams Mulani,MI,2024,0.2,No,Yes,India,26,All-Rounder,LHB,Left Arm Slow Orthodox,Uncapped,
579,Akash Madhwal,MI,2024,0.2,No,Yes,India,30,Bowler,RHB,Right Arm Fast Medium,Uncapped,
580,Kumar Kartikeya,MI,2024,0.2,No,Yes,India,25,Bowler,RHB,Left Arm Slow Orthodox,Uncapped,
581,Vishnu Vinod,MI,2024,0.2,No,Yes,India,30,Wicketkeeper,RHB,-,Uncapped,
582,Shivalik Sharma,MI,2024,0.2,No,No,India,25,All-Rounder,LHB,Right Arm Leg Spin,Uncapped,0.2
583,Naman Dhir,MI,2024,0.2,No,No,India,24,All-Rounder,RHB,Right Arm Off Spin,Uncapped,0.2
584,Nehal Wadhera,MI,2024,0.2,No,Yes,India,23,All-Rounder,LHB,Right Arm Leg Spin,Uncapped,
585,Anshul Kamboj,MI,2024,0.2,No,No,India,23,All-Rounder,RHB,Right Arm Fast Medium,Uncapped,0.2
586,Shreyas Gopal,MI,2024,0.2,No,No,India,30,Bowler,RHB,Right Arm Leg Spin,Uncapped,0.2
587,KL Rahul,LSG,2024,17.0,No,Yes,India,31,Wicketkeeper,RHB,-,Capped,
588,Nicholas Pooran,LSG,2024,16.0,No,Yes,West Indies,28,Wicketkeeper,LHB,-,Capped,
589,Marcus Stoinis,LSG,2024,10.0,No,Yes,Australia,34,All-Rounder,RHB,Right Arm Medium,Capped,
590,Krunal Pandya,LSG,2024,8.25,No,Yes,India,32,All-Rounder,LHB,Left Arm Slow Orthodox,Capped,
591,Devdutt Padikkal,LSG,2024,7.75,No,No,India,23,Batsman,LHB,-,Capped,0.0
592,Mark Wood,LSG,2024,7.5,No,Yes,England,33,Bowler,RHB,Right Arm Fast,Capped,
593,Quinton de Kock,LSG,2024,6.75,No,Yes,South Africa,31,Wicketkeeper,LHB,-,Capped,
594,Shivam Mavi,LSG,2024,6.4,No,No,India,25,Bowler,RHB,Right Arm Fast Medium,Capped,0.5
595,Deepak Hooda,LSG,2024,5.75,No,Yes,India,28,All-Rounder,RHB,Right Arm Off Spin,Capped,
596,Ravi Bishnoi,LSG,2024,4.0,No,Yes,India,23,Bowler,RHB,Right Arm Leg Spin,Capped,
597,Manimaran Siddharth,LSG,2024,2.4,No,No,India,25,Bowler,RHB,Left Arm Slow Orthodox,Uncapped,0.2
598,David Willey,LSG,2024,2.0,No,No,England,34,All-Rounder,LHB,Left Arm Fast Medium,Capped,2.0
599,Ashton Turner,LSG,2024,1.0,No,No,Australia,31,Batsman,RHB,Right Arm Off Spin,Capped,1.0
600,Krishnappa Gowtham,LSG,2024,0.9,No,Yes,India,35,All-Rounder,RHB,Right Arm Off Spin,Capped,
601,Amit Mishra,LSG,2024,0.5,No,Yes,India,41,Bowler,RHB,Right Arm Leg Spin,Capped,
602,Kyle Mayers,LSG,2024,0.5,No,Yes,West Indies,31,All-Rounder,LHB,Right Arm Medium,Capped,
603,Naveen-ul-Haq,LSG,2024,0.5,No,Yes,Afghanistan,24,Bowler,RHB,Right Arm Fast Medium,Capped,
604,Yash Thakur,LSG,2024,0.45,No,Yes,India,24,Bowler,RHB,Right Arm Fast Medium,Uncapped,
605,Mohsin Khan,LSG,2024,0.2,No,Yes,India,25,Bowler,LHB,Left Arm Fast Medium,Uncapped,
606,Yudhvir Singh,LSG,2024,0.2,No,Yes,India,26,All-Rounder,RHB,Right Arm Fast,Uncapped,
607,Ayush Badoni,LSG,2024,0.2,No,Yes,India,24,All-Rounder,RHB,Right Arm Off Spin,Uncapped,
608,Mayank Yadav,LSG,2024,0.2,No,Yes,India,21,Bowler,RHB,Right Arm Fast Medium,Uncapped,
609,Arshad Khan,LSG,2024,0.2,No,No,India,26,All-Rounder,LHB,Left Arm Fast,Uncapped,0.2
610,Prerak Mankad,LSG,2024,0.2,No,Yes,India,29,All-Rounder,RHB,Right Arm Medium,Uncapped,
611,Arshin Kulkarni,LSG,2024,0.2,No,No,India,19,All-Rounder,RHB,Right Arm Fast Medium,Uncapped,0.2
612,Rashid Khan,GT,2024,15.0,No,Yes,Afghanistan,25,Bowler,RHB,Right Arm Leg Spin,Capped,
613,Spencer Johnson,GT,2024,10.0,No,No,Australia,28,Bowler,LHB,Left Arm Fast Medium,Capped,0.5
614,Rahul Tewatia,GT,2024,9.0,No,Yes,India,30,All-Rounder,LHB,Right Arm Leg Spin,Capped,
615,Shubman Gill,GT,2024,8.0,No,Yes,India,24,Batsman,RHB,-,Capped,
616,Shahrukh Khan,GT,2024,7.4,No,No,India,28,All-Rounder,RHB,Right Arm Off Spin,Uncapped,0.4
617,Mohammed Shami,GT,2024,6.25,No,Yes,India,33,Bowler,RHB,Right Arm Fast,Capped,
618,Umesh Yadav,GT,2024,5.8,No,No,India,36,Bowler,RHB,Right Arm Fast Medium,Capped,2.0
619,Joshua Little,GT,2024,4.4,No,Yes,Ireland,24,Bowler,RHB,Left Arm Fast Medium,Capped,
620,Robin Minz,GT,2024,3.6,No,No,India,21,Wicketkeeper,LHB,-,Uncapped,0.2
621,Sai Kishore,GT,2024,3.0,No,Yes,India,27,Bowler,LHB,Left Arm Slow Orthodox,Capped,
622,David Miller,GT,2024,3.0,No,Yes,South Africa,34,Batsman,LHB,-,Capped,
623,Abhinav Manohar,GT,2024,2.6,No,Yes,India,29,All-Rounder,RHB,Right Arm Leg Spin,Uncapped,
624,Matthew Wade,GT,2024,2.4,No,Yes,Australia,35,Wicketkeeper,LHB,-,Capped,
625,Sushant Mishra,GT,2024,2.2,No,No,India,23,Bowler,LHB,Left Arm Fast,Uncapped,0.2
626,Kane Williamson,GT,2024,2.0,No,Yes,New Zealand,33,Batsman,RHB,-,Capped,
627,Wriddhiman Saha,GT,2024,1.9,No,Yes,India,39,Wicketkeeper,RHB,-,Capped,
628,Jayant Yadav,GT,2024,1.7,No,Yes,India,33,All-Rounder,RHB,Right Arm Off Spin,Capped,
629,Vijay Shankar,GT,2024,1.4,No,Yes,India,32,All-Rounder,RHB,Right Arm Medium,Capped,
630,Kartik Tyagi,GT,2024,0.6,No,No,India,23,Bowler,RHB,Right Arm Fast,Uncapped,0.2
631,Mohit Sharma,GT,2024,0.5,No,Yes,India,35,Bowler,RHB,Right Arm Fast Medium,Capped,
632,Azmatullah Omarzai,GT,2024,0.5,No,No,Afghanistan,24,All-Rounder,RHB,Right Arm Fast Medium,Capped,0.5
633,Noor Ahmad,GT,2024,0.3,No,Yes,Afghanistan,18,Bowler,RHB,Left Arm Slow Unorthodox,Capped,
634,Darshan Nalkande,GT,2024,0.2,No,Yes,India,25,Bowler,RHB,Right Arm Fast Medium,Uncapped,
635,Manav Suthar,GT,2024,0.2,No,No,India,21,Bowler,LHB,Left Arm Slow Orthodox,Uncapped,0.2
636,Sai Sudharsan,GT,2024,0.2,No,Yes,India,22,Batsman,LHB,-,Uncapped,
637,Mitchell Starc,KKR,2024,24.75,No,No,Australia,34,Bowler,LHB,Left Arm Fast,Capped,2.0
638,Andre Russell,KKR,2024,16.0,No,Yes,West Indies,35,All-Rounder,RHB,Right Arm Fast,Capped,
639,Shreyas Iyer,KKR,2024,12.25,No,Yes,India,29,Batsman,RHB,-,Capped,
640,Varun Chakaravarthy,KKR,2024,12.0,No,Yes,India,32,Bowler,RHB,Right Arm Leg Spin,Capped,
641,Nitish Rana,KKR,2024,8.0,No,Yes,India,29,All-Rounder,LHB,Right Arm Off Spin,Capped,
642,Venkatesh Iyer,KKR,2024,8.0,No,Yes,India,29,All-Rounder,LHB,Right Arm Medium,Capped,
643,Sunil Narine,KKR,2024,6.0,No,Yes,West Indies,35,All-Rounder,LHB,Right Arm Off Spin,Capped,
644,Jason Roy,KKR,2024,2.8,No,Yes,England,33,Batsman,RHB,Right Arm Medium,Capped,
645,Mujeeb Ur Rahman,KKR,2024,2.0,No,No,Afghanistan,23,Bowler,RHB,Right Arm Off Spin,Capped,2.0
646,Sherfane Rutherford,KKR,2024,1.5,No,No,West Indies,25,Batsman,LHB,Right Arm Fast Medium,Capped,1.5
647,Gus Atkinson,KKR,2024,1.0,No,No,England,26,Bowler,RHB,Right Arm Fast,Capped,1.0
648,Vaibhav Arora,KKR,2024,0.6,No,Yes,India,26,Bowler,RHB,Right Arm Fast Medium,Uncapped,
649,Rinku Singh,KKR,2024,0.55,No,Yes,India,26,Batsman,LHB,-,Capped,
650,Manish Pandey,KKR,2024,0.5,No,No,India,34,Batsman,RHB,-,Capped,0.5
651,KS Bharat,KKR,2024,0.5,No,No,India,30,Wicketkeeper,RHB,-,Capped,0.5
652,Chetan Sakariya,KKR,2024,0.5,No,No,India,26,Bowler,LHB,Left Arm Medium,Capped,0.5
653,Rahmanullah Gurbaz,KKR,2024,0.5,No,Yes,Afghanistan,22,Wicketkeeper,RHB,-,Capped,
654,Angkrish Raghuvanshi,KKR,2024,0.2,No,No,India,19,Batsman,RHB,Right Arm Off Spin,Uncapped,0.2
655,Harshit Rana,KKR,2024,0.2,No,Yes,India,21,All-Rounder,RHB,Right Arm Fast Medium,Uncapped,
656,Ramandeep Singh,KKR,2024,0.2,No,No,India,26,All-Rounder,RHB,Right Arm Fast Medium,Uncapped,0.2
657,Anukul Roy,KKR,2024,0.2,No,Yes,India,25,All-Rounder,LHB,Left Arm Slow Orthodox,Uncapped,
658,Sakib Hussain,KKR,2024,0.2,No,No,India,19,Bowler,RHB,Right Arm Fast,Uncapped,0.2
659,Suyash Sharma,KKR,2024,0.2,No,Yes,India,20,Bowler,RHB,Right Arm Leg Spin,Uncapped,
660,Sam Curran,PBKS,2024,18.5,No,Yes,England,25,All-Rounder,LHB,Left Arm Fast Medium,Capped,
661,Harshal Patel,PBKS,2024,11.75,No,No,India,33,All-Rounder,RHB,Right Arm Fast Medium,Capped,2.0
662,Liam Livingstone,PBKS,2024,11.5,No,Yes,England,30,All-Rounder,RHB,Right Arm Leg Spin,Capped,
663,Kagiso Rabada,PBKS,2024,9.25,No,Yes,South Africa,28,Bowler,LHB,Right Arm Fast,Capped,
664,Shikhar Dhawan,PBKS,2024,8.25,No,Yes,India,38,Batsman,LHB,-,Capped,
665,Rilee Rossouw,PBKS,2024,8.0,No,No,South Africa,34,Batsman,LHB,-,Capped,2.0
666,Jonny Bairstow,PBKS,2024,6.75,No,Yes,England,34,Wicketkeeper,RHB,-,Capped,
667,Rahul Chahar,PBKS,2024,5.25,No,Yes,India,24,Bowler,RHB,Right Arm Leg Spin,Capped,
668,Chris Woakes,PBKS,2024,4.2,No,No,England,35,All-Rounder,RHB,Right Arm Fast Medium,Capped,2.0
669,Arshdeep Singh,PBKS,2024,4.0,No,Yes,India,24,Bowler,LHB,Left Arm Fast Medium,Capped,
670,Harpreet Brar,PBKS,2024,3.8,No,Yes,India,28,All-Rounder,LHB,Left Arm Slow Orthodox,Uncapped,
671,Nathan Ellis,PBKS,2024,0.75,No,Yes,Australia,29,Bowler,RHB,Right Arm Fast Medium,Capped,
672,Prabhsimran Singh,PBKS,2024,0.6,No,Yes,India,23,Wicketkeeper,RHB,-,Uncapped,
673,Rishi Dhawan,PBKS,2024,0.55,No,Yes,India,33,All-Rounder,RHB,Right Arm Fast Medium,Capped,
674,Sikandar Raza,PBKS,2024,0.5,No,Yes,Zimbabwe,37,All-Rounder,RHB,Right Arm Off Spin,Capped,
675,Harpreet Singh,PBKS,2024,0.4,No,Yes,India,32,Batsman,LHB,-,Uncapped,
676,Atharva Taide,PBKS,2024,0.2,No,Yes,India,23,All-Rounder,LHB,Left Arm Slow Orthodox,Uncapped,
677,Ashutosh Sharma,PBKS,2024,0.2,No,No,India,25,All-Rounder,RHB,Right Arm Medium,Uncapped,0.2
678,Jitesh Sharma,PBKS,2024,0.2,No,Yes,India,30,Wicketkeeper,RHB,-,Capped,
679,Shashank Singh,PBKS,2024,0.2,No,No,India,20,Batsman,RHB,-,Uncapped,0.2
680,Prince Choudhary,PBKS,2024,0.2,No,No,India,24,Bowler,RHB,Right Arm Leg Spin,Uncapped,0.2
681,Shivam Singh,PBKS,2024,0.2,No,Yes,India,27,All-Rounder,RHB,Right Arm Off Spin,Uncapped,
682,Vidwath Kaverappa,PBKS,2024,0.2,No,Yes,India,24,Bowler,RHB,Right Arm Fast Medium,Uncapped,
683,Vishwapratap Singh,PBKS,2024,0.2,No,No,India,25,All-Rounder,RHB,Right Arm Off Spin,Uncapped,0.2
684,Tanay Thyagarajan,PBKS,2024,0.2,No,No,India,28,Bowler,LHB,Left Arm Slow Orthodox,Uncapped,0.2
685,Sanju Samson,RR,2024,14.0,No,Yes,India,29,Wicketkeeper,RHB,-,Capped,
686,Jos Buttler,RR,2024,10.0,No,Yes,England,33,Wicketkeeper,RHB,-,Capped,
687,Prasidh Krishna,RR,2024,10.0,No,Yes,India,27,Bowler,RHB,Right Arm Fast,Capped,
688,Avesh Khan,RR,2024,10.0,No,No,India,27,Bowler,RHB,Right Arm Fast Medium,Capped,0.0
689,Shimron Hetmyer,RR,2024,8.5,No,Yes,West Indies,26,Batsman,LHB,-,Capped,
690,Trent Boult,RR,2024,8.0,No,Yes,New Zealand,34,Bowler,RHB,Left Arm Fast,Capped,
691,Rovman Powell,RR,2024,7.4,No,No,West Indies,30,Batsman,RHB,Right Arm Medium,Capped,1.0
692,Yuzvendra Chahal,RR,2024,6.5,No,Yes,India,33,Bowler,RHB,Right Arm Leg Spin,Capped,
693,Shubham Dubey,RR,2024,5.8,No,No,India,29,Batsman,LHB,-,Uncapped,0.2
694,Ravichandran Ashwin,RR,2024,5.0,No,Yes,India,37,All-Rounder,RHB,Right Arm Off Spin,Capped,
695,Yashasvi Jaiswal,RR,2024,4.0,No,Yes,India,21,Batsman,LHB,-,Capped,
696,Riyan Parag,RR,2024,3.8,No,Yes,India,22,All-Rounder,RHB,Right Arm Leg Spin,Uncapped,
697,Navdeep Saini,RR,2024,2.6,No,Yes,India,31,Bowler,RHB,Right Arm Fast,Capped,
698,Adam Zampa,RR,2024,1.5,No,Yes,Australia,31,Bowler,RHB,Right Arm Leg Spin,Capped,
699,Sandeep Sharma,RR,2024,0.5,No,Yes,India,30,Bowler,RHB,Right Arm Medium,Capped,
700,Donovan Ferreira,RR,2024,0.5,No,Yes,South Africa,25,Wicketkeeper,RHB,-,Uncapped,
701,Nandre Burger,RR,2024,0.5,No,No,South Africa,28,Bowler,LHB,Left Arm Fast,Uncapped,0.2
702,Tom Kohler-Cadmore,RR,2024,0.4,No,No,England,29,Wicketkeeper,RHB,-,Uncapped,0.4
703,Kuldeep Sen,RR,2024,0.2,No,Yes,India,27,Bowler,RHB,Right Arm Fast,Uncapped,
704,Dhruv Jurel,RR,2024,0.2,No,Yes,India,22,Wicketkeeper,RHB,-,Uncapped,
705,Abid Mushtaq,RR,2024,0.2,No,No,India,27,All-Rounder,LHB,Left Arm Slow Orthodox,Uncapped,0.2
706,Kunal Singh Rathore,RR,2024,0.2,No,Yes,India,21,Wicketkeeper,LHB,-,Uncapped,
707,Cameron Green,RCB,2024,17.5,No,No,Australia,24,All-Rounder,RHB,Right Arm Fast Medium,Capped,0.0
708,Virat Kohli,RCB,2024,15.0,No,Yes,India,35,Batsman,RHB,-,Capped,
709,Alzarri Joseph,RCB,2024,11.5,No,No,West Indies,27,Bowler,RHB,Right Arm Fast,Capped,1.0
710,Glenn Maxwell,RCB,2024,11.0,No,Yes,Australia,35,All-Rounder,RHB,Right Arm Off Spin,Capped,
711,Mohammed Siraj,RCB,2024,7.0,No,Yes,India,29,Bowler,RHB,Right Arm Fast,Capped,
712,Faf du Plessis,RCB,2024,7.0,No,Yes,South Africa,39,Batsman,RHB,-,Capped,
713,Dinesh Karthik,RCB,2024,5.5,No,Yes,India,38,Wicketkeeper,RHB,-,Capped,
714,Yash Dayal,RCB,2024,5.0,No,No,India,26,Bowler,RHB,Left Arm Fast,Uncapped,0.2
715,Anuj Rawat,RCB,2024,3.4,No,Yes,India,24,Wicketkeeper,LHB,-,Uncapped,
716,Will Jacks,RCB,2024,3.2,No,Yes,England,25,All-Rounder,RHB,Right Arm Off Spin,Capped,
717,Lockie Ferguson,RCB,2024,2.0,No,No,New Zealand,32,Bowler,RHB,Right Arm Fast,Capped,2.0
718,Reece Topley,RCB,2024,1.9,No,Yes,England,29,Bowler,RHB,Left Arm Fast Medium,Capped,
719,Mayank Dagar,RCB,2024,1.8,No,No,India,27,Bowler,RHB,Left Arm Slow Orthodox,Uncapped,0.0
720,Tom Curran,RCB,2024,1.5,No,No,England,29,All-Rounder,RHB,Right Arm Fast Medium,Capped,1.5
721,Mahipal Lomror,RCB,2024,0.95,No,Yes,India,24,All-Rounder,LHB,Left Arm Slow Orthodox,Uncapped,
722,Rajan Kumar,RCB,2024,0.7,No,Yes,India,27,Bowler,LHB,Left Arm Fast Medium,Uncapped,
723,Karn Sharma,RCB,2024,0.5,No,Yes,India,36,Bowler,LHB,Right Arm Leg Spin,Capped,
724,Suyash Prabhudessai,RCB,2024,0.3,No,Yes,India,26,All-Rounder,RHB,Right Arm Medium,Uncapped,
725,Vijaykumar Vyshak,RCB,2024,0.2,No,Yes,India,27,Bowler,RHB,Right Arm Medium,Uncapped,
726,Akash Deep,RCB,2024,0.2,No,Yes,India,27,Bowler,RHB,Right Arm Fast Medium,Uncapped,
727,Manoj Bhandage,RCB,2024,0.2,No,Yes,India,25,All-Rounder,LHB,Right Arm Fast Medium,Uncapped,
728,Rajat Patidar,RCB,2024,0.2,No,Yes,India,30,Batsman,RHB,-,Uncapped,
729,Himanshu Sharma,RCB,2024,0.2,No,Yes,India,25,Bowler,RHB,Right Arm Leg Spin,Uncapped,
730,Swapnil Singh,RCB,2024,0.2,No,No,India,33,All-Rounder,RHB,Left Arm Slow Orthodox,Uncapped,0.2
731,Pat Cummins,SRH,2024,20.5,No,No,Australia,30,All-Rounder,RHB,Right Arm Fast,Capped,2.0
732,Washington Sundar,SRH,2024,8.75,No,Yes,India,24,All-Rounder,LHB,Right Arm Off Spin,Capped,
733,Rahul Tripathi,SRH,2024,8.5,No,Yes,India,32,Batsman,RHB,-,Capped,
734,Mayank Agarwal,SRH,2024,8.25,No,Yes,India,32,Batsman,RHB,-,Capped,
735,Travis Head,SRH,2024,6.8,No,No,Australia,30,Batsman,LHB,Right Arm Off Spin,Capped,2.0
736,Abhishek Sharma,SRH,2024,6.5,No,Yes,India,23,All-Rounder,LHB,Left Arm Slow Orthodox,Capped,
737,Heinrich Klaasen,SRH,2024,5.25,No,Yes,South Africa,32,Wicketkeeper,RHB,-,Capped,
738,Marco Jansen,SRH,2024,4.2,No,Yes,South Africa,23,All-Rounder,RHB,Left Arm Fast,Capped,
739,Bhuvneshwar Kumar,SRH,2024,4.2,No,Yes,India,33,Bowler,RHB,Right Arm Fast Medium,Capped,
740,Abdul Samad,SRH,2024,4.0,No,Yes,India,22,All-Rounder,RHB,Right Arm Leg Spin,Uncapped,
741,Umran Malik,SRH,2024,4.0,No,Yes,India,24,Bowler,RHB,Right Arm Fast,Capped,
742,T Natarajan,SRH,2024,4.0,No,Yes,India,32,Bowler,LHB,Left Arm Fast Medium,Capped,
743,Aiden Markram,SRH,2024,2.6,No,Yes,South Africa,29,All-Rounder,RHB,Right Arm Off Spin,Capped,
744,Shahbaz Ahmed,SRH,2024,2.4,No,No,India,29,All-Rounder,LHB,Left Arm Slow Orthodox,Capped,0.0
745,Jaydev Unadkat,SRH,2024,1.6,No,No,India,32,Bowler,RHB,Left Arm Fast Medium,Capped,0.5
746,Wanindu Hasaranga,SRH,2024,1.5,No,No,Sri Lanka,26,All-Rounder,RHB,Right Arm Leg Spin,Capped,1.5
747,Glenn Phillips,SRH,2024,1.5,No,Yes,New Zealand,27,Wicketkeeper,RHB,Right Arm Off Spin,Capped,
748,Mayank Markande,SRH,2024,0.5,No,Yes,India,26,Bowler,RHB,Right Arm Leg Spin,Capped,
749,Fazalhaq Farooqi,SRH,2024,0.5,No,Yes,Afghanistan,23,Bowler,RHB,Left Arm Fast Medium,Capped,
750,Upendra Yadav,SRH,2024,0.25,No,Yes,India,27,Wicketkeeper,RHB,-,Uncapped,
751,Jhatavedh Subramanyan,SRH,2024,0.2,No,No,India,24,Bowler,RHB,Right Arm Leg Spin,Uncapped,0.2
752,Akash Singh,SRH,2024,0.2,No,No,India,21,Bowler,RHB,Left Arm Fast,Uncapped,0.2
753,Nitish Kumar Reddy,SRH,2024,0.2,No,Yes,India,20,All-Rounder,RHB,Right Arm Fast Medium,Uncapped,
754,Sanvir Singh,SRH,2024,0.2,No,Yes,India,27,All-Rounder,LHB,Right Arm Medium,Uncapped,
755,Anmolpreet Singh,SRH,2024,0.2,No,Yes,India,25,Batsman,RHB,-,Uncapped,
756,Shamar Joseph,LSG,2024,3.0,Yes,No,West Indies,24,Bowler,LHB,Right Arm Fast,Uncapped,0.2
757,Dushmantha Chameera,KKR,2024,0.5,Yes,No,Sri Lanka,31,Bowler,RHB,Right Arm Fast,Capped,0.5
758,Sandeep Warrier,GT,2024,0.5,Yes,No,India,33,Bowler,RHB,Right Arm Fast,Capped,0.5
759,Phil Salt,KKR,2024,1.5,Yes,No,England,27,Wicketkeeper,RHB,Right Arm Medium,Capped,1.5
760,Keshav Maharaj,RR,2024,0.5,Yes,No,South Africa,34,All-Rounder,RHB,Left Arm Slow Orthodox,Capped,0.5
761,Lizaad Williams,DC,2024,0.5,Yes,No,South Africa,30,Bowler,LHB,Right Arm Fast,Capped,0.5
762,Jake Fraser-McGurk,DC,2024,0.5,Yes,No,Australia,21,All-Rounder,RHB,Right Arm Leg Spin,Uncapped,0.2
763,Luke Wood,MI,2024,0.5,Yes,No,England,28,Bowler,LHB,Left Arm Fast,Capped,0.5
764,Kwena Maphaka,MI,2024,0.5,Yes,No,South Africa,17,Bowler,LHB,Left Arm Fast,Uncapped,0.2
765,Tanush Kotian,RR,2024,0.2,Yes,No,India,25,All-Rounder,RHB,Right Arm Off Spin,Uncapped,0.2
766,BR Sharath,GT,2024,0.2,Yes,No,India,27,Wicketkeeper,RHB,-,Uncapped,0.2
767,Allah Ghazanfar,KKR,2024,0.2,Yes,No,Afghanistan,18,Bowler,RHB,Right Arm Off Spin,Uncapped,0.2
768,Matt Henry,LSG,2024,1.25,Yes,No,New Zealand,32,Bowler,RHB,Right Arm Fast,Capped,0.75
769,Vijayakanth Viyaskanth,SRH,2024,0.5,Yes,No,Sri Lanka,22,Bowler,RHB,Right Arm Leg Spin,Uncapped,0.5
770,Harvik Desai,MI,2024,0.2,Yes,No,India,24,Wicketkeeper,RHB,-,Uncapped,0.2
771,Richard Gleeson,CSK,2024,0.5,Yes,No,England,36,Bowler,RHB,Right Arm Fast,Capped,0.5
772,Gulbadin Naib,DC,2024,0.5,Yes,No,Afghanistan,32,All-Rounder,RHB,Right Arm Fast Medium,Capped,0.5
773,Gurnoor Brar,GT,2024,0.2,Yes,No,India,23,Bowler,LHB,Right Arm Fast,Uncapped,0.2
774,Saurav Chuahan,RCB,2024,0.2,No,No,India,23,Batsman,LHB,Right Arm Off Spin,Uncapped,0.2
775,Ravindra Jadeja,CSK,2025,18.0,No,Yes,India,35,All-Rounder,LHB,Left Arm Slow Orthodox,Capped,
776,Ruturaj Gaikwad,CSK,2025,18.0,No,Yes,India,27,Batsman,RHB,-,Capped,
777,Matheesha Pathirana,CSK,2025,13.0,No,Yes,Sri Lanka,21,Bowler,RHB,Right Arm Fast,Capped,
778,Shivam Dube,CSK,2025,12.0,No,Yes,India,31,All-Rounder,LHB,Right Arm Medium,Capped,
779,Noor Ahmad,CSK,2025,10.0,No,No,Afghanistan,20,Bowler,RHB,Left Arm Slow Unorthodox,Capped,2.0
780,Ravichandran Ashwin,CSK,2025,9.75,No,No,India,38,All-Rounder,RHB,Right Arm Off Spin,Capped,2.0
781,Devon Conway,CSK,2025,6.25,No,No,New Zealand,33,Batsman,LHB,-,Capped,2.0
782,Khaleel Ahmed,CSK,2025,4.8,No,No,India,27,Bowler,RHB,Left Arm Fast Medium,Capped,2.0
783,MS Dhoni,CSK,2025,4.0,No,Yes,India,43,Wicketkeeper,RHB,-,Capped,
784,Rachin Ravindra,CSK,2025,4.0,No,No,New Zealand,25,All-Rounder,LHB,Left Arm Slow Orthodox,Capped,1.5
785,Rahul Tripathi,CSK,2025,3.4,No,No,India,34,Batsman,RHB,Right Arm Medium,Capped,0.75
786,Anshul Kamboj,CSK,2025,3.4,No,No,India,24,All-Rounder,RHB,Right Arm Fast Medium,Uncapped,0.3
787,Sam Curran,CSK,2025,2.4,No,No,England,26,All-Rounder,LHB,Left Arm Fast Medium,Capped,2.0
788,Gurjapneet Singh,CSK,2025,2.2,No,No,India,26,Bowler,RHB,Left Arm Fast Medium,Uncapped,0.3
789,Nathan Ellis,CSK,2025,2.0,No,No,Australia,30,Bowler,RHB,Right Arm Fast Medium,Capped,1.25
790,Deepak Hooda,CSK,2025,1.7,No,No,India,29,All-Rounder,RHB,Right Arm Off Spin,Capped,0.75
791,Jamie Overton,CSK,2025,1.5,No,No,England,30,All-Rounder,RHB,Right Arm Fast,Capped,1.5
792,Vijay Shankar,CSK,2025,1.2,No,No,India,34,All-Rounder,RHB,Right Arm Medium,Uncapped,0.3
793,Vansh Bedi,CSK,2025,0.55,No,No,India,22,Wicketkeeper,RHB,-,Uncapped,0.3
794,Mukesh Choudhary,CSK,2025,0.3,No,No,India,28,Bowler,LHB,Left Arm Fast,Uncapped,0.3
795,Shaik Rasheed,CSK,2025,0.3,No,No,India,20,Batsman,RHB,Right Arm Leg Spin,Uncapped,0.3
796,Andre Siddharth,CSK,2025,0.3,No,No,India,18,Batsman,RHB,-,Uncapped,0.5
797,Ramakrishna Ghosh,CSK,2025,0.3,No,No,India,27,All-Rounder,RHB,Right Arm Fast,Uncapped,0.3
798,Kamlesh Nagarkoti,CSK,2025,0.3,No,No,India,25,All-Rounder,RHB,Right Arm Fast,Uncapped,0.3
799,Shreyas Gopal,CSK,2025,0.3,No,No,India,31,Bowler,RHB,Right Arm Leg Spin,Uncapped,0.3
800,Axar Patel,DC,2025,16.5,No,Yes,India,30,All-Rounder,LHB,Left Arm Slow Orthodox,Capped,
801,KL Rahul,DC,2025,14.0,No,No,India,32,Wicketkeeper,RHB,-,Capped,2.0
802,Kuldeep Yadav,DC,2025,13.25,No,Yes,India,29,Bowler,LHB,Left Arm Slow Unorthodox,Capped,
803,Mitchell Starc,DC,2025,11.75,No,No,Australia,35,Bowler,LHB,Left Arm Fast,Capped,2.0
804,T Natarajan,DC,2025,10.75,No,No,India,33,Bowler,LHB,Left Arm Fast Medium,Capped,2.0
805,Tristan Stubbs,DC,2025,10.0,No,Yes,South Africa,24,Wicketkeeper,RHB,Right Arm Off Spin,Capped,
806,Jake Fraser-McGurk,DC,2025,9.0,No,No,Australia,22,Batsman,RHB,-,Capped,2.0
807,Mukesh Kumar,DC,2025,8.0,No,No,India,31,Bowler,RHB,Right Arm Fast Medium,Capped,2.0
808,Harry Brook,DC,2025,6.25,No,No,England,26,Batsman,RHB,Right Arm Medium,Capped,2.0
809,Abishek Porel,DC,2025,4.0,No,Yes,India,22,Wicketkeeper,LHB,-,Uncapped,
810,Ashutosh Sharma,DC,2025,3.8,No,No,India,26,All-Rounder,RHB,Right Arm Medium,Uncapped,0.3
811,Mohit Sharma,DC,2025,2.2,No,No,India,36,Bowler,RHB,Right Arm Fast,Uncapped,0.5
812,Faf du Plessis,DC,2025,2.0,No,No,South Africa,40,Batsman,RHB,-,Capped,2.0
813,Sameer Rizvi,DC,2025,0.95,No,No,India,21,All-Rounder,RHB,Right Arm Leg Spin,Uncapped,0.3
814,Dushmantha Chameera,DC,2025,0.75,No,No,Sri Lanka,33,Bowler,RHB,Right Arm Fast,Capped,0.75
815,Donovan Ferreira,DC,2025,0.75,No,No,South Africa,26,Wicketkeeper,RHB,Right Arm Off Spin,Capped,0.75
816,Vipraj Nigam,DC,2025,0.5,No,No,India,20,All-Rounder,RHB,Right Arm Leg Spin,Uncapped,0.3
817,Karun Nair,DC,2025,0.5,No,No,India,33,Batsman,RHB,Right Arm Off Spin,Uncapped,0.3
818,Madhav Tiwari,DC,2025,0.4,No,No,India,21,All-Rounder,RHB,Right Arm Fast Medium,Uncapped,0.3
819,Ajay Mandal,DC,2025,0.3,No,No,India,29,All-Rounder,LHB,Left Arm Slow Unorthodox,Uncapped,0.3
820,Tripurana Vijay,DC,2025,0.3,No,No,India,23,All-Rounder,RHB,Right Arm Off Spin,Uncapped,0.3
821,Manvanth Kumar L,DC,2025,0.3,No,No,India,21,All-Rounder,LHB,Right Arm Fast Medium,Uncapped,0.3
822,Darshan Nalkande,DC,2025,0.3,No,No,India,26,All-Rounder,RHB,Right Arm Fast Medium,Uncapped,0.3
823,Jasprit Bumrah,MI,2025,18.0,No,Yes,India,30,Bowler,RHB,Right Arm Fast,Capped,
824,Hardik Pandya,MI,2025,16.35,No,Yes,India,31,All-Rounder,RHB,Right Arm Fast Medium,Capped,
825,Suryakumar Yadav,MI,2025,16.35,No,Yes,India,34,Batsman,RHB,-,Capped,
826,Rohit Sharma,MI,2025,16.3,No,Yes,India,37,Batsman,RHB,-,Capped,
827,Trent Boult,MI,2025,12.5,No,No,New Zealand,35,Bowler,RHB,Left Arm Fast Medium,Capped,2.0
828,Deepak Chahar,MI,2025,9.25,No,No,India,32,Bowler,RHB,Right Arm Fast Medium,Capped,2.0
829,Tilak Varma,MI,2025,8.0,No,Yes,India,22,All-Rounder,LHB,Right Arm Off Spin,Capped,
830,Naman Dhir,MI,2025,5.25,No,No,India,25,All-Rounder,RHB,Right Arm Off Spin,Uncapped,0.3
831,Will Jacks,MI,2025,5.25,No,No,England,26,All-Rounder,RHB,Right Arm Off Spin,Capped,2.0
832,Allah Ghazanfar,MI,2025,4.8,No,No,Afghanistan,19,Bowler,RHB,Right Arm Off Spin,Capped,0.75
833,Mitchell Santner,MI,2025,2.0,No,No,New Zealand,33,All-Rounder,LHB,Left Arm Slow Orthodox,Capped,2.0
834,Ryan Rickelton,MI,2025,1.0,No,No,South Africa,28,Wicketkeeper,LHB,-,Capped,1.0
835,Lizaad Williams,MI,2025,0.75,No,No,South Africa,31,Bowler,LHB,Right Arm Fast,Capped,0.75
836,Reece Topley,MI,2025,0.75,No,No,England,31,Bowler,RHB,Left Arm Fast,Capped,0.75
837,Robin Minz,MI,2025,0.65,No,No,India,22,Wicketkeeper,LHB,Right Arm Off Spin,Uncapped,0.3
838,Karn Sharma,MI,2025,0.5,No,No,India,37,Bowler,LHB,Right Arm Leg Spin,Uncapped,0.5
839,Krishnan Shrijith,MI,2025,0.3,No,No,India,28,Wicketkeeper,LHB,-,Uncapped,0.3
840,Raj Bawa,MI,2025,0.3,No,No,India,22,All-Rounder,LHB,Right Arm Fast Medium,Uncapped,0.3
841,Ashwani Kumar,MI,2025,0.3,No,No,India,23,Bowler,LHB,Left Arm Fast,Uncapped,0.3
842,Vignesh Puthur,MI,2025,0.3,No,No,India,24,All-Rounder,RHB,Left Arm Slow Unorthodox,Uncapped,0.3
843,Satyanarayana Raju,MI,2025,0.3,No,No,India,25,Bowler,RHB,Right Arm Fast Medium,Uncapped,0.3
844,Bevon Jacobs,MI,2025,0.3,No,No,New Zealand,22,Batsman,RHB,Right Arm Fast Medium,Uncapped,0.3
845,Arjun Tendulkar,MI,2025,0.3,No,No,India,25,Bowler,LHB,Left Arm Fast Medium,Uncapped,0.3
846,Rishabh Pant,LSG,2025,27.0,No,No,India,27,Batsman,LHB,Right Arm Off Spin,Capped,2.0
847,Nicholas Pooran,LSG,2025,21.0,No,Yes,West Indies,29,Wicketkeeper,LHB,-,Capped,
848,Ravi Bishnoi,LSG,2025,11.0,No,Yes,India,24,Bowler,RHB,Right Arm Leg Spin,Capped,
849,Mayank Yadav,LSG,2025,11.0,No,Yes,India,22,Bowler,RHB,Right Arm Fast Medium,Uncapped,
850,Avesh Khan,LSG,2025,9.75,No,No,India,28,Bowler,RHB,Right Arm Fast,Capped,2.0
851,Akash Deep,LSG,2025,8.0,No,No,India,28,Bowler,RHB,Right Arm Fast,Capped,1.0
852,David Miller,LSG,2025,7.5,No,No,South Africa,35,Batsman,LHB,-,Capped,1.5
853,Abdul Samad,LSG,2025,4.2,No,No,India,23,All-Rounder,RHB,Right Arm Leg Spin,Uncapped,0.3
854,Mohsin Khan,LSG,2025,4.0,No,Yes,India,26,Bowler,LHB,Left Arm Fast Medium,Uncapped,
855,Ayush Badoni,LSG,2025,4.0,No,Yes,India,24,All-Rounder,RHB,Right Arm Off Spin,Uncapped,
856,Mitchell Marsh,LSG,2025,3.4,No,No,Australia,33,All-Rounder,RHB,Right Arm Fast,Capped,2.0
857,Shahbaz Ahmed,LSG,2025,2.4,No,No,India,29,All-Rounder,LHB,Left Arm Slow Orthodox,Capped,1.0
858,Aiden Markram,LSG,2025,2.0,No,No,South Africa,30,Batsman,RHB,Right Arm Off Spin,Capped,2.0
859,Shamar Joseph,LSG,2025,0.75,No,No,West Indies,25,Bowler,LHB,Right Arm Fast,Capped,0.75
860,Matthew Breetzke,LSG,2025,0.75,No,No,South Africa,26,Batsman,RHB,-,Capped,0.75
861,Manimaran Siddharth,LSG,2025,0.75,No,No,India,26,Bowler,RHB,Left Arm Slow Orthodox,Uncapped,0.3
862,Rajvardhan Hangargekar,LSG,2025,0.3,No,No,India,22,All-Rounder,RHB,Right Arm Fast Medium,Uncapped,0.3
863,Akash Singh,LSG,2025,0.3,No,No,India,22,Bowler,RHB,Left Arm Fast,Uncapped,0.3
864,Yuvraj Chaudhary,LSG,2025,0.3,No,No,India,23,All-Rounder,LHB,Left Arm Slow Orthodox,Uncapped,0.3
865,Prince Yadav,LSG,2025,0.3,No,No,India,23,Bowler,RHB,Right Arm Fast,Uncapped,0.3
866,Arshin Kulkarni,LSG,2025,0.3,No,No,India,20,All-Rounder,RHB,Right Arm Fast Medium,Uncapped,0.3
867,Digvesh Singh,LSG,2025,0.3,No,No,India,25,Bowler,RHB,Right Arm Leg Spin,Uncapped,0.3
868,Aryan Juyal,LSG,2025,0.3,No,No,India,23,Wicketkeeper,RHB,Right Arm Off Spin,Uncapped,0.3
869,Himmat Singh,LSG,2025,0.3,No,No,India,28,Batsman,RHB,Right Arm Off Spin,Uncapped,0.3
870,Rashid Khan,GT,2025,18.0,No,Yes,Afghanistan,26,Bowler,RHB,Right Arm Leg Spin,Capped,
871,Shubman Gill,GT,2025,16.5,No,Yes,India,25,Batsman,RHB,-,Capped,
872,Jos Buttler,GT,2025,15.75,No,No,England,34,Wicketkeeper,RHB,Right Arm Off Spin,Capped,2.0
873,Mohammed Siraj,GT,2025,12.25,No,No,India,31,Bowler,RHB,Right Arm Fast,Capped,2.0
874,Kagiso Rabada,GT,2025,10.75,No,No,South Africa,29,Bowler,RHB,Right Arm Fast,Capped,2.0
875,Prasidh Krishna,GT,2025,9.5,No,No,India,29,Bowler,RHB,Right Arm Fast,Capped,2.0
876,Sai Sudharsan,GT,2025,8.5,No,Yes,India,23,Batsman,LHB,Right Arm Leg Spin,Capped,
877,Rahul Tewatia,GT,2025,4.0,No,Yes,India,31,All-Rounder,LHB,Right Arm Leg Spin,Capped,
878,Shahrukh Khan,GT,2025,4.0,No,Yes,India,29,All-Rounder,RHB,Right Arm Off Spin,Uncapped,
879,Washington Sundar,GT,2025,3.2,No,No,India,25,All-Rounder,LHB,Right Arm Off Spin,Capped,2.0
880,Sherfane Rutherford,GT,2025,2.6,No,No,West Indies,26,Batsman,LHB,Right Arm Fast Medium,Capped,1.5
881,Gerald Coetzee,GT,2025,2.4,No,No,South Africa,24,Bowler,RHB,Right Arm Fast,Capped,1.25
882,Sai Kishore,GT,2025,2.0,No,No,India,28,All-Rounder,LHB,Left Arm Slow Unorthodox,Capped,0.75
883,Glenn Phillips,GT,2025,2.0,No,No,New Zealand,28,Batsman,RHB,Right Arm Off Spin,Capped,2.0
884,Mahipal Lomror,GT,2025,1.7,No,No,India,25,All-Rounder,LHB,Left Arm Slow Orthodox,Uncapped,0.5
885,Arshad Khan,GT,2025,1.3,No,No,India,27,All-Rounder,LHB,Left Arm Fast Medium,Uncapped,0.3
886,Gurnoor Brar,GT,2025,1.3,No,No,India,24,Bowler,LHB,Right Arm Fast,Uncapped,0.3
887,Karim Janat,GT,2025,0.75,No,No,Afghanistan,26,All-Rounder,RHB,Right Arm Fast Medium,Capped,0.75
888,Ishant Sharma,GT,2025,0.75,No,No,India,36,Bowler,RHB,Right Arm Fast,Capped,0.75
889,Jayant Yadav,GT,2025,0.75,No,No,India,35,All-Rounder,RHB,Right Arm Off Spin,Capped,0.75
890,Kumar Kushagra,GT,2025,0.65,No,No,India,20,Wicketkeeper,RHB,-,Uncapped,0.3
891,Nishant Sindhu,GT,2025,0.3,No,No,India,20,All-Rounder,LHB,Left Arm Slow Orthodox,Uncapped,0.3
892,Manav Suthar,GT,2025,0.3,No,No,India,22,Bowler,LHB,Left Arm Slow Orthodox,Uncapped,0.3
893,Anuj Rawat,GT,2025,0.3,No,No,India,25,Wicketkeeper,LHB,Right Arm Leg Spin,Uncapped,0.3
894,Kulwant Khejroliya,GT,2025,0.3,No,No,India,33,Bowler,LHB,Left Arm Fast Medium,Uncapped,0.3
895,Venkatesh Iyer,KKR,2025,23.75,No,No,India,30,All-Rounder,LHB,Right Arm Medium,Capped,2.0
896,Rinku Singh,KKR,2025,13.0,No,Yes,India,27,Batsman,LHB,-,Capped,
897,Varun Chakaravarthy,KKR,2025,12.0,No,Yes,India,33,Bowler,RHB,Right Arm Leg Spin,Capped,
898,Sunil Narine,KKR,2025,12.0,No,Yes,West Indies,36,All-Rounder,LHB,Right Arm Off Spin,Capped,
899,Andre Russell,KKR,2025,12.0,No,Yes,West Indies,36,All-Rounder,RHB,Right Arm Fast,Capped,
900,Anrich Nortje,KKR,2025,6.5,No,No,South Africa,31,Bowler,RHB,Right Arm Fast,Capped,2.0
901,Ramandeep Singh,KKR,2025,4.0,No,Yes,India,27,All-Rounder,RHB,Right Arm Medium,Uncapped,
902,Harshit Rana,KKR,2025,4.0,No,Yes,India,22,All-Rounder,RHB,Right Arm Fast Medium,Capped,
903,Quinton de Kock,KKR,2025,3.6,No,No,South Africa,32,Wicketkeeper,LHB,-,Capped,2.0
904,Angkrish Raghuvanshi,KKR,2025,3.0,No,No,India,20,Batsman,RHB,Right Arm Off Spin,Uncapped,0.3
905,Spencer Johnson,KKR,2025,2.8,No,No,Australia,29,Bowler,LHB,Left Arm Fast,Capped,2.0
906,Moeen Ali,KKR,2025,2.0,No,No,England,37,All-Rounder,LHB,Right Arm Off Spin,Capped,2.0
907,Rahmanullah Gurbaz,KKR,2025,2.0,No,No,Afghanistan,23,Wicketkeeper,RHB,-,Capped,2.0
908,Vaibhav Arora,KKR,2025,1.8,No,No,India,27,Bowler,RHB,Right Arm Fast Medium,Uncapped,0.3
909,Rovman Powell,KKR,2025,1.5,No,No,West Indies,31,Batsman,RHB,Right Arm Fast Medium,Capped,1.5
910,Ajinkya Rahane,KKR,2025,1.5,No,No,India,36,Batsman,RHB,-,Capped,1.5
911,Manish Pandey,KKR,2025,0.75,No,No,India,35,Batsman,RHB,-,Capped,0.75
912,Umran Malik,KKR,2025,0.75,No,No,India,25,Bowler,RHB,Right Arm Fast,Capped,0.75
913,Anukul Roy,KKR,2025,0.4,No,No,India,26,All-Rounder,LHB,Left Arm Slow Orthodox,Uncapped,0.3
914,Luvnith Sisodia,KKR,2025,0.3,No,No,India,25,Wicketkeeper,LHB,-,Uncapped,0.3
915,Mayank Markande,KKR,2025,0.3,No,No,India,27,Bowler,RHB,Right Arm Leg Spin,Uncapped,0.3
916,Shreyas Iyer,PBKS,2025,26.75,No,No,India,30,Batsman,RHB,Right Arm Off Spin,Capped,2.0
917,Yuzvendra Chahal,PBKS,2025,18.0,No,No,India,34,Bowler,RHB,Right Arm Leg Spin,Capped,2.0
918,Arshdeep Singh,PBKS,2025,18.0,No,No,India,26,Bowler,LHB,Left Arm Fast Medium,Capped,2.0
919,Marcus Stoinis,PBKS,2025,11.0,No,No,Australia,35,All-Rounder,RHB,Right Arm Fast,Capped,2.0
920,Marco Jansen,PBKS,2025,7.0,No,No,South Africa,24,All-Rounder,RHB,Left Arm Fast,Capped,1.25
921,Shashank Singh,PBKS,2025,5.5,No,Yes,India,33,All-Rounder,LHB,Right Arm Off Spin,Capped,
922,Nehal Wadhera,PBKS,2025,4.2,No,No,India,24,Batsman,LHB,Right Arm Leg Spin,Uncapped,0.3
923,Glenn Maxwell,PBKS,2025,4.2,No,No,Australia,36,All-Rounder,RHB,Right Arm Off Spin,Capped,2.0
924,Prabhsimran Singh,PBKS,2025,4.0,No,Yes,India,24,Wicketkeeper,RHB,-,Uncapped,
925,Priyansh Arya,PBKS,2025,3.8,No,No,India,23,All-Rounder,LHB,Right Arm Off Spin,Uncapped,0.3
926,Josh Inglis,PBKS,2025,2.6,No,No,Australia,30,Wicketkeeper,RHB,-,Capped,2.0
927,Azmatullah Omarzai,PBKS,2025,2.4,No,No,Afghanistan,25,All-Rounder,RHB,Right Arm Fast Medium,Capped,1.5
928,Lockie Ferguson,PBKS,2025,2.0,No,No,New Zealand,33,Bowler,RHB,Right Arm Fast,Capped,2.0
929,Vijaykumar Vyshak,PBKS,2025,1.8,No,No,India,28,Bowler,RHB,Right Arm Fast Medium,Uncapped,0.3
930,Yash Thakur,PBKS,2025,1.6,No,No,India,26,Bowler,RHB,Right Arm Fast Medium,Uncapped,0.3
931,Harpreet Brar,PBKS,2025,1.5,No,No,India,29,All-Rounder,LHB,Left Arm Slow Orthodox,Uncapped,0.3
932,Aaron Hardie,PBKS,2025,1.25,No,No,Australia,26,All-Rounder,RHB,Right Arm Medium,Capped,1.25
933,Vishnu Vinod,PBKS,2025,0.95,No,No,India,31,Wicketkeeper,RHB,-,Uncapped,0.3
934,Xavier Bartlett,PBKS,2025,0.8,No,No,Australia,26,Bowler,RHB,Right Arm Fast Medium,Capped,0.75
935,Kuldeep Sen,PBKS,2025,0.8,No,No,India,28,Bowler,RHB,Right Arm Fast,Capped,0.75
936,Harnoor Singh,PBKS,2025,0.3,No,No,India,22,Batsman,LHB,Right Arm Leg Spin,Uncapped,0.3
937,Suryansh Shedge,PBKS,2025,0.3,No,No,India,22,All-Rounder,RHB,Right Arm Fast Medium,Uncapped,0.3
938,Pyla Avinash,PBKS,2025,0.3,No,No,India,24,Batsman,RHB,Right Arm Fast Medium,Uncapped,0.3
939,Musheer Khan,PBKS,2025,0.3,No,No,India,20,All-Rounder,RHB,Left Arm Slow Orthodox,Uncapped,0.3
940,Pravin Dubey,PBKS,2025,0.3,No,No,India,31,All-Rounder,RHB,Right Arm Leg Spin,Uncapped,0.3
941,Sanju Samson,RR,2025,18.0,No,Yes,India,30,Wicketkeeper,RHB,-,Capped,
942,Yashasvi Jaiswal,RR,2025,18.0,No,Yes,India,22,Batsman,LHB,-,Capped,
943,Riyan Parag,RR,2025,14.0,No,Yes,India,23,All-Rounder,RHB,Right Arm Leg Spin,Capped,
944,Dhruv Jurel,RR,2025,14.0,No,Yes,India,23,Wicketkeeper,RHB,-,Capped,
945,Jofra Archer,RR,2025,12.5,No,No,England,30,Bowler,RHB,Right Arm Fast,Capped,2.0
946,Shimron Hetmyer,RR,2025,11.0,No,Yes,West Indies,27,Batsman,LHB,-,Capped,
947,Tushar Deshpande,RR,2025,6.5,No,No,India,29,Bowler,LHB,Right Arm Fast,Capped,1.0
948,Wanindu Hasaranga,RR,2025,5.25,No,No,Sri Lanka,27,Bowler,RHB,Right Arm Leg Spin,Capped,2.0
949,Maheesh Theekshana,RR,2025,4.4,No,No,Sri Lanka,24,Bowler,RHB,Right Arm Off Spin,Capped,2.0
950,Nitish Rana,RR,2025,4.2,No,No,India,31,All-Rounder,LHB,Right Arm Off Spin,Capped,1.5
951,Sandeep Sharma,RR,2025,4.0,No,Yes,India,31,Bowler,RHB,Right Arm Medium,Capped,
952,Fazalhaq Farooqi,RR,2025,2.0,No,No,Afghanistan,24,Bowler,RHB,Left Arm Fast Medium,Capped,2.0
953,Kwena Maphaka,RR,2025,1.5,No,No,South Africa,18,Bowler,LHB,Left Arm Fast,Capped,0.75
954,Akash Madhwal,RR,2025,1.2,No,No,India,31,Bowler,RHB,Right Arm Fast,Uncapped,0.3
955,Vaibhav Suryavanshi,RR,2025,1.1,No,No,India,14,Batsman,LHB,Left Arm Slow Orthodox,Uncapped,0.3
956,Shubham Dubey,RR,2025,0.8,No,No,India,30,Batsman,LHB,Right Arm Off Spin,Uncapped,0.3
957,Yudhvir Singh,RR,2025,0.35,No,No,India,27,All-Rounder,RHB,Right Arm Fast Medium,Uncapped,0.3
958,Ashok Sharma,RR,2025,0.3,No,No,India,22,Bowler,RHB,Right Arm Fast,Uncapped,0.3
959,Kumar Kartikeya,RR,2025,0.3,No,No,India,27,Bowler,RHB,Left Arm Slow Orthodox,Uncapped,0.3
960,Kunal Singh Rathore,RR,2025,0.3,No,No,India,22,Wicketkeeper,LHB,Right Arm Off Spin,Uncapped,0.3
961,Virat Kohli,RCB,2025,21.0,No,Yes,India,36,Batsman,RHB,-,Capped,
962,Josh Hazlewood,RCB,2025,12.5,No,No,Australia,34,Bowler,LHB,Right Arm Fast Medium,Capped,2.0
963,Phil Salt,RCB,2025,11.5,No,No,England,28,Wicketkeeper,RHB,-,Capped,2.0
964,Jitesh Sharma,RCB,2025,11.0,No,No,India,31,Wicketkeeper,RHB,-,Capped,1.0
965,Rajat Patidar,RCB,2025,11.0,No,Yes,India,31,Batsman,RHB,-,Capped,
966,Bhuvneshwar Kumar,RCB,2025,10.75,No,No,India,35,Bowler,RHB,Right Arm Fast Medium,Capped,2.0
967,Liam Livingstone,RCB,2025,8.75,No,No,England,31,All-Rounder,RHB,Right Arm Leg Spin,Capped,2.0
968,Rasikh Dar,RCB,2025,6.0,No,No,India,25,Bowler,RHB,Right Arm Fast Medium,Uncapped,0.3
969,Krunal Pandya,RCB,2025,5.75,No,No,India,34,All-Rounder,LHB,Left Arm Slow Orthodox,Capped,2.0
970,Yash Dayal,RCB,2025,5.0,No,Yes,India,26,Bowler,LHB,Left Arm Fast Medium,Uncapped,
971,Tim David,RCB,2025,3.0,No,No,Australia,29,All-Rounder,RHB,Right Arm Off Spin,Capped,2.0
972,Suyash Sharma,RCB,2025,2.6,No,No,India,21,Bowler,RHB,Right Arm Leg Spin,Uncapped,0.3
973,Jacob Bethell,RCB,2025,2.6,No,No,England,21,All-Rounder,LHB,Left Arm Slow Orthodox,Capped,1.25
974,Devdutt Padikkal,RCB,2025,2.0,No,No,India,24,Batsman,LHB,-,Capped,2.0
975,Nuwan Thushara,RCB,2025,1.6,No,No,Sri Lanka,30,Bowler,RHB,Right Arm Fast,Capped,0.75
976,Romario Shepherd,RCB,2025,1.5,No,No,West Indies,30,All-Rounder,RHB,Right Arm Fast,Capped,1.5
977,Lungi Ngidi,RCB,2025,1.0,No,No,South Africa,29,Bowler,RHB,Right Arm Fast Medium,Capped,1.0
978,Swapnil Singh,RCB,2025,0.5,No,No,India,34,All-Rounder,RHB,Left Arm Slow Orthodox,Uncapped,0.3
979,Manoj Bhandage,RCB,2025,0.3,No,No,India,26,All-Rounder,LHB,Right Arm Fast Medium,Uncapped,0.3
980,Abhinandan Singh,RCB,2025,0.3,No,No,India,28,Bowler,RHB,Right Arm Fast Medium,Uncapped,0.3
981,Mohit Rathee,RCB,2025,0.3,No,No,India,26,Bowler,RHB,Right Arm Leg Spin,Uncapped,0.3
982,Swastik Chikara,RCB,2025,0.3,No,No,India,20,Batsman,RHB,Right Arm Off Spin,Uncapped,0.3
983,Heinrich Klaasen,SRH,2025,23.0,No,Yes,South Africa,33,Wicketkeeper,RHB,-,Capped,
984,Pat Cummins,SRH,2025,18.0,No,Yes,Australia,31,All-Rounder,RHB,Right Arm Fast,Capped,
985,Travis Head,SRH,2025,14.0,No,Yes,Australia,30,Batsman,LHB,Right Arm Off Spin,Capped,
986,Abhishek Sharma,SRH,2025,14.0,No,Yes,India,24,All-Rounder,LHB,Left Arm Slow Orthodox,Capped,
987,Ishan Kishan,SRH,2025,11.25,No,No,India,26,Wicketkeeper,LHB,-,Capped,2.0
988,Mohammed Shami,SRH,2025,10.0,No,No,India,34,Bowler,RHB,Right Arm Fast,Capped,2.0
989,Harshal Patel,SRH,2025,8.0,No,No,India,34,All-Rounder,RHB,Right Arm Fast Medium,Capped,2.0
990,Nitish Kumar Reddy,SRH,2025,6.0,No,Yes,India,21,All-Rounder,RHB,Right Arm Fast Medium,Uncapped,
991,Abhinav Manohar,SRH,2025,3.2,No,No,India,30,Batsman,RHB,Right Arm Leg Spin,Uncapped,0.3
992,Rahul Chahar,SRH,2025,3.2,No,No,India,25,Bowler,RHB,Right Arm Leg Spin,Capped,1.0
993,Adam Zampa,SRH,2025,2.4,No,No,Australia,32,Bowler,RHB,Right Arm Leg Spin,Capped,2.0
994,Simarjeet Singh,SRH,2025,1.5,No,No,India,27,Bowler,RHB,Right Arm Fast,Uncapped,0.3
995,Eshan Malinga,SRH,2025,1.2,No,No,Sri Lanka,24,Bowler,LHB,Right Arm Fast,Uncapped,0.3
996,Brydon Carse,SRH,2025,1.0,No,No,England,29,All-Rounder,RHB,Right Arm Fast,Capped,1.0
997,Jaydev Unadkat,SRH,2025,1.0,No,No,India,33,Bowler,RHB,Left Arm Fast Medium,Capped,1.0
998,Kamindu Mendis,SRH,2025,0.75,No,No,Sri Lanka,26,All-Rounder,LHB,Left Arm Slow Orthodox,Capped,0.75
999,Zeeshan Ansari,SRH,2025,0.4,No,No,India,25,Bowler,RHB,Right Arm Leg Spin,Uncapped,0.3
1000,Aniket Verma,SRH,2025,0.3,No,No,India,23,Batsman,RHB,-,Uncapped,0.3
1001,Atharva Taide,SRH,2025,0.3,No,No,India,24,Batsman,LHB,Left Arm Slow Orthodox,Uncapped,0.3
1002,Sachin Baby,SRH,2025,0.3,No,No,India,36,Batsman,LHB,Right Arm Off Spin,Uncapped,0.3
1003,Mujeeb Ur Rahman,MI,2025,2.0,Yes,No,Afghanistan,24,Bowler,RHB,Right Arm Off Spin,Capped,2.0
1004,Wiaan Mulder,SRH,2025,0.75,Yes,No,South Africa,27,All-Rounder,RHB,Right Arm Medium,Capped,0.75
1005,Corbin Bosch,MI,2025,0.75,Yes,No,South Africa,30,All-Rounder,RHB,Right Arm Fast,Uncapped,0.3
1006,Sediqullah Atal,DC,2025,1.25,Yes,No,Afghanistan,23,Batsman,LHB,-,Capped,0.75
1007,Chetan Sakariya,KKR,2025,0.75,Yes,No,India,27,Bowler,LHB,Left Arm Medium,Capped,0.75
1008,Shardul Thakur,LSG,2025,2.0,Yes,No,India,33,All-Rounder,RHB,Right Arm Fast Medium,Capped,2.0
1009,Ayush Mhatre,CSK,2025,0.75,Yes,No,India,17,Batsman,RHB,Right Arm Off Spin,Uncapped,0.3
1010,Dasun Shanaka,GT,2025,0.75,Yes,No,Sri Lanka,33,All-Rounder,RHB,Right Arm Fast,Capped,0.75
1011,Kyle Jamieson,PBKS,2025,2.0,Yes,No,New Zealand,30,Bowler,RHB,Right Arm Fast,Capped,1.5
1012,Smaran Ravichandran,SRH,2025,0.3,Yes,No,India,21,Batsman,LHB,Right Arm Off Spin,Uncapped,0.3
1013,Dewald Brevis,CSK,2025,2.2,Yes,No,South Africa,21,Batsman,RHB,Right Arm Leg Spin,Capped,0.75
1014,Raghu Sharma,MI,2025,0.3,Yes,No,India,31,Bowler,RHB,Right Arm Leg Spin,Uncapped,0.3
1015,Mitchell Owen,PBKS,2025,3.0,Yes,No,Australia,23,All-Rounder,RHB,Right Arm Fast Medium,Uncapped,0.0
1016,Urvil Patel,CSK,2025,0.3,Yes,No,India,26,Wicketkeeper,RHB,-,Uncapped,0.3
1017,Harsh Dubey,SRH,2025,0.3,Yes,No,India,22,All-Rounder,LHB,Left Arm Slow Orthodox,Uncapped,0.3
1018,Mayank Agarwal,RCB,2025,1.0,Yes,No,India,34,Batsman,RHB,Right Arm Off Spin,Capped,1.0
1019,Lhuan-dre Pretorius,RR,2025,0.3,Yes,No,South Africa,18,Wicketkeeper,LHB,-,Uncapped,0.75
1020,Nandre Burger,RR,2025,3.5,Yes,No,South Africa,29,Bowler,LHB,Left Arm Fast,Capped,1.25
1021,Mustafizur Rahman,DC,2025,6.0,Yes,No,Bangladesh,29,Bowler,LHB,Left Arm Fast,Capped,2.0
1022,Kusal Mendis,GT,2025,0.75,Yes,No,Sri Lanka,30,Wicketkeeper,RHB,Right Arm Leg Spin,Capped,0.75
1023,Will O'Rourke,LSG,2025,3.0,Yes,No,New Zealand,23,Bowler,RHB,Right Arm Fast,Capped,1.5
1024,Shivam Shukla,KKR,2025,0.3,Yes,No,India,29,Bowler,RHB,Right Arm Leg Spin,Uncapped,0.3
1025,Blessing Muzarabani,RCB,2025,0.75,Yes,No,Zimbabwe,28,Bowler,RHB,Right Arm Fast,Capped,0.75
1026,Jonny Bairstow,MI,2025,5.25,Yes,No,England,35,Wicketkeeper,RHB,Right Arm Medium,Capped,2.0
1027,Richard Gleeson,MI,2025,1.0,Yes,No,England,37,Bowler,RHB,Right Arm Fast,Capped,0.75
1028,Charith Asalanka,MI,2025,0.75,Yes,No,Sri Lanka,27,All-Rounder,LHB,Right Arm Off Spin,Capped,0.75
1029,Tim Seifert,RCB,2025,2.0,Yes,No,New Zealand,30,Wicketkeeper,RHB,-,Capped,1.25
